股票代码,股票简称,sw_l1,首次预约,circulating_cap_yi,market_cap_yi,price,chg_20d_pct,latest_date,ago_date,err,预告方向,预告业绩变动详情,预告公告日期,已发预告
002913,奥士康,电子,2026-08-28,172.6,179.4,56.52,38.43,2026-08-26,2026-07-29,,预减,"预计2026年1-6月归属于上市公司股东的净利润盈利:7,800万元至10,000万元,同比上年下降:48.94%至60.17%。",2026-07-14,True
603660,苏州科达,计算机,2026-08-29,59.9,59.9,10.48,30.51,2026-08-26,2026-07-29,,增亏,"预计2026年1-6月归属于上市公司股东的净利润亏损:27,000万元至33,000万元。",2026-07-10,True
002388,新亚制程,电子,2026-08-27,32.5,32.5,6.42,29.96,2026-08-26,2026-07-29,,首亏,"预计2026年1-6月归属于上市公司股东的净利润亏损:600万元至1,200万元。",2026-07-15,True
605218,伟时电子,电子,2026-08-28,32.7,37.3,15.35,20.2,2026-08-26,2026-07-29,,首亏,"预计2026年1-6月归属于上市公司股东的净利润亏损:4,800万元至5,568万元。",2026-07-15,True
603328,依顿电子,电子,2026-08-29,107.3,107.3,10.75,18.13,2026-08-26,2026-07-29,,预减,"预计2026年1-6月归属于上市公司股东的净利润盈利:9,250万元至11,850万元,同比上年下降:54.54%至64.51%,同比上年降低14,215.45万元至16,815.45万元。",2026-07-15,True
003004,声迅股份,计算机,2026-08-28,47.3,56.3,68.81,17.42,2026-08-26,2026-07-29,,增亏,"预计2026年1-6月归属于上市公司股东的净利润亏损:1,200万元至1,560万元。",2026-07-15,True
002161,远 望 谷,电子,2026-08-29,45.7,45.7,6.18,15.3,2026-08-26,2026-07-29,,首亏,"预计2026年1-6月归属于上市公司股东的净利润亏损:7,500万元至11,000万元。",2026-07-15,True
603990,麦迪科技,计算机,2026-08-27,68.3,68.3,22.38,15.26,2026-08-26,2026-07-29,,预减,"预计2026年1-6月归属于上市公司股东的净利润盈利:650万元至850万元,同比上年下降:69.99%至77.05%,同比上年降低1,982.75万元至2,182.75万元。",2026-07-15,True
001373,翔腾新材,电子,2026-08-27,12.0,19.6,28.55,14.11,2026-08-26,2026-07-29,,增亏,"预计2026年1-6月归属于上市公司股东的净利润亏损:1,900万元至2,600万元。",2026-07-15,True
603175,超颖电子,电子,2026-08-31,39.9,383.8,87.82,13.21,2026-08-26,2026-07-29,,首亏,"预计2026年1-6月归属于上市公司股东的净利润亏损:17,500万元至21,000万元。",2026-07-15,True
002104,恒宝股份,通信,2026-08-29,67.6,79.9,11.28,11.9,2026-08-26,2026-07-29,,首亏,"预计2026年1-6月归属于上市公司股东的净利润亏损:3,600万元至5,000万元。",2026-07-15,True
003005,竞业达,计算机,2026-08-29,17.2,31.4,13.58,10.95,2026-08-26,2026-07-29,,增亏,"预计2026年1-6月归属于上市公司股东的净利润亏损:6,500万元至8,400万元。",2026-07-15,True
600707,彩虹股份,电子,2026-08-27,327.2,327.3,9.12,10.13,2026-08-26,2026-07-29,,预减,"预计2026年1-6月归属于上市公司股东的净利润盈利:9,600万元至11,000万元,同比上年下降:75.66%至78.76%,同比上年降低34,200万元至35,600万元。",2026-07-09,True
603636,南威软件,计算机,2026-08-27,40.4,40.4,6.96,8.58,2026-08-26,2026-07-29,,增亏,"预计2026年1-6月归属于上市公司股东的净利润亏损:15,500万元至18,600万元。",2026-07-15,True
600571,信雅达,计算机,2026-08-27,49.8,50.7,10.87,7.84,2026-08-26,2026-07-29,,增亏,"预计2026年1-6月归属于上市公司股东的净利润亏损:6,900万元至8,700万元。",2026-07-14,True
002861,瀛通通讯,电子,2026-08-29,23.2,28.7,15.42,6.49,2026-08-26,2026-07-29,,增亏,"预计2026年1-6月归属于上市公司股东的净利润亏损:5,200万元至6,200万元。",2026-07-14,True
603138,海量数据,计算机,2026-08-27,36.7,37.3,12.72,6.18,2026-08-26,2026-07-29,,增亏,"预计2026年1-6月归属于上市公司股东的净利润亏损约:9,480万元。",2026-07-15,True
002993,奥海科技,电子,2026-08-27,89.4,103.5,37.51,5.96,2026-08-26,2026-07-29,,预减,"预计2026年1-6月归属于上市公司股东的净利润盈利:3,370万元至5,020万元,同比上年下降:78.75%至85.73%。",2026-07-15,True
002331,皖通科技,计算机,2026-08-27,27.9,29.7,6.93,5.15,2026-08-26,2026-07-29,,增亏,"预计2026年1-6月归属于上市公司股东的净利润亏损:4,636.52万元至8,941.85万元。",2026-07-15,True
002729,好利科技,电子,2026-08-27,24.3,25.3,13.84,5.0,2026-08-26,2026-07-29,,预减,"预计2026年1-6月归属于上市公司股东的净利润盈利:1,300万元至1,600万元,同比上年下降:50.29%至59.61%。",2026-07-15,True
605398,新炬网络,计算机,2026-08-31,33.0,33.0,20.26,4.33,2026-08-26,2026-07-29,,首亏,预计2026年1-6月归属于上市公司股东的净利润亏损:420万元至800万元。,2026-07-15,True
688232,新点软件,计算机,2026-08-27,58.6,58.6,18.19,4.0,2026-08-26,2026-07-29,,增亏,"预计2026年1-6月归属于上市公司股东的净利润亏损约:6,302.1万元,同比上年下降:1.36%左右,同比上年降低84.39万元左右。",2026-07-27,True
601519,大智慧,计算机,2026-08-27,166.5,166.5,8.37,3.71,2026-08-26,2026-07-29,,增亏,"预计2026年1-6月归属于上市公司股东的净利润亏损:2,300万元至3,300万元。",2026-07-10,True
002992,宝明科技,电子,2026-08-28,53.1,61.5,34.0,3.19,2026-08-26,2026-07-29,,增亏,"预计2026年1-6月归属于上市公司股东的净利润亏损:1,700万元至2,300万元,同比上年下降:30.76%至76.92%。",2026-07-15,True
002681,奋达科技,电子,2026-08-29,70.8,80.9,4.51,2.74,2026-08-26,2026-07-29,,预减,"预计2026年1-6月归属于上市公司股东的净利润盈利:260万元至360万元,同比上年下降:78.93%至84.78%。",2026-07-15,True
603918,金桥信息,计算机,2026-08-27,39.1,39.1,10.72,2.58,2026-08-26,2026-07-29,,续亏,"预计2026年1-6月归属于上市公司股东的净利润亏损:3,090万元至4,610万元。",2026-07-15,True
603220,中贝通信,通信,2026-08-27,99.8,99.8,18.6,2.31,2026-08-26,2026-07-29,,预减,"预计2026年1-6月归属于上市公司股东的净利润盈利:1,000万元至1,115万元,同比上年下降:77.98%至80.25%,同比上年降低3,949万元至4,064万元。",2026-07-15,True
600271,航天信息,计算机,2026-08-29,127.3,127.3,6.87,1.03,2026-08-26,2026-07-29,,增亏,"预计2026年1-6月归属于上市公司股东的净利润亏损:36,000万元至46,000万元。",2026-07-15,True
600718,东软集团,计算机,2026-08-29,98.9,98.9,8.27,0.36,2026-08-26,2026-07-29,,首亏,"预计2026年1-6月归属于上市公司股东的净利润亏损:26,000万元至32,000万元。",2026-07-15,True
002387,维信诺,电子,2026-08-28,100.7,100.8,7.22,0.28,2026-08-26,2026-07-29,,增亏,"预计2026年1-6月归属于上市公司股东的净利润亏损:140,200万元至197,000万元,同比上年下降:32.01%至85.5%。",2026-07-15,True
600410,华胜天成,计算机,2026-08-27,146.3,146.3,13.34,0.08,2026-08-26,2026-07-29,,首亏,"预计2026年1-6月归属于上市公司股东的净利润亏损:22,000万元至33,000万元。",2026-07-15,True
