证券代码,证券名称,sw_l1,股票代码,股票简称,首次预约,初次变更,二次变更,三次变更,实际披露
000062,深圳华强,电子,000062,深圳华强,2026-08-28,,,,
000100,TCL科技,电子,000100,TCL科技,2026-08-29,,,,
000636,风华高科,电子,000636,风华高科,2026-08-28,,,,
000725,京东方A,电子,000725,京东方Ａ,2026-08-29,,,,
002077,大港股份,电子,002077,大港股份,2026-08-29,,,,
002106,莱宝高科,电子,002106,莱宝高科,2026-08-29,,,,
002134,天津普林,电子,002134,天津普林,2026-08-27,,,,
002156,通富微电,电子,002156,通富微电,2026-08-26,2026-08-29,,,
002161,远望谷,电子,002161,远 望 谷,2026-08-29,,,,
002222,福晶科技,电子,002222,福晶科技,2026-08-28,,,,
002289,宇顺电子,电子,002289,宇顺电子,2026-08-29,,,,
002387,维信诺,电子,002387,维信诺,2026-08-28,,,,
002388,新亚制程,电子,002388,新亚制程,2026-08-27,,,,
002584,西陇科学,电子,002584,西陇科学,2026-08-28,,,,
002600,领益智造,电子,002600,领益智造,2026-08-27,2026-08-29,,,
002636,金安国纪,电子,002636,金安国纪,2026-08-28,,,,
002654,万润科技,电子,002654,万润科技,2026-08-27,,,,
002681,奋达科技,电子,002681,奋达科技,2026-08-29,,,,
002729,好利科技,电子,002729,好利科技,2026-08-27,,,,
002745,木林森,电子,002745,木林森,2026-08-28,,,,
002815,崇达技术,电子,002815,崇达技术,2026-08-29,,,,
002861,瀛通通讯,电子,002861,瀛通通讯,2026-08-29,,,,
002876,三利谱,电子,002876,三利谱,2026-08-27,,,,
002888,惠威科技,电子,002888,惠威科技,2026-08-28,,,,
002913,奥士康,电子,002913,奥士康,2026-08-28,,,,
002916,深南电路,电子,002916,深南电路,2026-08-25,2026-08-27,,,
002993,奥海科技,电子,002993,奥海科技,2026-08-27,,,,
003019,宸展光电,电子,003019,宸展光电,2026-08-29,,,,
003026,中晶科技,电子,003026,中晶科技,2026-08-29,,,,
300032,金龙机电,电子,300032,金龙机电,2026-08-29,,,,
300076,*ST宁视,电子,300076,*ST宁视,2026-08-27,,,,
300088,长信科技,电子,300088,长信科技,2026-08-28,,,,
300115,长盈精密,电子,300115,长盈精密,2026-08-27,,,,
300120,经纬辉开,电子,300120,经纬辉开,2026-08-11,2026-08-29,,,
300136,信维通信,电子,300136,信维通信,2026-08-28,,,,
300162,雷曼光电,电子,300162,雷曼光电,2026-08-27,,,,
300223,君正股份,电子,300223,君正股份,2026-08-29,,,,
300303,聚飞光电,电子,300303,聚飞光电,2026-08-29,,,,
300346,南大光电,电子,300346,南大光电,2026-08-28,,,,
300398,飞凯材料,电子,300398,飞凯材料,2026-08-27,,,,
300408,三环集团,电子,300408,三环集团,2026-08-28,,,,
300429,强力新材,电子,300429,强力新材,2026-08-29,,,,
300456,赛微电子,电子,300456,赛微电子,2026-08-27,,,,
300476,胜宏科技,电子,300476,胜宏科技,2026-08-28,,,,
300493,润欣科技,电子,300493,润欣科技,2026-08-27,,,,
300516,久之洋,电子,300516,久之洋,2026-08-28,,,,
300537,广信材料,电子,300537,广信材料,2026-08-27,,,,
300604,长川科技,电子,300604,长川科技,2026-07-31,2026-08-29,,,
300613,富瀚微,电子,300613,富瀚微,2026-08-28,,,,
300655,晶瑞电材,电子,300655,晶瑞电材,2026-08-27,,,,
300661,圣邦股份,电子,300661,圣邦股份,2026-08-29,,,,
300672,国科微,电子,300672,国科微,2026-08-29,,,,
300701,森霸传感,电子,300701,森霸传感,2026-08-29,,,,
300709,精研科技,电子,300709,精研科技,2026-08-29,,,,
300736,百邦科技,电子,300736,百邦科技,2026-08-28,,,,
300752,隆利科技,电子,300752,隆利科技,2026-08-29,,,,
300793,佳禾智能,电子,300793,佳禾智能,2026-08-29,,,,
300831,ST派瑞,电子,300831,ST派瑞,2026-08-29,,,,
300857,协创数据,电子,300857,协创数据,2026-08-28,,,,
300866,安克创新,电子,300866,安克创新,2026-08-31,,,,
300903,科翔股份,电子,300903,科翔股份,2026-08-28,,,,
300968,格林精密,电子,300968,格林精密,2026-08-28,,,,
301051,信濠光电,电子,301051,信濠光电,2026-08-29,,,,
301067,显盈科技,电子,301067,显盈科技,2026-08-28,,,,
301180,万祥科技,电子,301180,万祥科技,2026-08-27,,,,
600171,上海贝岭,电子,600171,上海贝岭,2026-08-29,,,,
600353,旭光电子,电子,600353,旭光电子,2026-08-27,,,,
600707,彩虹股份,电子,600707,彩虹股份,2026-08-27,,,,
601231,环旭电子,电子,601231,环旭电子,2026-08-27,,,,
603186,华正新材,电子,603186,华正新材,2026-08-31,,,,
603297,永新光学,电子,603297,永新光学,2026-08-27,,,,
603327,福蓉科技,电子,603327,福蓉科技,2026-08-29,,,,
603328,依顿电子,电子,603328,依顿电子,2026-08-29,,,,
603629,利通电子,电子,603629,利通电子,2026-08-29,,,,
603685,晨丰科技,电子,603685,晨丰科技,2026-08-28,,,,
603738,泰晶科技,电子,603738,泰晶科技,2026-08-29,,,,
603989,艾华集团,电子,603989,艾华集团,2026-08-29,,,,
605058,澳弘电子,电子,605058,澳弘电子,2026-08-28,,,,
605218,伟时电子,电子,605218,伟时电子,2026-08-28,,,,
688008,澜起科技,电子,688008,澜起科技,2026-08-29,,,,
688010,福光股份,电子,688010,福光股份,2026-08-29,,,,
688019,安集科技,电子,688019,安集科技,2026-08-27,,,,
688020,方邦股份,电子,688020,方邦股份,2026-08-31,2026-08-28,,,
688103,国力电子,电子,688103,国力电子,2026-08-27,,,,
688107,安路科技,电子,688107,安路科技,2026-08-29,,,,
688135,利扬芯片,电子,688135,利扬芯片,2026-08-28,,,,
688195,腾景科技,电子,688195,腾景科技,2026-08-29,,,,
688200,华峰测控,电子,688200,华峰测控,2026-08-31,,,,
688216,气派科技,电子,688216,气派科技,2026-08-05,2026-08-28,,,
688230,芯导科技,电子,688230,芯导科技,2026-08-28,,,,
688233,神工股份,电子,688233,神工股份,2026-08-27,,,,
688299,长阳科技,电子,688299,长阳科技,2026-08-27,,,,
688519,南亚新材,电子,688519,南亚新材,2026-08-29,,,,
688601,力芯微,电子,688601,力芯微,2026-08-29,,,,
688678,福立旺,电子,688678,福立旺,2026-08-28,,,,
688711,宏微科技,电子,688711,宏微科技,2026-08-29,,,,
688728,格科微,电子,688728,格科微,2026-08-28,,,,
688981,中芯国际,电子,688981,中芯国际,2026-08-28,,,,
688210,统联精密,电子,688210,统联精密,2026-08-28,,,,
301189,奥尼电子,电子,301189,奥尼电子,2026-08-29,,,,
688262,国芯科技,电子,688262,国芯科技,2026-08-28,,,,
688220,翱捷科技,电子,688220,翱捷科技,2026-08-29,,,,
688173,希荻微,电子,688173,希荻微,2026-08-29,,,,
301123,奕东电子,电子,301123,奕东电子,2026-08-29,,,,
688270,ST臻镭,电子,688270,ST臻镭,2026-08-27,,,,
688150,莱特光电,电子,688150,莱特光电,2026-08-25,2026-08-31,,,
688048,长光华芯,电子,688048,长光华芯,2026-08-31,,,,
688209,英集芯,电子,688209,英集芯,2026-08-28,,,,
688279,峰岹科技,电子,688279,峰岹科技,2026-08-28,,,,
688052,纳芯微,电子,688052,纳芯微,2026-08-28,,,,
688325,赛微微电,电子,688325,赛微微电,2026-08-31,,,,
300475,香农芯创,电子,300475,香农芯创,2026-08-28,,,,
688047,龙芯中科,电子,688047,龙芯中科,2026-08-29,,,,
002841,视源股份,电子,002841,视源股份,2026-08-27,,,,
002885,京泉华,电子,002885,京泉华,2026-08-29,,,,
002992,宝明科技,电子,002992,宝明科技,2026-08-28,,,,
300131,英唐智控,电子,300131,英唐智控,2026-08-29,,,,
300975,商络电子,电子,300975,商络电子,2026-08-24,2026-08-29,,,
600363,联创光电,电子,600363,联创光电,2026-08-27,2026-08-29,,,
688595,芯海科技,电子,688595,芯海科技,2026-08-28,,,,
688371,菲沃泰,电子,688371,菲沃泰,2026-08-29,,,,
688391,钜泉科技,电子,688391,钜泉科技,2026-08-29,,,,
301326,捷邦科技,电子,301326,捷邦科技,2026-08-28,,,,
301369,联动科技,电子,301369,联动科技,2026-08-27,,,,
688409,富创精密,电子,688409,富创精密,2026-08-31,,,,
688372,伟测科技,电子,688372,伟测科技,2026-08-29,,,,
001298,好上好,电子,001298,好上好,2026-08-28,,,,
301389,隆扬电子,电子,301389,隆扬电子,2026-08-27,,,,
301379,天山电子,电子,301379,天山电子,2026-08-29,,,,
688498,源杰科技,电子,688498,源杰科技,2026-08-29,,,,
688141,杰华特,电子,688141,杰华特,2026-08-27,,,,
688515,裕太微-U,电子,688515,裕太微,2026-08-29,,,,
603061,金海通,电子,603061,金海通,2026-08-27,,,,
688502,茂莱光学,电子,688502,茂莱光学,2026-08-29,,,,
688535,华海诚科,电子,688535,华海诚科,2026-08-29,,,,
688539,高华科技,电子,688539,高华科技,2026-08-27,,,,
688478,晶升股份,电子,688478,晶升股份,2026-08-28,,,,
688512,慧智微-U,电子,688512,慧智微,2026-08-27,2026-08-31,,,
688458,美芯晟,电子,688458,美芯晟,2026-08-31,,,,
001373,翔腾新材,电子,001373,翔腾新材,2026-08-27,,,,
688620,安凯微,电子,688620,安凯微,2026-08-28,,,,
688603,天承科技,电子,688603,天承科技,2026-08-29,,,,
688347,华虹宏力,电子,688347,华虹宏力,2026-08-27,,,,
301348,蓝箭电子,电子,301348,蓝箭电子,2026-08-27,,,,
688548,广钢气体,电子,688548,广钢气体,2026-08-31,,,,
688693,锴威特,电子,688693,锴威特,2026-08-27,,,,
688702,盛科通信,电子,688702,盛科通信,2026-08-27,,,,
301489,思泉新材,电子,301489,思泉新材,2026-08-24,2026-08-28,,,
688652,京仪装备,电子,688652,京仪装备,2026-08-29,,,,
301566,达利凯普,电子,301566,达利凯普,2026-08-28,,,,
688709,成都华微,电子,688709,成都华微,2026-08-29,,,,
688584,上海合晶,电子,688584,上海合晶,2026-08-29,2026-08-31,,,
603341,龙旗科技,电子,603341,龙旗科技,2026-08-28,,,,
301536,星宸科技,电子,301536,星宸科技,2026-08-22,2026-08-27,,,
688691,灿芯股份,电子,688691,灿芯股份,2026-08-28,,,,
688530,欧莱新材,电子,688530,欧莱新材,2026-08-22,2026-08-29,,,
300489,光智科技,电子,300489,光智科技,2026-08-29,,,,
300784,利安科技,电子,300784,利安科技,2026-08-28,,,,
001309,德明利,电子,001309,德明利,2026-08-25,2026-08-28,,,
688496,*ST清越,电子,688496,*ST清越,2026-08-31,,,,
688721,龙图光罩,电子,688721,龙图光罩,2026-08-20,2026-08-28,,,
301626,苏州天脉,电子,301626,苏州天脉,2026-08-28,,,,
301628,强达电路,电子,301628,强达电路,2026-08-27,,,,
688605,先锋精科,电子,688605,先锋精科,2026-08-31,,,,
688775,影石创新,电子,688775,影石创新,2026-08-28,,,,
688729,屹唐股份,电子,688729,屹唐股份,2026-08-29,,,,
301491,汉桑科技,电子,301491,汉桑科技,2026-08-29,,,,
603991,领先股份,电子,603991,领先股份,2026-08-27,,,,
603175,超颖电子,电子,603175,超颖电子,2026-08-31,,,,
688790,昂瑞微-U,电子,688790,昂瑞微,2026-08-27,,,,
688802,沐曦股份,电子,688802,沐曦股份,2026-08-31,,,,
688809,强一股份,电子,688809,强一股份,2026-08-31,,,,
688785,恒运昌,电子,688785,恒运昌,2026-08-31,,,,
300128,锦富技术,电子,300128,锦富技术,2026-08-28,,,,
603115,海星股份,电子,603115,海星股份,2026-08-29,,,,
603316,诚邦股份,电子,603316,诚邦股份,2026-08-31,,,,
688307,中润光学,电子,688307,中润光学,2026-08-28,,,,
301583,托伦斯,电子,301583,托伦斯,2026-08-27,,,,
688825,长鑫科技,电子,688825,长鑫科技,2026-08-29,,,,
001232,嘉立创,电子,001232,嘉立创,2026-08-27,,,,
301717,超纯应材,电子,301717,超纯应材,2026-08-27,,,,
000066,中国长城,计算机,000066,中国长城,2026-08-29,,,,
000158,常山北明,计算机,000158,常山北明,2026-08-29,,,,
000555,神州信息,计算机,000555,神州信息,2026-08-29,,,,
000938,紫光股份,计算机,000938,紫光股份,2026-08-29,,,,
000977,浪潮信息,计算机,000977,浪潮信息,2026-08-29,,,,
002063,远光软件,计算机,002063,远光软件,2026-08-29,,,,
002152,广电运通,计算机,002152,广电运通,2026-08-28,,,,
002195,岩山科技,计算机,002195,岩山科技,2026-08-28,,,,
002197,证通电子,计算机,002197,证通电子,2026-08-29,,,,
002212,天融信,计算机,002212,天融信,2026-08-29,,,,
002253,川大智胜,计算机,002253,川大智胜,2026-08-29,,,,
002268,电科网安,计算机,002268,电科网安,2026-08-27,,,,
002279,久其软件,计算机,002279,久其软件,2026-08-28,,,,
002331,皖通科技,计算机,002331,皖通科技,2026-08-27,,,,
002401,中远海科,计算机,002401,中远海科,2026-08-29,,,,
002512,ST达华,计算机,002512,ST达华,2026-08-29,,,,
002642,荣联科技,计算机,002642,荣联科技,2026-08-28,,,,
002771,真视通,计算机,002771,真视通,2026-08-27,,,,
002835,同为股份,计算机,002835,同为股份,2026-08-28,,,,
002970,锐明技术,计算机,002970,锐明技术,2026-08-27,,,,
003004,声迅股份,计算机,003004,声迅股份,2026-08-28,,,,
003005,竞业达,计算机,003005,竞业达,2026-08-29,,,,
300020,ST银江,计算机,300020,ST银江,2026-08-28,,,,
300074,华平股份,计算机,300074,华平股份,2026-08-27,,,,
300075,数字政通,计算机,300075,数字政通,2026-08-14,2026-08-28,,,
300085,银之杰,计算机,300085,银之杰,2026-08-29,,,,
300150,世纪瑞尔,计算机,300150,世纪瑞尔,2026-08-27,,,,
300166,东方国信,计算机,300166,东方国信,2026-08-28,,,,
300167,ST迪威迅,计算机,300167,ST迪威迅,2026-08-27,,,,
300168,万达信息,计算机,300168,万达信息,2026-08-28,,,,
300170,汉得信息,计算机,300170,汉得信息,2026-08-28,,,,
300229,拓尔思,计算机,300229,拓尔思,2026-08-29,,,,
300231,银信科技,计算机,300231,银信科技,2026-08-29,,,,
300245,ST天玑,计算机,300245,ST天玑,2026-08-28,,,,
300264,佳创视讯,计算机,300264,佳创视讯,2026-08-29,,,,
300277,汽轮科技,计算机,300277,汽轮科技,2026-08-27,,,,
300287,飞利信,计算机,300287,飞利信,2026-08-24,2026-08-29,,,
300288,朗玛信息,计算机,300288,朗玛信息,2026-08-28,,,,
300290,ST荣科,计算机,300290,ST荣科,2026-08-27,,,,
300300,海峡创新,计算机,300300,海峡创新,2026-08-29,,,,
300302,同有科技,计算机,300302,同有科技,2026-08-28,,,,
300333,兆日科技,计算机,300333,兆日科技,2026-08-27,,,,
300348,长亮科技,计算机,300348,长亮科技,2026-08-27,,,,
300366,ST创意,计算机,300366,ST创意,2026-08-27,,,,
300368,汇金股份,计算机,300368,汇金股份,2026-08-29,,,,
300378,鼎捷数智,计算机,300378,鼎捷数智,2026-08-28,,,,
300380,安硕信息,计算机,300380,安硕信息,2026-08-29,,,,
300419,ST浩丰,计算机,300419,ST浩丰,2026-08-27,,,,
300440,运达科技,计算机,300440,运达科技,2026-08-27,2026-08-29,,,
300449,汉邦高科,计算机,300449,汉邦高科,2026-08-27,,,,
300451,创业慧康,计算机,300451,创业慧康,2026-08-29,,,,
300468,四方精创,计算机,300468,四方精创,2026-08-24,2026-08-27,,,
300469,信息发展,计算机,300469,信息发展,2026-08-28,,,,
300523,辰安科技,计算机,300523,辰安科技,2026-08-29,,,,
300525,博思软件,计算机,300525,博思软件,2026-08-28,,,,
300532,今天国际,计算机,300532,今天国际,2026-08-29,,,,
300542,新晨科技,计算机,300542,新晨科技,2026-08-29,,,,
300551,古鳌科技,计算机,300551,古鳌科技,2026-08-27,,,,
300556,丝路视觉,计算机,300556,丝路视觉,2026-08-29,,,,
300561,汇金科技,计算机,300561,汇金科技,2026-08-27,,,,
300579,数字认证,计算机,300579,数字认证,2026-08-28,,,,
300588,熙菱信息,计算机,300588,熙菱信息,2026-08-29,,,,
300598,诚迈科技,计算机,300598,诚迈科技,2026-08-29,,,,
300605,恒锋信息,计算机,300605,恒锋信息,2026-08-28,,,,
300634,彩讯股份,计算机,300634,彩讯股份,2026-08-28,,,,
300645,正元智慧,计算机,300645,正元智慧,2026-08-27,,,,
300659,中孚信息,计算机,300659,中孚信息,2026-08-29,,,,
300663,科蓝软件,计算机,300663,科蓝软件,2026-08-29,,,,
300678,中科信息,计算机,300678,中科信息,2026-08-28,,,,
300691,联合光电,计算机,300691,联合光电,2026-08-28,,,,
300730,科创信息,计算机,300730,科创信息,2026-08-29,,,,
300789,唐源电气,计算机,300789,唐源电气,2026-08-28,,,,
300790,宇瞳光学,计算机,300790,宇瞳光学,2026-08-28,,,,
300803,指南针,计算机,300803,指南针,2026-08-27,,,,
300830,金现代,计算机,300830,金现代,2026-08-27,,,,
300925,法本信息,计算机,300925,法本信息,2026-08-27,,,,
300935,盈建科,计算机,300935,盈建科,2026-08-15,2026-08-29,,,
300996,普联软件,计算机,300996,普联软件,2026-08-27,,,,
301042,安联锐视,计算机,301042,安联锐视,2026-08-28,,,,
301178,天亿马,计算机,301178,天亿马,2026-08-29,,,,
301185,鸥玛软件,计算机,301185,鸥玛软件,2026-08-28,,,,
600100,同方股份,计算机,600100,同方股份,2026-08-29,,,,
600271,航天信息,计算机,600271,航天信息,2026-08-29,,,,
600410,华胜天成,计算机,600410,华胜天成,2026-08-27,,,,
600571,信雅达,计算机,600571,信雅达,2026-08-27,,,,
600654,中安科,计算机,600654,中安科,2026-08-27,,,,
600718,东软集团,计算机,600718,东软集团,2026-08-29,,,,
601519,大智慧,计算机,601519,大智慧,2026-08-27,,,,
603138,海量数据,计算机,603138,海量数据,2026-08-27,,,,
603232,格尔软件,计算机,603232,格尔软件,2026-08-29,,,,
603496,恒为科技,计算机,603496,恒为科技,2026-08-31,,,,
603636,南威软件,计算机,603636,南威软件,2026-08-27,,,,
603660,苏州科达,计算机,603660,苏州科达,2026-08-29,,,,
603918,金桥信息,计算机,603918,金桥信息,2026-08-27,,,,
603990,麦迪科技,计算机,603990,麦迪科技,2026-08-27,,,,
605118,力鼎光电,计算机,605118,力鼎光电,2026-08-27,,,,
605398,新炬网络,计算机,605398,新炬网络,2026-08-31,,,,
688030,山石网科,计算机,688030,山石网科,2026-08-28,,,,
688038,中科通达,计算机,688038,中科通达,2026-08-27,,,,
688051,佳华科技,计算机,688051,佳华科技,2026-08-29,,,,
688058,宝兰德,计算机,688058,宝兰德,2026-08-28,,,,
688060,云涌科技,计算机,688060,云涌科技,2026-08-28,,,,
688066,*ST航图,计算机,688066,*ST航图,2026-08-27,,,,
688095,福昕软件,计算机,688095,福昕软件,2026-08-28,,,,
688201,ST信安,计算机,688201,ST信安,2026-08-27,,,,
688228,开普云,计算机,688228,开普云,2026-08-29,,,,
688229,博睿数据,计算机,688229,博睿数据,2026-08-29,,,,
688232,新点软件,计算机,688232,新点软件,2026-08-27,,,,
688258,卓易信息,计算机,688258,卓易信息,2026-08-27,,,,
688288,鸿泉技术,计算机,688288,鸿泉技术,2026-08-28,,,,
688296,和达科技,计算机,688296,和达科技,2026-08-28,,,,
688316,青云科技,计算机,688316,青云科技,2026-08-28,,,,
688318,财富趋势,计算机,688318,财富趋势,2026-08-28,,,,
688500,慧辰股份,计算机,688500,慧辰股份,2026-08-27,,,,
688509,正元地信,计算机,688509,正元地信,2026-08-28,,,,
688561,奇安信-U,计算机,688561,奇安信,2026-08-28,,,,
688588,凌志软件,计算机,688588,凌志软件,2026-08-31,,,,
688590,新致软件,计算机,688590,新致软件,2026-08-28,,,,
688787,海天瑞声,计算机,688787,海天瑞声,2026-08-27,,,,
688246,嘉和美康,计算机,688246,嘉和美康,2026-08-29,,,,
300766,每日互动,计算机,300766,每日互动,2026-08-29,,,,
301159,三维天地,计算机,301159,三维天地,2026-08-29,,,,
301117,佳缘科技,计算机,301117,ST佳缘,2026-08-28,,,,
688171,纬德信息,计算机,688171,纬德信息,2026-08-31,,,,
301218,华是科技,计算机,301218,华是科技,2026-08-27,,,,
301153,中科江南,计算机,301153,中科江南,2026-08-28,,,,
301269,华大九天,计算机,301269,华大九天,2026-08-29,,,,
000409,云鼎科技,计算机,000409,云鼎科技,2026-08-28,,,,
301095,广立微,计算机,301095,广立微,2026-08-29,,,,
301330,熵基科技,计算机,301330,熵基科技,2026-08-28,,,,
301339,通行宝,计算机,301339,通行宝,2026-08-29,,,,
301316,慧博云通,计算机,301316,慧博云通,2026-08-27,,,,
688031,星环科技,计算机,688031,星环科技,2026-08-27,,,,
688244,永信至诚,计算机,688244,永信至诚,2026-08-29,,,,
688291,金橙子,计算机,688291,金橙子,2026-08-27,,,,
688152,麒麟信安,计算机,688152,麒麟信安,2026-08-27,,,,
301396,宏景科技,计算机,301396,宏景科技,2026-08-29,,,,
688206,概伦电子,计算机,688206,概伦电子,2026-08-27,,,,
688489,三未信安,计算机,688489,三未信安,2026-08-29,,,,
688343,云天励飞,计算机,688343,云天励飞,2026-08-27,,,,
688562,航天软件,计算机,688562,航天软件,2026-08-31,2026-08-28,,,
301315,威士顿,计算机,301315,威士顿,2026-08-28,,,,
688631,莱斯信息,计算机,688631,莱斯信息,2026-08-27,,,,
688651,盛邦安全,计算机,688651,盛邦安全,2026-08-29,,,,
688695,中创股份,计算机,688695,中创股份,2026-08-28,,,,
301182,凯旺科技,计算机,301182,凯旺科技,2026-08-29,,,,
301600,慧翰股份,计算机,301600,慧翰股份,2026-08-29,,,,
301556,托普云农,计算机,301556,托普云农,2026-08-28,,,,
301638,南网数字,计算机,301638,南网数字,2026-08-28,,,,
300536,农尚环境,计算机,300536,农尚环境,2026-08-27,,,,
000034,神州数码,计算机,000034,神州数码,2026-08-29,,,,
000070,特发信息,通信,000070,特发信息,2026-08-27,,,,
002104,恒宝股份,通信,002104,恒宝股份,2026-08-29,,,,
002467,二六三,通信,002467,二六三,2026-08-29,,,,
300134,大富科技,通信,300134,大富科技,2026-08-29,,,,
300183,东软载波,通信,300183,东软载波,2026-08-27,,,,
300292,吴通控股,通信,300292,吴通控股,2026-08-29,,,,
300310,宜通世纪,通信,300310,宜通世纪,2026-08-28,,,,
300353,东土科技,通信,300353,东土科技,2026-08-29,,,,
300513,恒实科技,通信,300513,恒实科技,2026-08-29,,,,
300555,ST路通,通信,300555,ST路通,2026-08-28,,,,
300560,中富通,通信,300560,中富通,2026-08-29,,,,
300571,平治信息,通信,300571,平治信息,2026-08-27,,,,
300590,移为通信,通信,300590,移为通信,2026-08-28,,,,
300597,吉大通信,通信,300597,吉大通信,2026-08-29,,,,
300638,广和通,通信,300638,广和通,2026-08-27,,,,
300710,万隆光电,通信,300710,万隆光电,2026-08-29,,,,
300913,兆龙互连,通信,300913,兆龙互连,2026-08-29,,,,
300959,线上线下,通信,300959,线上线下,2026-08-27,,,,
600289,ST信通,通信,600289,ST信通,2026-08-27,,,,
600487,亨通光电,通信,600487,亨通光电,2026-08-27,,,,
600498,烽火通信,通信,600498,烽火通信,2026-08-27,,,,
600522,中天科技,通信,600522,中天科技,2026-08-28,,,,
600734,*ST实达,通信,600734,*ST实达,2026-08-27,,,,
600775,南京熊猫,通信,600775,南京熊猫,2026-08-27,,,,
600776,东方通信,通信,600776,东方通信,2026-08-27,,,,
603220,中贝通信,通信,603220,中贝通信,2026-08-27,,,,
688159,有方科技,通信,688159,有方科技,2026-08-29,,,,
688618,三旺通信,通信,688618,三旺通信,2026-08-28,,,,
688283,坤恒顺维,通信,688283,坤恒顺维,2026-08-29,,,,
301191,菲菱科思,通信,301191,菲菱科思,2026-08-28,,,,
301139,*ST元道,通信,301139,*ST元道,2026-08-29,,,,
000839,国安股份,通信,000839,国安股份,2026-08-27,,,,
300603,立昂技术,通信,300603,立昂技术,2026-08-27,,,,
301205,联特科技,通信,301205,联特科技,2026-08-28,,,,
688387,信科移动,通信,688387,信科移动,2026-08-27,,,,
301314,科瑞思,通信,301314,科瑞思,2026-08-27,,,,
301382,蜂助手,通信,301382,蜂助手,2026-08-27,,,,
301428,世纪恒通,通信,301428,世纪恒通,2026-08-28,,,,
300383,光环新网,通信,300383,光环新网,2026-08-27,,,,
300442,润泽科技,通信,300442,润泽科技,2026-08-28,,,,
688592,司南导航,通信,688592,司南导航,2026-08-28,,,,
002881,美格智能,通信,002881,美格智能,2026-08-28,,,,
300098,高新兴,通信,300098,高新兴,2026-08-29,,,,
