股票代码,circulating_cap_yi,market_cap_yi,price,change_pct_1d
000062,231.7,231.9,22.17,0.09
000100,989.8,1023.4,4.92,0.2
000636,579.9,579.9,50.54,-1.54
000725,2019.5,2115.2,5.71,-0.52
002077,70.1,70.1,12.08,-0.49
002106,72.5,72.6,10.29,0.0
002134,50.8,50.8,20.5,-2.05
002156,921.1,921.2,60.7,-0.33
002161,45.7,45.7,6.18,3.87
002222,300.1,301.4,64.1,0.55
002289,105.9,108.1,38.59,-1.53
002387,100.7,100.8,7.22,-0.28
002388,32.5,32.5,6.42,-0.47
002584,38.0,47.5,8.12,-0.25
002600,884.2,997.2,12.28,0.9
002636,448.0,450.3,61.85,-3.45
002654,115.0,115.0,13.61,0.37
002681,70.8,80.9,4.51,1.35
002729,24.3,25.3,13.84,-0.5
002745,117.9,164.4,11.08,-1.07
002815,102.5,162.8,13.19,-1.86
002861,23.2,28.7,15.42,-1.41
002876,43.1,50.4,28.97,0.1
002888,13.3,26.2,17.75,-1.33
002913,172.6,179.4,56.52,-0.56
002916,2280.9,2336.9,343.08,0.61
002993,89.4,103.5,37.51,-0.95
003019,43.2,44.2,24.98,0.77
003026,41.3,53.6,28.55,-1.55
300032,31.2,31.2,3.88,-0.51
300076,19.1,19.1,4.5,0.22
300088,171.3,172.1,6.89,-1.71
300115,351.0,352.0,25.86,-0.5
300120,48.9,53.2,9.27,1.76
300136,488.4,572.6,59.18,-1.1
300162,26.0,31.8,7.59,-0.13
300223,554.3,674.9,131.06,-2.27
300303,93.3,99.5,7.02,0.72
300346,357.0,376.1,54.42,-0.96
300398,196.8,197.9,34.71,-0.46
300408,2003.7,2139.7,107.16,-1.78
300429,45.7,60.8,10.95,-0.09
300456,183.6,225.0,30.73,-1.0
300476,2136.1,2426.4,246.89,0.78
300493,61.4,62.1,12.11,-0.08
300516,77.2,77.2,30.63,-0.94
300537,29.3,40.0,19.29,-1.03
300604,1306.1,1722.7,266.84,1.22
300613,144.0,152.6,65.54,-1.97
300655,139.9,140.5,12.47,-0.64
300661,686.1,781.5,114.0,-0.75
300672,326.2,336.7,155.09,-1.5
300701,24.7,27.4,9.8,-0.81
300709,60.6,75.5,40.45,0.07
300736,36.6,37.5,29.33,-0.91
300752,24.3,35.1,10.87,-2.69
300793,41.5,42.4,11.14,0.0
300831,27.7,48.1,15.02,-1.64
300857,1137.8,1143.6,233.7,-1.81
300866,386.8,735.5,125.07,2.43
300903,273.5,338.9,77.83,-1.42
300968,42.2,42.2,10.22,-1.26
301051,39.0,49.1,17.26,-3.36
301067,17.7,26.9,27.71,-3.35
301180,19.7,47.9,11.98,0.17
600171,160.6,160.6,22.66,0.98
600353,279.1,279.1,33.68,-4.62
600707,327.2,327.3,9.12,-1.62
601231,633.1,633.1,26.5,0.19
603186,265.4,265.4,169.29,-3.07
603297,116.1,116.1,104.85,-0.27
603327,99.6,99.6,9.53,-0.83
603328,107.3,107.3,10.75,-1.47
603629,422.8,429.8,117.21,-1.75
603685,48.4,60.7,24.0,-2.04
603738,145.8,145.8,37.79,0.24
603989,107.0,107.0,26.83,-2.12
605058,38.0,38.0,26.62,-0.97
605218,32.7,37.3,15.35,4.56
688008,2216.4,2363.1,193.61,-0.42
688010,41.4,41.4,25.78,-2.05
688019,523.9,523.9,229.42,-1.79
688020,97.3,97.3,118.12,-3.38
688103,69.0,69.0,72.4,-1.7
688107,119.6,119.6,29.83,-1.06
688135,58.6,58.6,25.12,-0.71
688195,295.7,295.7,163.27,-1.63
688200,767.3,767.3,382.14,-0.15
688216,31.1,33.5,29.26,-1.81
688230,62.7,62.7,53.34,-1.53
688233,181.6,181.6,106.63,-1.0
688299,37.0,37.0,12.86,-0.31
688519,659.8,659.8,280.55,-2.88
688601,66.8,66.8,49.95,0.52
688678,78.4,78.4,19.45,-2.94
688711,54.2,54.2,24.99,-1.3
688728,393.2,393.5,15.13,-0.85
688981,2424.7,10381.1,121.26,1.05
688210,51.2,51.2,31.47,1.52
301189,79.8,82.7,50.52,-1.04
688262,88.0,88.0,26.19,-0.72
688220,381.1,381.1,91.1,0.0
688173,55.6,56.1,13.51,-1.53
301123,122.5,174.2,74.24,-3.63
688270,176.8,176.8,59.02,-0.35
688150,149.5,149.5,37.14,-1.88
688048,495.8,495.8,281.28,-2.87
688209,96.1,96.1,22.16,-1.55
688279,177.9,218.9,190.12,4.1
688052,338.4,385.8,235.96,0.33
688325,87.1,91.6,105.99,0.46
300475,677.2,706.6,150.48,-2.09
688047,416.3,416.3,103.82,0.41
002841,244.9,328.5,46.98,0.15
002885,65.5,74.8,27.62,-2.92
002992,53.1,61.5,34.0,-0.41
300131,167.9,182.9,16.11,-1.04
300975,120.7,168.5,24.52,-2.0
600363,79.8,79.8,17.69,-0.28
688595,39.3,39.3,27.24,-0.8
688371,89.5,89.5,26.68,-0.89
688391,29.0,29.0,25.12,-1.06
301326,76.5,77.2,106.15,-3.8
301369,69.7,130.0,127.09,-1.99
688409,618.5,618.5,202.0,1.04
688372,201.6,201.6,119.32,-1.92
001298,72.2,76.7,17.73,0.11
301389,147.0,147.0,51.86,-0.46
301379,45.6,57.9,20.87,-3.6
688498,1896.2,1921.0,1543.0,-0.64
688141,529.7,529.7,117.63,0.26
688515,72.8,117.0,146.19,-1.52
603061,291.9,291.9,335.5,-1.2
688502,221.7,221.7,419.92,-1.69
688535,128.9,138.3,96.55,-1.68
688539,46.3,46.3,24.88,-1.54
688478,64.1,64.1,46.33,-3.08
688512,43.9,63.9,13.52,0.45
688458,30.7,36.6,32.77,-1.53
001373,12.0,19.6,28.55,-1.21
688620,58.3,58.3,14.86,-1.52
688603,125.2,125.2,100.38,-2.85
688347,958.5,4084.9,235.07,3.76
301348,39.8,49.4,20.57,-1.3
688548,449.9,449.9,34.1,-0.55
688693,28.1,53.2,72.21,-3.62
688702,733.8,1482.2,361.51,1.58
301489,78.0,130.3,112.08,-5.01
688652,173.6,241.6,143.79,0.15
301566,51.1,96.9,24.23,-2.34
688709,55.6,159.7,25.07,0.28
688584,96.7,188.6,28.18,-2.63
603341,100.0,195.3,37.38,1.25
301536,211.5,476.5,112.98,-1.05
688691,45.5,74.8,62.3,-1.83
688530,41.3,94.7,59.18,-4.75
300489,280.3,281.4,202.2,-6.96
300784,6.9,23.2,41.24,-1.08
001309,649.4,892.6,393.5,-0.89
688496,2.2,4.1,0.92,0.0
688721,22.2,53.8,40.28,-2.21
301626,132.6,291.5,251.99,-2.58
301628,25.3,68.4,90.7,0.2
688605,74.0,138.3,68.34,-1.81
688775,311.1,481.0,119.95,-2.25
688729,397.9,672.7,22.76,-0.57
301491,14.8,49.9,38.65,-1.07
603991,119.3,203.5,133.29,-0.89
603175,39.9,383.8,87.82,-1.04
688790,12.0,94.4,94.81,-0.4
688802,121.7,2628.8,657.04,0.27
688809,110.4,552.1,426.11,1.05
688785,35.6,177.8,262.63,-2.35
300128,62.9,63.0,4.85,-0.21
603115,181.6,181.6,74.25,-2.56
603316,36.4,37.2,13.78,-1.08
688307,59.1,59.1,47.59,-2.58
301583,37.8,227.5,122.67,-0.33
688825,2525.8,37513.5,56.09,-0.73
001232,64.9,815.3,146.76,-1.58
301717,67.2,392.6,385.51,2.58
000066,456.1,456.1,14.14,0.64
000158,200.6,201.9,12.63,0.4
000555,102.9,103.0,10.56,0.48
000938,998.7,998.7,34.92,-0.51
000977,1082.5,1083.7,73.8,-0.42
002063,95.7,103.6,5.41,0.56
002152,244.2,244.4,9.84,1.03
002195,356.6,359.8,6.35,0.32
002197,35.7,41.0,6.68,0.3
002212,72.5,73.2,6.21,-0.8
002253,20.2,21.7,9.62,-1.03
002268,117.7,117.7,13.92,1.02
002279,50.4,54.7,6.34,-0.31
002331,27.9,29.7,6.93,-0.57
002401,45.9,45.9,12.35,-0.56
002512,43.8,44.1,4.0,0.76
002642,47.8,47.8,7.23,-0.41
002771,21.4,25.8,12.28,-0.73
002835,16.0,27.5,12.54,-1.03
002970,63.1,91.8,49.92,-1.21
003004,47.3,56.3,68.81,-0.04
003005,17.2,31.4,13.58,-0.8
300020,26.0,26.9,3.39,-0.88
300074,21.1,21.1,3.84,-0.78
300075,56.1,67.6,10.89,-0.18
300085,193.6,209.8,29.69,2.84
300150,20.2,25.5,4.35,0.0
300166,116.7,146.7,12.88,-0.62
300167,14.4,17.0,4.08,1.49
300168,72.0,72.0,5.0,-0.6
300170,149.9,157.0,15.09,-0.59
300229,115.4,115.5,13.22,-0.38
300231,36.7,36.7,8.25,-0.12
300245,16.7,17.4,5.69,0.71
300264,23.8,27.7,6.42,-1.23
300277,90.9,180.0,11.87,-0.5
300287,46.7,50.8,3.54,-0.28
300288,25.6,33.8,9.99,-0.5
300290,38.5,38.5,6.02,-0.99
300300,49.5,49.5,7.42,-0.4
300302,105.3,136.9,28.56,-2.49
300333,42.5,42.6,12.68,19.96
300348,73.2,81.4,10.02,2.35
300366,27.3,31.2,5.14,0.0
300368,41.9,41.9,7.93,1.93
300378,82.8,83.4,30.72,-3.0
300380,36.8,40.0,28.9,0.35
300419,30.5,30.5,8.3,-2.35
300440,83.4,83.7,18.95,-1.97
300449,27.2,27.2,7.04,-0.71
300451,53.1,53.9,3.48,-0.57
300468,125.6,125.8,23.71,-1.29
300469,137.7,137.8,55.51,0.05
300523,46.8,46.8,20.12,-0.05
300525,50.3,61.3,8.16,0.0
300532,42.0,44.2,6.95,0.72
300542,31.9,38.4,12.87,-7.74
300551,35.8,35.9,10.55,-1.77
300556,17.5,19.6,16.14,-1.1
300561,40.9,55.7,16.98,11.34
300579,58.5,60.6,22.46,-2.6
300588,36.9,40.0,20.87,-0.95
300598,69.0,69.0,31.8,-1.7
300605,13.0,17.0,10.29,-1.34
300634,82.9,86.1,19.09,-0.1
300645,18.3,18.7,13.16,-1.57
300659,19.2,26.5,10.17,-1.07
300663,39.9,41.5,8.67,-0.57
300678,63.8,65.0,21.92,-0.05
300691,32.4,39.5,14.67,-1.34
300730,23.4,27.2,11.3,-0.96
300789,25.5,26.3,18.25,0.05
300790,85.5,97.4,18.71,-2.25
300803,508.8,512.6,84.06,5.26
300830,27.3,36.6,8.1,-0.74
300925,52.1,63.9,14.91,1.02
300935,18.5,24.4,30.75,-3.33
300996,46.3,55.0,13.9,-1.07
301042,30.1,31.5,32.58,-1.6
301178,23.2,31.4,33.74,-3.27
301185,22.8,25.2,16.42,-1.32
600100,229.2,229.2,6.84,1.94
600271,127.3,127.3,6.87,0.73
600410,146.3,146.3,13.34,-0.15
600571,49.8,50.7,10.87,0.65
600654,69.5,85.4,3.0,1.01
600718,98.9,98.9,8.27,0.98
601519,166.5,166.5,8.37,5.15
603138,36.7,37.3,12.72,-0.63
603232,34.3,34.5,14.83,-0.8
603496,75.8,75.8,23.68,-0.8
603636,40.4,40.4,6.96,0.0
603660,59.9,59.9,10.48,-1.5
603918,39.1,39.1,10.72,-1.38
603990,68.3,68.3,22.38,-4.56
605118,115.0,115.6,28.12,-1.99
605398,33.0,33.0,20.26,-0.25
688030,29.7,29.7,16.5,-0.54
688038,20.7,20.7,17.81,-1.11
688051,19.0,19.0,24.61,-1.12
688058,17.1,17.1,22.57,-1.27
688060,20.9,20.9,34.72,-1.42
688066,21.1,21.1,8.03,-1.23
688095,52.7,52.7,57.7,-0.76
688201,23.1,23.1,7.27,0.28
688228,54.2,54.2,80.3,-1.05
688229,28.4,28.4,63.96,-0.91
688232,58.6,58.6,18.19,0.61
688258,110.2,110.2,90.94,-1.69
688288,18.6,18.6,18.64,-1.27
688296,26.5,26.5,24.7,-1.36
688316,22.1,22.1,46.22,-1.05
688318,274.1,274.1,76.43,3.31
688500,27.1,27.4,36.11,-1.28
688509,16.4,32.7,4.25,0.24
688561,170.4,170.4,24.97,0.12
688588,37.4,37.4,9.59,-0.42
688590,35.7,39.7,12.68,0.08
688787,59.5,59.5,98.56,-1.72
688246,23.6,23.6,17.17,-1.89
300766,75.2,82.9,21.01,0.05
301159,16.5,24.1,31.11,-2.32
301117,14.8,23.1,12.8,-9.73
688171,31.4,31.4,26.88,-3.2
301218,33.4,54.3,47.61,0.19
301153,57.6,61.7,17.35,0.7
301269,513.4,513.4,93.7,1.41
000409,51.6,59.2,8.74,0.23
301095,123.8,143.3,71.57,-1.02
301330,49.2,56.6,24.06,0.12
301339,64.0,64.8,11.16,0.36
301316,150.1,154.9,38.37,-0.85
688031,120.0,120.0,99.08,-2.35
688244,22.7,22.7,15.01,-1.64
688291,42.0,42.0,40.91,-2.9
688152,31.6,31.6,31.02,-1.52
301396,240.5,365.2,169.94,-1.73
688206,186.8,215.7,42.79,3.31
688489,39.5,39.8,23.47,-0.76
688343,198.4,198.4,55.18,-0.76
688562,56.6,56.6,14.15,0.5
301315,35.6,35.6,40.45,1.05
688631,65.6,65.6,40.13,1.08
688651,10.6,23.1,22.54,-1.83
688695,10.3,16.4,19.25,-1.79
301182,59.6,65.3,68.18,-3.25
301600,27.5,89.1,85.23,-1.07
301556,16.9,49.0,57.47,-0.76
301638,56.2,714.5,22.47,0.49
300536,26.6,26.6,9.06,0.55
000034,197.5,236.5,23.26,0.09
000070,136.1,138.0,15.89,-1.12
002104,67.6,79.9,11.28,-0.44
002467,61.9,62.3,4.53,0.0
300134,63.8,63.8,8.31,-0.48
300183,40.0,49.8,10.77,1.13
300292,47.1,56.6,4.22,-0.94
300310,30.8,39.3,4.46,0.0
300353,102.0,116.2,18.89,0.16
300513,23.2,23.2,7.4,-0.4
300555,25.0,25.2,12.62,0.08
300560,33.5,41.1,17.9,0.39
300571,34.2,41.2,29.56,-1.37
300590,38.9,50.2,10.87,-0.73
300597,21.3,21.4,7.86,-0.76
300638,100.4,170.1,18.92,1.23
300710,22.1,29.5,29.69,-2.59
300913,101.4,121.6,35.48,-0.89
300959,46.7,71.8,89.29,-1.85
600289,25.5,28.4,4.5,-0.22
600487,1582.6,1590.8,64.5,-0.15
600498,504.7,539.1,39.69,-2.39
600522,1144.4,1144.4,33.53,-1.06
600734,36.6,36.6,1.68,0.6
600775,64.1,87.2,9.54,1.06
600776,122.5,160.9,12.81,-0.47
603220,99.8,99.8,18.6,0.32
688159,29.6,29.6,31.84,-2.27
688618,34.1,34.1,31.0,2.01
688283,34.1,34.1,28.03,-0.99
301191,66.3,87.9,90.76,3.76
301139,2.5,4.0,3.3,-4.07
000839,107.8,107.8,2.75,0.73
300603,28.7,35.7,7.67,0.39
301205,245.1,380.8,292.7,-3.69
688387,252.5,428.0,12.52,0.0
301314,7.8,23.7,42.89,-1.81
301382,90.1,108.8,38.14,-2.6
301428,19.4,27.4,27.8,-0.89
300383,218.2,218.6,12.16,0.08
300442,1016.1,1019.1,62.1,-0.8
688592,13.7,28.8,24.79,0.08
002881,75.5,124.6,41.25,3.64
300098,69.4,78.2,4.5,0.22
