date,wave,ticker,name,group,t0_date,t0_close,last_date,last_close,ret_asof_now,ret_max_seen,n_days_avail
2026-06-30,A,002428,云南锗业,watch,2026-06-30,120.17,2026-08-21,100.88,-16.05,0.0,38
2026-06-30,A,603688,石英股份,watch,2026-06-30,82.61,2026-08-21,48.75,-40.99,0.0,38
2026-06-30,A,600549,厦门钨业,watch,2026-06-30,85.2,2026-08-21,55.58,-34.77,0.0,38
2026-06-30,A,600160,巨化股份,watch,2026-06-30,53.01,2026-08-21,38.7,-26.99,5.36,38
2026-06-30,A,688608,恒玄科技,watch,2026-06-30,118.42,2026-08-21,107.49,-9.23,11.47,38
2026-06-30,A,688049,炬芯科技,watch,2026-06-30,46.91,2026-08-21,39.17,-16.5,0.11,38
2026-06-30,A,601958,金钼股份,watch,2026-06-30,27.62,2026-08-21,21.94,-20.56,1.01,38
2026-06-30,A,002915,中欣氟材,reject,2026-06-30,20.51,2026-08-21,16.91,-17.55,14.77,38
2026-06-30,A,000708,中信特钢,reject,2026-06-30,12.62,2026-08-21,13.64,8.08,18.78,38
2026-06-30,A,300224,正海磁材,reject,2026-06-30,13.33,2026-08-21,11.05,-17.1,6.45,38
2026-06-30,A,603505,金石资源,probe,2026-06-30,20.09,2026-08-21,15.28,-23.94,21.01,38
2026-06-30,A,600392,盛和资源,watch,2026-06-30,29.38,2026-08-21,22.73,-22.63,0.41,38
2026-06-30,A,002738,中矿资源,watch,2026-06-30,58.99,2026-08-21,54.3,-7.95,11.02,38
2026-06-30,A,002759,天际股份,watch,2026-06-30,24.39,2026-08-21,18.47,-24.27,10.0,37
2026-06-30,A,300285,国瓷材料,watch,2026-06-30,103.11,2026-08-21,67.86,-34.19,0.0,38
2026-06-30,A,002709,天赐材料,watch,2026-06-30,51.43,2026-08-21,37.96,-26.19,6.63,38
2026-06-30,A,002326,永太科技,watch,2026-06-30,23.65,2026-08-21,20.13,-14.88,18.39,38
2026-06-30,A,300709,精研科技,reject,2026-06-30,56.25,2026-08-21,40.76,-27.54,0.0,38
2026-06-30,A,300316,晶盛机电,reject,2026-06-30,60.4,2026-08-21,42.53,-29.59,0.18,38
2026-06-30,A,600456,宝钛股份,reject,2026-06-30,27.35,2026-08-21,27.35,0.0,6.4,38
2026-06-30,A,300433,蓝思科技,watch,2026-06-30,53.2,2026-08-21,37.19,-30.09,0.0,38
2026-06-30,A,605020,永和股份,probe,2026-06-30,40.72,2026-08-21,32.33,-20.6,18.84,38
2026-06-30,A,688120,华海清科,watch,2026-06-30,322.18,2026-08-21,271.7,-15.67,6.77,38
2026-06-30,A,688206,概伦电子,reject,2026-06-30,44.34,2026-08-21,43.3,-2.35,19.46,38
2026-06-30,A,002371,北方华创,probe,2026-06-30,883.76,2026-08-21,714.43,-19.16,5.74,38
2026-06-30,A,000969,安泰科技,watch,2026-06-30,24.54,2026-08-21,16.68,-32.03,1.83,38
2026-06-30,A,000962,东方钽业,watch,2026-06-30,90.6,2026-08-21,53.01,-41.49,0.0,38
2026-06-30,A,002639,雪人集团,watch,2026-06-30,13.91,2026-08-21,11.59,-16.68,1.51,38
2026-07-01,A,002428,云南锗业,reject,2026-07-01,114.84,2026-08-21,100.88,-12.16,0.0,37
2026-07-01,A,002080,中材科技,watch,2026-07-01,88.7,2026-08-21,53.91,-39.22,0.0,37
2026-07-01,A,688300,联瑞新材,watch,2026-07-01,231.0,2026-08-21,145.31,-37.1,0.0,37
2026-07-01,A,600141,兴发集团,probe,2026-07-01,45.67,2026-08-21,30.68,-32.82,0.0,37
2026-07-01,A,002138,顺络电子,probe,2026-07-01,74.6,2026-08-21,49.94,-33.06,0.0,37
2026-07-01,A,600549,厦门钨业,watch,2026-07-01,84.9,2026-08-21,55.58,-34.53,0.0,37
2026-07-01,A,002407,多氟多,reject,2026-07-01,55.25,2026-08-21,36.15,-34.57,0.0,37
2026-07-01,A,603505,金石资源,watch,2026-07-01,22.1,2026-08-21,15.28,-30.86,10.0,37
2026-07-01,A,002326,永太科技,probe,2026-07-01,26.02,2026-08-21,20.13,-22.64,7.61,37
2026-07-01,A,605020,永和股份,probe,2026-07-01,43.99,2026-08-21,32.33,-26.51,10.0,37
2026-07-01,A,301127,天际股份,reject,2026-07-01,20.79,2026-08-21,18.82,-9.48,0.0,37
2026-07-01,A,002895,川恒股份,reject,2026-07-01,30.6,2026-08-21,33.7,10.13,15.85,37
2026-07-01,A,600409,三友化工,reject,2026-07-01,6.25,2026-08-21,6.71,7.36,10.88,37
2026-07-01,A,300457,赢合科技,reject,2026-07-01,21.35,2026-08-21,19.95,-6.56,0.0,37
2026-07-01,A,002738,中矿资源,reject,2026-07-01,64.89,2026-08-21,54.3,-16.32,0.92,37
2026-07-01,A,300709,精研科技,watch,2026-07-01,52.1,2026-08-21,40.76,-21.77,0.0,37
2026-07-01,A,688210,统联精密,reject,2026-07-01,39.37,2026-08-21,30.99,-21.29,0.0,37
2026-07-01,A,600456,宝钛股份,reject,2026-07-01,27.8,2026-08-21,27.35,-1.62,4.68,37
2026-07-01,A,603327,福蓉科技,reject,2026-07-01,8.32,2026-08-21,9.33,12.14,12.14,37
2026-07-01,A,600160,巨化股份,probe,2026-07-01,55.85,2026-08-21,38.7,-30.71,0.0,37
2026-07-01,A,002378,章源钨业,watch,2026-07-01,32.9,2026-08-21,26.2,-20.36,7.69,37
2026-07-01,A,688456,有研粉材,reject,2026-07-01,136.51,2026-08-21,82.9,-39.27,0.0,37
2026-07-01,A,688305,科德数控,reject,2026-07-01,67.24,2026-08-21,63.21,-5.99,12.37,37
2026-07-01,A,688120,华海清科,watch,2026-07-01,330.0,2026-08-21,271.7,-17.67,4.24,37
2026-07-01,A,688200,华峰测控,watch,2026-07-01,529.85,2026-08-21,412.52,-22.14,2.48,37
2026-07-01,A,688019,安集科技,probe,2026-07-01,322.6,2026-08-21,241.07,-25.27,6.6,37
2026-07-01,A,300054,鼎龙股份,watch,2026-07-01,100.3,2026-08-21,73.84,-26.38,0.0,37
2026-07-01,A,300285,国瓷材料,watch,2026-07-01,98.75,2026-08-21,67.86,-31.28,0.0,37
2026-07-01,A,000962,东方钽业,watch,2026-07-01,86.31,2026-08-21,53.01,-38.58,0.0,37
2026-07-01,A,002859,洁美科技,reject,2026-07-01,109.9,2026-08-21,67.47,-38.61,0.0,37
2026-07-01,A,603308,应流股份,watch,2026-07-01,61.14,2026-08-21,44.28,-27.58,2.27,37
2026-07-02,A,603662,柯力传感,probe,2026-07-02,73.36,2026-08-21,49.48,-32.55,8.37,36
2026-07-02,A,688102,斯瑞新材,reject,2026-07-02,46.21,2026-08-21,34.16,-26.08,5.04,36
2026-07-02,A,002886,沃特股份,watch,2026-07-02,27.61,2026-08-21,21.24,-23.07,1.3,36
2026-07-02,A,600111,北方稀土,watch,2026-07-02,48.2,2026-08-21,40.17,-16.66,0.77,36
2026-07-02,A,600206,有研新材,reject,2026-07-02,57.77,2026-08-21,54.24,-6.11,3.77,36
2026-07-02,A,301069,凯盛新材,watch,2026-07-02,21.75,2026-08-21,16.26,-25.24,0.0,36
2026-07-02,A,603663,三祥新材,reject,2026-07-02,63.9,2026-08-21,43.11,-32.54,0.0,36
2026-07-02,A,600160,巨化股份,watch,2026-07-02,54.83,2026-08-21,38.7,-29.42,0.0,36
2026-07-02,A,603379,三美股份,probe,2026-07-02,83.48,2026-08-21,61.45,-26.39,0.0,36
2026-07-02,A,601137,博威合金,reject,2026-07-02,22.83,2026-08-21,19.19,-15.94,0.0,36
2026-07-02,A,688716,中研股份,reject,2026-07-02,33.19,2026-08-21,27.69,-16.57,12.08,36
2026-07-02,A,301076,新瀚新材,probe,2026-07-02,27.81,2026-08-21,20.4,-26.65,6.4,36
2026-07-02,A,300354,东华测试,probe,2026-07-02,36.99,2026-08-21,29.15,-21.19,1.78,36
2026-07-02,A,000708,中信特钢,reject,2026-07-02,12.87,2026-08-21,13.64,5.98,16.47,36
2026-07-02,A,002407,多氟多,watch,2026-07-02,54.82,2026-08-21,36.15,-34.06,0.0,36
2026-07-02,A,002759,天际股份,probe,2026-07-02,26.25,2026-08-21,18.47,-29.64,0.0,35
2026-07-02,A,000831,中国稀土,watch,2026-07-02,53.17,2026-08-21,56.33,5.94,18.09,36
2026-07-02,A,688131,皓元医药,probe,2026-07-02,92.32,2026-08-21,97.39,5.49,8.77,36
2026-07-02,A,688293,奥浦迈,probe,2026-07-02,42.91,2026-08-21,61.75,43.91,57.38,36
2026-07-02,A,688690,纳微科技,probe,2026-07-02,42.32,2026-08-21,43.4,2.55,7.21,36
2026-07-02,A,300725,药石科技,probe,2026-07-02,36.79,2026-08-21,51.46,39.87,48.93,36
2026-07-02,A,600577,精达股份,reject,2026-07-02,9.39,2026-08-21,8.66,-7.77,3.19,36
2026-07-02,A,603191,望变电气,reject,2026-07-02,15.83,2026-08-21,14.73,-6.95,7.01,36
2026-07-02,A,688226,威腾电气,reject,2026-07-02,41.9,2026-08-21,29.24,-30.21,0.0,36
2026-07-02,A,688190,云路股份,reject,2026-07-02,86.49,2026-08-21,73.06,-15.53,0.59,36
2026-07-02,A,002606,大连电瓷,probe,2026-07-02,13.48,2026-08-21,13.65,1.26,11.05,36
2026-07-02,A,600010,包钢股份,reject,2026-07-02,2.22,2026-08-21,2.19,-1.35,3.15,36
2026-07-02,A,600378,昊华科技,probe,2026-07-02,82.17,2026-08-21,47.24,-42.51,0.0,36
2026-07-02,A,600673,东阳光,reject,2026-07-02,36.46,2026-08-21,33.74,-7.46,6.28,36
2026-07-02,A,300343,联创股份,reject,2026-07-02,6.96,2026-08-21,5.73,-17.67,0.0,36
2026-07-02,A,600549,厦门钨业,watch,2026-07-02,82.15,2026-08-21,55.58,-32.34,0.0,36
2026-07-02,A,000657,中钨高新,probe,2026-07-02,96.78,2026-08-21,68.14,-29.59,0.0,36
2026-07-02,A,000969,安泰科技,watch,2026-07-02,24.99,2026-08-21,16.68,-33.25,0.0,36
2026-07-02,A,688308,欧科亿,watch,2026-07-02,176.49,2026-08-21,97.28,-44.88,0.0,36
2026-07-02,A,688776,国光电气,watch,2026-07-02,58.66,2026-08-21,47.28,-19.4,0.75,36
2026-07-02,A,002438,江苏神通,watch,2026-07-02,14.33,2026-08-21,13.85,-3.35,6.7,36
2026-07-02,A,002378,章源钨业,probe,2026-07-02,35.43,2026-08-21,26.2,-26.05,0.0,36
2026-07-03,A,002428,云南锗业,watch,2026-07-03,105.07,2026-08-21,100.88,-3.99,4.69,35
2026-07-03,A,300563,神宇股份,reject,2026-07-03,27.8,2026-08-21,23.26,-16.33,0.9,35
2026-07-03,A,688629,华丰科技,probe,2026-07-03,180.0,2026-08-21,139.09,-22.73,16.49,35
2026-07-03,A,002837,英维克,watch,2026-07-03,71.43,2026-08-21,54.12,-24.23,6.22,35
2026-07-03,A,688608,恒玄科技,reject,2026-07-03,113.97,2026-08-21,107.49,-5.69,15.82,35
2026-07-03,A,688484,南芯科技,reject,2026-07-03,48.06,2026-08-21,36.11,-24.86,0.0,35
2026-07-03,A,300174,元力股份,watch,2026-07-03,29.74,2026-08-21,19.83,-33.32,0.0,35
2026-07-03,A,601958,金钼股份,watch,2026-07-03,24.58,2026-08-21,21.94,-10.74,0.37,35
2026-07-03,A,300748,金力永磁,probe,2026-07-03,34.25,2026-08-21,27.57,-19.5,0.0,35
2026-07-03,A,301076,新瀚新材,watch,2026-07-03,29.59,2026-08-21,20.4,-31.06,0.0,35
2026-07-03,A,605488,福莱新材,watch,2026-07-03,34.88,2026-08-21,29.55,-15.28,0.0,35
2026-07-03,A,300354,东华测试,reject,2026-07-03,37.21,2026-08-21,29.15,-21.66,1.18,35
2026-07-03,A,000831,中国稀土,probe,2026-07-03,54.45,2026-08-21,56.33,3.45,15.32,35
2026-07-03,A,688234,天岳先进,watch,2026-07-03,145.6,2026-08-21,109.95,-24.48,7.6,35
2026-07-03,A,002466,天齐锂业,watch,2026-07-03,58.66,2026-08-21,48.38,-17.52,0.9,35
2026-07-03,A,300627,华测导航,reject,2026-07-03,28.6,2026-08-21,27.13,-5.14,1.71,35
2026-07-03,A,002703,浙江世宝,probe,2026-07-03,15.08,2026-08-21,13.65,-9.48,8.42,35
2026-07-03,A,688071,华依科技,reject,2026-07-03,36.21,2026-08-21,33.67,-7.01,11.27,35
2026-07-03,A,300552,万集科技,reject,2026-07-03,23.93,2026-08-21,20.22,-15.5,3.97,35
2026-07-03,A,300709,精研科技,watch,2026-07-03,50.8,2026-08-21,40.76,-19.76,0.0,35
2026-07-03,A,600114,东睦股份,watch,2026-07-03,37.73,2026-08-21,30.22,-19.9,0.0,35
2026-07-03,A,600456,宝钛股份,reject,2026-07-03,28.07,2026-08-21,27.35,-2.57,3.67,35
2026-07-03,A,688127,蓝特光学,watch,2026-07-03,84.3,2026-08-21,65.73,-22.03,0.0,35
2026-07-03,A,603191,望变电气,watch,2026-07-03,15.82,2026-08-21,14.73,-6.89,7.08,35
2026-07-03,A,600577,精达股份,reject,2026-07-03,9.69,2026-08-21,8.66,-10.63,0.0,35
2026-07-03,A,688190,云路股份,reject,2026-07-03,87.0,2026-08-21,73.06,-16.02,0.0,35
2026-07-03,A,002533,金杯电工,reject,2026-07-03,11.03,2026-08-21,11.22,1.72,7.98,35
2026-07-03,A,688102,斯瑞新材,probe,2026-07-03,48.54,2026-08-21,34.16,-29.63,0.0,35
2026-07-03,A,300045,华力创通,reject,2026-07-03,17.7,2026-08-21,12.75,-27.97,0.0,35
2026-07-03,A,688239,航宇科技,probe,2026-07-03,62.19,2026-08-21,48.21,-22.48,0.0,35
2026-07-03,A,002935,天奥电子,probe,2026-07-03,23.2,2026-08-21,15.94,-31.29,0.0,35
2026-07-03,A,600399,抚顺特钢,reject,2026-07-03,4.24,2026-08-21,4.33,2.12,3.54,35
2026-07-03,A,300395,菲利华,watch,2026-07-03,114.02,2026-08-21,87.99,-22.83,0.0,35
2026-07-03,A,002025,航天电器,probe,2026-07-03,83.55,2026-08-21,62.67,-24.99,9.99,35
2026-07-03,A,688582,芯动联科,reject,2026-07-03,60.0,2026-08-21,41.6,-30.67,0.05,35
2026-07-06,A,002428,云南锗业,reject,2026-07-06,105.31,2026-08-21,100.88,-4.21,4.45,34
2026-07-06,A,301128,强瑞技术,watch,2026-07-06,150.51,2026-08-21,109.48,-27.26,0.0,34
2026-07-06,A,002171,楚江新材,reject,2026-07-06,12.73,2026-08-21,9.65,-24.19,0.24,34
2026-07-06,A,002130,沃尔核材,watch,2026-07-06,18.34,2026-08-21,16.29,-11.18,0.0,34
2026-07-06,A,002993,奥海科技,watch,2026-07-06,67.82,2026-08-21,38.38,-43.41,0.0,34
2026-07-06,A,688484,南芯科技,reject,2026-07-06,46.05,2026-08-21,36.11,-21.59,2.84,34
2026-07-06,A,300019,硅宝科技,reject,2026-07-06,18.77,2026-08-21,14.54,-22.54,14.28,34
2026-07-06,A,688456,有研粉材,watch,2026-07-06,119.61,2026-08-21,82.9,-30.69,0.0,34
2026-07-06,A,688716,中研股份,reject,2026-07-06,37.2,2026-08-21,27.69,-25.56,0.0,34
2026-07-06,A,301076,新瀚新材,reject,2026-07-06,27.82,2026-08-21,20.4,-26.67,0.0,34
2026-07-06,A,000708,中信特钢,reject,2026-07-06,13.5,2026-08-21,13.64,1.04,11.04,34
2026-07-06,A,603505,金石资源,watch,2026-07-06,20.18,2026-08-21,15.28,-24.28,0.0,34
2026-07-06,A,601137,博威合金,reject,2026-07-06,21.87,2026-08-21,19.19,-12.25,0.0,34
2026-07-06,A,688131,皓元医药,probe,2026-07-06,92.11,2026-08-21,97.39,5.73,9.02,34
2026-07-06,A,688293,奥浦迈,probe,2026-07-06,44.24,2026-08-21,61.75,39.58,52.64,34
2026-07-06,A,688690,纳微科技,watch,2026-07-06,41.06,2026-08-21,43.4,5.7,10.5,34
2026-07-06,A,300725,药石科技,probe,2026-07-06,37.45,2026-08-21,51.46,37.41,46.3,34
2026-07-06,A,603191,望变电气,watch,2026-07-06,15.62,2026-08-21,14.73,-5.7,8.45,34
2026-07-06,A,002270,华明装备,watch,2026-07-06,19.86,2026-08-21,19.26,-3.02,5.99,34
2026-07-06,A,600577,精达股份,reject,2026-07-06,9.37,2026-08-21,8.66,-7.58,0.0,34
2026-07-06,A,688190,云路股份,reject,2026-07-06,85.59,2026-08-21,73.06,-14.64,0.0,34
2026-07-06,A,600873,梅花生物,probe,2026-07-06,7.67,2026-08-21,7.76,1.17,10.04,34
2026-07-06,A,600299,安迪苏,reject,2026-07-06,8.32,2026-08-21,8.49,2.04,4.45,34
2026-07-06,A,600201,生物股份,watch,2026-07-06,12.74,2026-08-21,12.65,-0.71,9.65,34
2026-07-06,A,603566,普莱柯,watch,2026-07-06,10.55,2026-08-21,10.29,-2.46,4.36,34
2026-07-07,A,603688,石英股份,watch,2026-07-07,64.91,2026-08-21,48.75,-24.9,3.48,33
2026-07-07,A,600497,驰宏锌锗,reject,2026-07-07,10.34,2026-08-21,10.12,-2.13,3.77,33
2026-07-07,A,000657,中钨高新,watch,2026-07-07,76.84,2026-08-21,68.14,-11.32,0.0,33
2026-07-07,A,600206,有研新材,watch,2026-07-07,55.94,2026-08-21,54.24,-3.04,7.17,33
2026-07-07,A,688012,中微公司,watch,2026-07-07,420.04,2026-08-21,362.5,-13.7,12.27,33
2026-07-07,A,688120,华海清科,watch,2026-07-07,276.0,2026-08-21,271.7,-1.56,24.64,33
2026-07-07,A,688147,微导纳米,watch,2026-07-07,142.2,2026-08-21,119.72,-15.81,10.41,33
2026-07-07,A,688361,中科飞测,watch,2026-07-07,356.6,2026-08-21,349.46,-2.0,25.21,33
2026-07-08,A,600183,生益科技,watch,2026-07-08,145.46,2026-08-21,132.8,-8.7,8.21,32
2026-07-08,A,600206,有研新材,watch,2026-07-08,53.94,2026-08-21,54.24,0.56,11.14,32
2026-07-08,A,000657,中钨高新,watch,2026-07-08,73.95,2026-08-21,68.14,-7.86,2.76,32
2026-07-08,A,688766,普冉股份,watch,2026-07-08,694.0,2026-08-21,463.65,-33.19,9.81,32
2026-07-08,A,600378,昊华科技,watch,2026-07-08,62.51,2026-08-21,47.24,-24.43,5.9,32
2026-07-08,A,601958,金钼股份,watch,2026-07-08,21.41,2026-08-21,21.94,2.48,15.23,32
2026-07-08,A,688072,拓荆科技,watch,2026-07-13,845.0,2026-08-21,673.5,-20.3,0.59,29
2026-07-08,A,688120,华海清科,watch,2026-07-08,295.0,2026-08-21,271.7,-7.9,16.61,32
2026-07-08,A,603688,石英股份,reject,2026-07-08,61.06,2026-08-21,48.75,-20.16,10.01,32
2026-07-08,A,688409,富创精密,reject,2026-07-08,265.2,2026-08-21,209.0,-21.19,8.09,32
2026-07-09,A,603688,石英股份,watch,2026-07-09,67.17,2026-08-21,48.75,-27.42,0.0,31
2026-07-09,A,600353,旭光电子,reject,2026-07-09,40.88,2026-08-21,38.28,-6.36,3.23,31
2026-07-09,A,600176,中国巨石,watch,2026-07-09,58.7,2026-08-21,42.04,-28.38,0.0,31
2026-07-09,A,600549,厦门钨业,watch,2026-07-09,64.71,2026-08-21,55.58,-14.11,0.0,31
2026-07-09,A,688690,纳微科技,watch,2026-07-09,40.45,2026-08-21,43.4,7.29,12.16,31
2026-07-09,A,688293,奥浦迈,reject,2026-07-09,43.1,2026-08-21,61.75,43.27,56.68,31
2026-07-09,A,688179,阿拉丁,reject,2026-07-09,28.31,2026-08-21,20.89,-26.21,0.0,31
2026-07-09,A,688409,富创精密,watch,2026-07-09,286.66,2026-08-21,209.0,-27.09,0.0,31
2026-07-09,A,688268,华特气体,reject,2026-07-09,229.21,2026-08-21,145.2,-36.65,0.0,31
2026-07-09,A,688019,安集科技,probe,2026-07-09,343.9,2026-08-21,241.07,-29.9,0.0,31
2026-07-10,A,002428,云南锗业,watch,2026-07-10,100.26,2026-08-21,100.88,0.62,9.37,30
2026-07-10,A,301217,铜冠铜箔,watch,2026-07-10,132.09,2026-08-21,114.8,-13.09,1.6,30
2026-07-10,A,688137,近岸蛋白,reject,2026-07-10,39.0,2026-08-21,80.99,107.67,107.67,30
2026-07-10,A,301301,川宁生物,reject,2026-07-10,8.42,2026-08-21,9.02,7.13,12.23,30
2026-07-10,A,688621,阳光诺和,reject,2026-07-10,51.61,2026-08-21,66.01,27.9,31.56,30
2026-07-10,A,002158,汉钟精机,reject,2026-07-10,36.89,2026-08-21,26.35,-28.57,0.0,30
2026-07-10,A,300820,英杰电气,watch,2026-07-10,67.51,2026-08-21,52.71,-21.92,0.0,30
2026-07-10,A,300346,南大光电,watch,2026-07-10,74.27,2026-08-21,56.85,-23.45,0.0,30
2026-07-10,A,300706,阿石创,reject,2026-07-10,65.08,2026-08-21,52.42,-19.45,0.26,30
2026-07-10,A,603005,晶方科技,watch,2026-07-10,43.97,2026-08-21,32.75,-25.52,0.0,30
2026-07-10,A,600206,有研新材,reject,2026-07-10,59.95,2026-08-21,54.24,-9.52,0.0,30
2026-07-10,A,603688,石英股份,reject,2026-07-10,65.5,2026-08-21,48.75,-25.57,0.0,30
2026-07-10,A,600549,厦门钨业,watch,2026-07-10,63.35,2026-08-21,55.58,-12.27,0.0,30
2026-07-10,A,688608,恒玄科技,reject,2026-07-10,118.2,2026-08-21,107.49,-9.06,11.68,30
2026-07-10,A,688049,炬芯科技,watch,2026-07-10,44.75,2026-08-21,39.17,-12.47,0.0,30
2026-07-10,A,002378,章源钨业,reject,2026-07-10,27.37,2026-08-21,26.2,-4.27,3.32,30
2026-07-10,A,688690,纳微科技,watch,2026-07-10,40.1,2026-08-21,43.4,8.23,13.14,30
2026-07-10,A,688131,皓元医药,watch,2026-07-10,87.67,2026-08-21,97.39,11.09,14.54,30
2026-07-10,A,603191,望变电气,reject,2026-07-10,14.41,2026-08-21,14.73,2.22,17.56,30
2026-07-10,A,600089,特变电工,reject,2026-07-10,20.06,2026-08-21,20.05,-0.05,7.88,30
2026-07-10,A,000933,神火股份,probe,2026-07-10,23.49,2026-08-21,25.78,9.75,16.39,30
2026-07-10,A,603606,东方电缆,watch,2026-07-10,39.98,2026-08-21,34.11,-14.68,5.95,30
2026-07-10,A,002179,中航光电,watch,2026-07-10,39.1,2026-08-21,34.42,-11.97,0.0,30
2026-07-10,A,600456,宝钛股份,reject,2026-07-10,27.8,2026-08-21,27.35,-1.62,4.68,30
2026-07-10,A,002025,航天电器,watch,2026-07-10,79.15,2026-08-21,62.67,-20.82,0.0,30
2026-07-10,A,688333,铂力特,probe,2026-07-10,111.05,2026-08-21,105.46,-5.03,4.64,30
2026-07-15,A,688690,纳微科技,watch,2026-07-15,37.99,2026-08-21,43.4,14.24,19.43,27
2026-07-15,A,688293,奥浦迈,watch,2026-07-15,53.95,2026-08-21,61.75,14.46,25.17,27
2026-07-15,A,688131,皓元医药,watch,2026-07-15,91.4,2026-08-21,97.39,6.55,9.87,27
2026-07-29,B,000538,云南白药,watch,2026-07-29,51.89,2026-08-21,49.33,-4.93,1.87,17
2026-07-29,B,603383,顶点软件,watch,2026-07-29,29.55,2026-08-21,28.59,-3.25,4.67,17
2026-07-29,B,600019,宝钢股份,watch,2026-07-29,6.11,2026-08-21,5.81,-4.91,2.45,17
2026-07-29,B,002270,华明装备,watch,2026-07-29,19.89,2026-08-21,19.26,-3.17,5.83,17
2026-07-29,B,002385,大北农,watch,2026-07-29,3.0,2026-08-21,3.18,6.0,13.67,17
2026-07-29,B,601168,西部矿业,watch,2026-07-29,36.91,2026-08-21,37.85,2.55,16.69,17
2026-07-29,B,688122,西部超导,watch,2026-07-29,52.07,2026-08-21,49.2,-5.51,5.19,17
2026-07-29,B,000831,中国稀土,watch,2026-07-29,48.03,2026-08-21,56.33,17.28,30.73,17
2026-07-29,B,002438,江苏神通,watch,2026-07-29,12.58,2026-08-21,13.85,10.1,21.54,17
2026-07-29,B,688690,纳微科技,watch,2026-07-29,35.28,2026-08-21,43.4,23.02,28.6,17
2026-07-29,B,603379,三美股份,watch,2026-07-29,59.16,2026-08-21,61.45,3.87,14.47,17
2026-07-29,B,600259,广晟有色,watch,2026-07-29,71.13,2026-08-21,85.3,19.92,29.62,17
2026-07-29,B,603505,金石资源,watch,2026-07-29,16.09,2026-08-21,15.28,-5.03,5.78,17
2026-07-29,B,002821,凯莱英,watch,2026-07-29,155.01,2026-08-21,168.1,8.44,17.67,17
2026-07-29,B,600549,厦门钨业,watch,2026-07-29,47.37,2026-08-21,55.58,17.33,26.56,17
2026-07-29,B,603688,石英股份,watch,2026-07-29,43.57,2026-08-21,48.75,11.89,18.2,17
2026-07-29,B,000657,中钨高新,watch,2026-07-29,52.54,2026-08-21,68.14,29.69,38.83,17
2026-07-30,B,600114,东睦股份,watch,2026-07-30,24.97,2026-08-21,30.22,21.03,22.51,16
2026-07-30,B,000657,中钨高新,watch,2026-07-30,48.4,2026-08-21,68.14,40.79,50.7,16
2026-07-30,B,603505,金石资源,watch,2026-07-30,15.94,2026-08-21,15.28,-4.14,6.78,16
2026-07-30,B,688690,纳微科技,watch,2026-07-30,34.34,2026-08-21,43.4,26.38,32.12,16
2026-07-30,B,300395,菲利华,watch,2026-07-30,71.6,2026-08-21,87.99,22.89,33.03,16
2026-07-30,B,688017,绿的谐波,watch,2026-07-30,261.0,2026-08-21,314.35,20.44,45.9,16
2026-07-30,B,300487,蓝晓科技,watch,2026-07-30,56.04,2026-08-21,66.89,19.36,24.84,16
2026-07-30,B,002385,大北农,watch,2026-07-30,3.02,2026-08-21,3.18,5.3,12.91,16
2026-07-30,B,688234,天岳先进,watch,2026-07-30,81.35,2026-08-21,109.95,35.16,48.31,16
2026-07-30,B,603477,巨星农牧,watch,2026-07-30,14.9,2026-08-21,14.35,-3.69,3.83,16
2026-07-30,B,600259,广晟有色,watch,2026-07-30,69.05,2026-08-21,85.3,23.53,33.53,16
2026-07-30,B,000568,泸州老窖,watch,2026-07-30,90.54,2026-08-21,85.2,-5.9,1.37,16
2026-07-30,B,601899,紫金矿业,watch,2026-07-30,32.3,2026-08-21,34.74,7.55,8.42,16
2026-07-30,B,603596,伯特利,watch,2026-07-30,25.88,2026-08-21,25.12,-2.94,6.26,16
2026-07-30,B,601168,西部矿业,watch,2026-07-30,36.65,2026-08-21,37.85,3.27,17.52,16
2026-07-30,B,300034,钢研高纳,watch,2026-07-30,15.51,2026-08-21,15.54,0.19,5.61,16
2026-07-30,B,002821,凯莱英,watch,2026-07-30,145.95,2026-08-21,168.1,15.18,24.97,16
2026-07-30,B,301047,义翘神州,watch,2026-07-30,67.02,2026-08-21,118.8,77.26,108.13,16
2026-07-30,B,600436,片仔癀,watch,2026-07-30,136.23,2026-08-21,124.1,-8.9,2.6,16
2026-07-30,B,603383,顶点软件,watch,2026-07-30,29.86,2026-08-21,28.59,-4.25,3.58,16
2026-07-30,B,000534,万泽股份,watch,2026-07-30,24.99,2026-08-21,27.03,8.16,19.33,16
2026-07-30,B,600019,宝钢股份,watch,2026-07-30,6.26,2026-08-21,5.81,-7.19,0.0,16
2026-07-30,B,300468,四方精创,watch,2026-07-30,22.05,2026-08-21,22.21,0.73,7.53,16
2026-07-30,B,300130,新国都,watch,2026-07-30,18.6,2026-08-21,18.25,-1.88,9.62,16
2026-07-30,B,000858,五粮液,watch,2026-07-30,78.56,2026-08-21,71.19,-9.38,0.0,16
2026-07-30,B,002378,章源钨业,watch,2026-07-30,21.38,2026-08-21,26.2,22.54,32.27,16
2026-08-03,B,300627,华测导航,watch,2026-08-03,28.59,2026-08-21,27.13,-5.11,1.75,14
2026-08-03,B,600497,驰宏锌锗,watch,2026-08-03,9.25,2026-08-21,10.12,9.41,16.0,14
2026-08-03,B,688690,纳微科技,watch,2026-08-03,33.15,2026-08-21,43.4,30.92,36.86,14
2026-08-03,B,603379,三美股份,watch,2026-08-03,60.32,2026-08-21,61.45,1.87,12.27,14
2026-08-03,B,000657,中钨高新,watch,2026-08-03,47.99,2026-08-21,68.14,41.99,51.99,14
2026-08-03,B,002821,凯莱英,watch,2026-08-03,146.92,2026-08-21,168.1,14.42,24.15,14
2026-08-03,B,601888,中国中免,watch,2026-08-03,57.97,2026-08-21,52.29,-9.8,0.0,14
2026-08-03,B,000568,泸州老窖,watch,2026-08-03,90.39,2026-08-21,85.2,-5.74,1.54,14
2026-08-03,B,002041,登海种业,watch,2026-08-03,8.93,2026-08-21,9.26,3.7,14.0,14
2026-08-03,B,920982,锦波生物,watch,2026-08-03,128.98,2026-08-21,121.65,-5.68,8.01,14
2026-08-03,B,600301,华锡有色,watch,2026-08-03,41.63,2026-08-21,47.71,14.6,22.48,14
2026-08-03,B,600436,片仔癀,watch,2026-08-03,138.11,2026-08-21,124.1,-10.14,1.2,14
2026-08-03,B,601168,西部矿业,watch,2026-08-03,37.5,2026-08-21,37.85,0.93,14.85,14
2026-08-03,B,300748,金力永磁,watch,2026-08-03,26.11,2026-08-21,27.57,5.59,8.77,14
2026-08-04,B,603688,石英股份,watch,2026-08-04,43.46,2026-08-21,48.75,12.17,18.5,13
2026-08-04,B,002167,东方锆业,watch,2026-08-04,15.4,2026-08-21,16.74,8.7,19.42,13
2026-08-04,B,603379,三美股份,watch,2026-08-04,61.63,2026-08-21,61.45,-0.29,9.88,13
2026-08-04,B,002179,中航光电,watch,2026-08-04,34.41,2026-08-21,34.42,0.03,4.85,13
2026-08-04,B,300199,翰宇药业,watch,2026-08-04,21.26,2026-08-21,23.1,8.65,24.74,13
2026-08-04,B,600363,联创光电,watch,2026-08-04,27.38,2026-08-21,18.21,-33.49,0.0,13
2026-08-04,B,300363,博腾股份,watch,2026-08-04,17.73,2026-08-21,21.89,23.46,38.07,13
2026-08-04,B,688105,诺唯赞,watch,2026-08-04,18.46,2026-08-21,24.24,31.31,38.24,13
2026-08-04,B,002155,湖南黄金,watch,2026-08-04,23.04,2026-08-19,24.56,6.6,17.53,11
2026-08-04,B,688375,国博电子,watch,2026-08-04,78.01,2026-08-21,79.62,2.06,10.68,13
2026-08-04,B,000568,泸州老窖,watch,2026-08-04,89.3,2026-08-21,85.2,-4.59,2.78,13
2026-08-04,B,601888,中国中免,watch,2026-08-04,56.82,2026-08-21,52.29,-7.97,0.0,13
2026-08-04,B,600771,广誉远,watch,2026-08-04,14.58,2026-08-21,13.44,-7.82,0.0,13
2026-08-04,B,300627,华测导航,watch,2026-08-04,28.66,2026-08-21,27.13,-5.34,1.5,13
2026-08-04,B,000657,中钨高新,watch,2026-08-04,52.21,2026-08-21,68.14,30.51,39.71,13
2026-08-06,B,002463,沪电股份,watch,2026-08-06,117.2,2026-08-21,121.21,3.42,7.4,11
2026-08-06,B,920185,贝特瑞,watch,2026-08-06,21.19,2026-08-21,20.4,-3.73,2.31,11
2026-08-06,B,000831,中国稀土,watch,2026-08-06,51.99,2026-08-21,56.33,8.35,20.77,11
2026-08-06,B,603663,三祥新材,watch,2026-08-06,39.31,2026-08-21,43.11,9.67,16.69,11
2026-08-06,B,603191,望变电气,watch,2026-08-06,14.04,2026-08-21,14.73,4.91,20.66,11
2026-08-06,B,605020,永和股份,watch,2026-08-06,35.32,2026-08-21,32.33,-8.47,1.64,11
2026-08-06,B,002378,章源钨业,watch,2026-08-06,26.37,2026-08-21,26.2,-0.64,7.24,11
2026-08-06,B,688690,纳微科技,watch,2026-08-06,38.1,2026-08-21,43.4,13.91,19.08,11
2026-08-06,B,600299,安迪苏,watch,2026-08-06,8.69,2026-08-21,8.49,-2.3,0.0,11
2026-08-06,B,301393,昊帆生物,watch,2026-08-06,58.21,2026-08-21,65.43,12.4,19.33,11
2026-08-06,B,300034,钢研高纳,watch,2026-08-06,16.02,2026-08-21,15.54,-3.0,2.25,11
2026-08-06,B,601888,中国中免,watch,2026-08-06,55.56,2026-08-21,52.29,-5.89,1.22,11
2026-08-06,B,600436,片仔癀,watch,2026-08-06,135.79,2026-08-21,124.1,-8.61,2.93,11
2026-08-06,B,603383,顶点软件,watch,2026-08-06,30.41,2026-08-21,28.59,-5.98,0.0,11
2026-08-06,B,600619,海立股份,watch,2026-08-06,14.19,2026-08-21,13.89,-2.11,3.45,11
2026-08-06,B,600019,宝钢股份,watch,2026-08-06,5.85,2026-08-21,5.81,-0.68,1.03,11
2026-08-06,B,600497,驰宏锌锗,watch,2026-08-06,10.32,2026-08-21,10.12,-1.94,3.97,11
2026-08-06,B,600456,宝钛股份,watch,2026-08-06,28.46,2026-08-21,27.35,-3.9,1.58,11
2026-08-06,B,601958,金钼股份,watch,2026-08-06,22.87,2026-08-21,21.94,-4.07,7.87,11
2026-08-06,B,603993,洛阳钼业,watch,2026-08-06,20.37,2026-08-21,18.62,-8.59,2.26,11
2026-08-06,B,688120,华海清科,watch,2026-08-06,244.6,2026-08-21,271.7,11.08,18.02,11
2026-08-06,B,300395,菲利华,watch,2026-08-06,81.83,2026-08-21,87.99,7.53,16.4,11
2026-08-06,B,601020,华钰矿业,watch,2026-08-06,20.7,2026-08-21,22.14,6.96,12.42,11
2026-08-06,B,688356,键凯科技,watch,2026-08-06,68.2,2026-08-21,107.34,57.39,57.39,11
2026-08-06,B,600160,巨化股份,watch,2026-08-06,43.84,2026-08-21,38.7,-11.72,0.96,11
2026-08-06,B,001270,铖昌科技,watch,2026-08-06,116.2,2026-08-21,103.9,-10.59,4.0,11
2026-08-06,B,688361,中科飞测,watch,2026-08-06,345.0,2026-08-21,349.46,1.29,7.81,11
2026-08-06,B,300855,图南股份,watch,2026-08-06,29.3,2026-08-21,33.82,15.43,15.43,11
2026-08-06,B,603229,奥翔药业,watch,2026-08-06,7.74,2026-08-21,8.1,4.65,8.53,11
2026-08-06,B,688072,拓荆科技,watch,2026-08-06,682.03,2026-08-21,673.5,-1.25,10.77,11
2026-08-06,B,300488,恒锋工具,watch,2026-08-06,31.01,2026-08-21,31.33,1.03,8.03,11
2026-08-06,B,000998,隆平高科,watch,2026-08-06,8.25,2026-08-21,8.35,1.21,11.76,11
2026-08-11,B,688105,诺唯赞,watch,2026-08-11,22.66,2026-08-21,24.24,6.97,12.62,8
2026-08-11,B,600392,盛和资源,watch,2026-08-11,23.86,2026-08-21,22.73,-4.74,1.26,8
2026-08-11,B,600118,中国卫星,watch,2026-08-11,63.52,2026-08-21,62.1,-2.24,8.63,8
2026-08-11,B,002155,湖南黄金,watch,2026-08-11,25.7,2026-08-19,24.56,-4.44,0.66,6
2026-08-11,B,603228,景旺电子,watch,2026-08-11,89.28,2026-08-21,94.84,6.23,10.0,8
2026-08-17,C,603688,石英股份,probe,2026-08-17,51.18,2026-08-21,48.75,-4.75,0.63,4
2026-08-17,C,002837,英维克,reject,2026-08-17,58.69,2026-08-21,54.12,-7.79,0.0,4
2026-08-17,C,600183,生益科技,probe,2026-08-17,144.49,2026-08-21,132.8,-8.09,0.0,4
2026-08-17,C,601958,金钼股份,reject,2026-08-17,22.95,2026-08-21,21.94,-4.4,0.0,4
2026-08-17,C,002378,章源钨业,reject,2026-08-17,26.76,2026-08-21,26.2,-2.09,0.26,4
2026-08-17,C,002812,恩捷股份,probe,2026-08-17,57.61,2026-08-21,56.82,-1.37,0.17,4
2026-08-17,C,002460,赣锋锂业,probe,2026-08-17,54.28,2026-08-21,54.12,-0.29,0.0,4
2026-08-17,C,920522,纳科诺尔,reject,2026-08-17,20.48,2026-08-21,19.05,-6.98,0.24,4
2026-08-17,C,002920,德赛西威,reject,2026-08-17,91.27,2026-08-21,86.42,-5.31,0.0,4
2026-08-17,C,603596,伯特利,watch,2026-08-17,26.15,2026-08-21,25.12,-3.94,0.0,4
2026-08-17,C,300627,华测导航,reject,2026-08-17,29.09,2026-08-21,27.13,-6.74,0.0,4
2026-08-17,C,300496,中科创达,probe,2026-08-17,59.99,2026-08-21,56.9,-5.15,1.3,4
2026-08-17,C,000969,安泰科技,reject,2026-08-17,17.81,2026-08-21,16.68,-6.34,0.0,4
2026-08-17,C,600456,宝钛股份,reject,2026-08-17,27.82,2026-08-21,27.35,-1.69,0.0,4
2026-08-17,C,002273,水晶光电,watch,2026-08-17,29.1,2026-08-21,27.48,-5.57,0.0,4
2026-08-17,C,603191,望变电气,reject,2026-08-17,15.93,2026-08-21,14.73,-7.53,0.0,4
2026-08-17,C,600577,精达股份,watch,2026-08-17,8.25,2026-08-21,8.66,4.97,4.97,4
2026-08-17,C,002270,华明装备,probe,2026-08-17,20.67,2026-08-21,19.26,-6.82,0.0,4
2026-08-17,C,000657,中钨高新,probe,2026-08-17,70.49,2026-08-21,68.14,-3.33,3.48,4
2026-08-17,C,688012,中微公司,probe,2026-08-17,387.82,2026-08-21,362.5,-6.53,2.71,4
2026-08-17,C,300666,江丰电子,probe,2026-08-17,269.82,2026-08-21,246.7,-8.57,3.14,4
2026-08-17,C,600549,厦门钨业,probe,2026-08-17,58.4,2026-08-21,55.58,-4.83,0.0,4
2026-08-17,C,002837,英维克,probe,2026-08-17,58.69,2026-08-21,54.12,-7.79,0.0,4
2026-08-17,C,600183,生益科技,watch,2026-08-17,144.49,2026-08-21,132.8,-8.09,0.0,4
2026-08-17,C,688146,中船特气,reject,2026-08-17,310.11,2026-08-21,263.09,-15.16,0.0,4
2026-08-17,C,002378,章源钨业,probe,2026-08-17,26.76,2026-08-21,26.2,-2.09,0.26,4
2026-08-17,C,002920,德赛西威,watch,2026-08-17,91.27,2026-08-21,86.42,-5.31,0.0,4
2026-08-17,C,300627,华测导航,watch,2026-08-17,29.09,2026-08-21,27.13,-6.74,0.0,4
2026-08-17,C,002273,水晶光电,probe,2026-08-17,29.1,2026-08-21,27.48,-5.57,0.0,4
2026-08-17,C,002371,北方华创,watch,2026-08-17,765.97,2026-08-21,714.43,-6.73,1.44,4
2026-08-17,C,688012,中微公司,watch,2026-08-17,387.82,2026-08-21,362.5,-6.53,2.71,4
