code,ok,prev_period,prev_growth,curr_period,curr_growth,err,signal_date,group,price_ok,t0_date,t0_close,ret_5d,n_avail_5d,ret_20d,n_avail_20d,ret_40d,n_avail_40d
000419,True,2026-03-31,4.99,2026-06-30,-33.54,,2026-08-22,treatment_turn_negative,False,,,,,,,,
000422,True,2026-03-31,655.43,2026-06-30,-25.08,,2026-08-12,treatment_turn_negative,True,2026-08-12,13.0,-0.028461538461538427,7.0,,7.0,,7.0
000020,True,2026-03-31,71.03,2026-06-30,-26.65,,2026-08-18,treatment_turn_negative,True,2026-08-18,12.49,,3.0,,3.0,,3.0
000518,True,2026-03-31,26.14,2026-06-30,-135.59,,2026-08-21,treatment_turn_negative,True,2026-08-21,3.8,,0.0,,0.0,,0.0
000582,True,2026-03-31,11.68,2026-06-30,-3.46,,2026-08-18,treatment_turn_negative,True,2026-08-18,11.17,,3.0,,3.0,,3.0
000534,True,2026-03-31,4.02,2026-06-30,-0.79,,2026-08-21,treatment_turn_negative,True,2026-08-21,27.03,,0.0,,0.0,,0.0
000628,True,2026-03-31,34.54,2026-06-30,-3.75,,2026-08-24,treatment_turn_negative,False,,,,,,,,
000610,True,2026-03-31,18.17,2026-06-30,-18.4,,2026-08-21,treatment_turn_negative,True,2026-08-21,6.06,,0.0,,0.0,,0.0
000719,True,2026-03-31,0.89,2026-06-30,-4.44,,2026-08-24,treatment_turn_negative,False,,,,,,,,
000701,True,2026-03-31,58.45,2026-06-30,-23.8,,2026-08-20,treatment_turn_negative,True,2026-08-20,5.11,,1.0,,1.0,,1.0
000668,True,2026-03-31,0.94,2026-06-30,-6.36,,2026-08-22,treatment_turn_negative,False,,,,,,,,
000739,True,2026-03-31,18.15,2026-06-30,-4.88,,2026-08-20,treatment_turn_negative,True,2026-08-20,21.94,,1.0,,1.0,,1.0
000779,True,2026-03-31,6.61,2026-06-30,-20.86,,2026-08-22,treatment_turn_negative,False,,,,,,,,
000767,True,2026-03-31,2.34,2026-06-30,-7.29,,2026-08-20,treatment_turn_negative,True,2026-08-20,3.41,,1.0,,1.0,,1.0
000885,True,2026-03-31,10.23,2026-06-30,-3.68,,2026-08-21,treatment_turn_negative,True,2026-08-21,12.3,,0.0,,0.0,,0.0
000868,True,2026-03-31,76.61,2026-06-30,-241.14,,2026-08-18,treatment_turn_negative,True,2026-08-18,3.52,,3.0,,3.0,,3.0
000899,True,2026-03-31,4.81,2026-06-30,-43.47,,2026-08-22,treatment_turn_negative,False,,,,,,,,
001212,True,2026-03-31,114.89,2026-06-30,-2039.2,,2026-08-21,treatment_turn_negative,True,2026-08-21,33.7,,0.0,,0.0,,0.0
000948,True,2026-03-31,19.38,2026-06-30,-39.47,,2026-08-21,treatment_turn_negative,True,2026-08-21,13.92,,0.0,,0.0,,0.0
001312,True,2026-03-31,2.38,2026-06-30,-13.67,,2026-08-12,treatment_turn_negative,True,2026-08-12,17.81,-0.023020774845592396,7.0,,7.0,,7.0
001365,True,2026-03-31,10.75,2026-06-30,-11.96,,2026-08-24,treatment_turn_negative,False,,,,,,,,
001379,True,2026-03-31,2.93,2026-06-30,-34.61,,2026-08-21,treatment_turn_negative,True,2026-08-21,16.1,,0.0,,0.0,,0.0
001359,True,2026-03-31,5.9,2026-06-30,-6.35,,2026-07-31,treatment_turn_negative,True,2026-07-31,76.67,0.16081909482196433,15.0,,15.0,,15.0
001390,True,2026-03-31,4.06,2026-06-30,-4.76,,2026-08-20,treatment_turn_negative,True,2026-08-20,17.55,,1.0,,1.0,,1.0
002027,True,2026-03-31,7.88,2026-06-30,-7.06,,2026-08-19,treatment_turn_negative,True,2026-08-19,4.98,,2.0,,2.0,,2.0
002112,True,2026-03-31,7.76,2026-06-30,-16.53,,2026-08-22,treatment_turn_negative,False,,,,,,,,
002059,True,2026-03-31,30.79,2026-06-30,-43.53,,2026-08-24,treatment_turn_negative,False,,,,,,,,
002114,True,2026-03-31,6.31,2026-06-30,-1.92,,2026-08-21,treatment_turn_negative,True,2026-08-21,7.32,,0.0,,0.0,,0.0
002177,True,2026-03-31,32.89,2026-06-30,-2.76,,2026-08-08,treatment_turn_negative,True,2026-08-10,5.8,-0.025862068965517127,9.0,,9.0,,9.0
002227,True,2026-03-31,13.36,2026-06-30,-19.13,,2026-08-21,treatment_turn_negative,True,2026-08-21,6.33,,0.0,,0.0,,0.0
002232,True,2026-03-31,98.05,2026-06-30,-0.11,,2026-08-21,treatment_turn_negative,True,2026-08-21,13.91,,0.0,,0.0,,0.0
002261,True,2026-03-31,68.52,2026-06-30,-6.87,,2026-08-10,treatment_turn_negative,True,2026-08-10,26.01,0.026912725874663534,9.0,,9.0,,9.0
002255,True,2026-03-31,51.73,2026-06-30,-24.42,,2026-08-20,treatment_turn_negative,True,2026-08-20,7.78,,1.0,,1.0,,1.0
002275,True,2026-03-31,21.71,2026-06-30,-8.16,,2026-08-22,treatment_turn_negative,False,,,,,,,,
002307,True,2026-03-31,11.58,2026-06-30,-215.97,,2026-08-24,treatment_turn_negative,False,,,,,,,,
002302,True,2026-03-31,21.8,2026-06-30,-35.28,,2026-08-21,treatment_turn_negative,True,2026-08-21,4.63,,0.0,,0.0,,0.0
002353,True,2026-03-31,25.58,2026-06-30,-7.37,,2026-08-14,treatment_turn_negative,True,2026-08-14,150.99,0.010000662295516216,5.0,,5.0,,5.0
002404,True,2026-03-31,29.55,2026-06-30,-6.05,,2026-08-24,treatment_turn_negative,False,,,,,,,,
002402,True,2026-03-31,1.71,2026-06-30,-41.42,,2026-08-19,treatment_turn_negative,True,2026-08-19,19.49,,2.0,,2.0,,2.0
002481,True,2026-03-31,169.76,2026-06-30,-38.6,,2026-08-20,treatment_turn_negative,True,2026-08-20,4.22,,1.0,,1.0,,1.0
002526,True,2026-03-31,29.36,2026-06-30,-85.25,,2026-08-20,treatment_turn_negative,True,2026-08-20,2.66,,1.0,,1.0,,1.0
002471,True,2026-03-31,68.72,2026-06-30,-750.82,,2026-08-12,treatment_turn_negative,True,2026-08-12,5.88,-0.08503401360544216,7.0,,7.0,,7.0
002542,True,2026-03-31,17.41,2026-06-30,-9.91,,2026-08-20,treatment_turn_negative,True,2026-08-20,1.82,,1.0,,1.0,,1.0
002546,True,2026-03-31,0.34,2026-06-30,-10.91,,2026-08-18,treatment_turn_negative,True,2026-08-18,8.35,,3.0,,3.0,,3.0
002575,True,2026-03-31,91.23,2026-06-30,-156.37,,2026-08-24,treatment_turn_negative,False,,,,,,,,
002560,True,2026-03-31,86.76,2026-06-30,-67.08,,2026-08-21,treatment_turn_negative,True,2026-08-21,6.02,,0.0,,0.0,,0.0
002578,True,2026-03-31,205.88,2026-06-30,-593.38,,2026-08-21,treatment_turn_negative,True,2026-08-21,3.73,,0.0,,0.0,,0.0
002576,True,2026-03-31,15.35,2026-06-30,-1.09,,2026-08-14,treatment_turn_negative,True,2026-08-14,14.29,-0.008397480755773179,5.0,,5.0,,5.0
002579,True,2026-03-31,203.82,2026-06-30,-1058.36,,2026-08-22,treatment_turn_negative,False,,,,,,,,
002582,True,2026-03-31,17.04,2026-06-30,-224.86,,2026-08-22,treatment_turn_negative,False,,,,,,,,
002628,True,2026-03-31,222.11,2026-06-30,-13.69,,2026-08-21,treatment_turn_negative,True,2026-08-21,4.91,,0.0,,0.0,,0.0
002588,True,2026-03-31,18.78,2026-06-30,-11.94,,2026-08-20,treatment_turn_negative,True,2026-08-20,7.96,,1.0,,1.0,,1.0
002643,True,2026-03-31,9.0,2026-06-30,-18.66,,2026-08-22,treatment_turn_negative,False,,,,,,,,
002668,True,2026-03-31,0.39,2026-06-30,-23.33,,2026-08-18,treatment_turn_negative,True,2026-08-18,9.85,,3.0,,3.0,,3.0
002669,True,2026-03-31,33.48,2026-06-30,-42.12,,2026-08-24,treatment_turn_negative,False,,,,,,,,
002820,True,2026-03-31,11.03,2026-06-30,-87.45,,2026-08-12,treatment_turn_negative,True,2026-08-12,9.46,0.16701902748414366,7.0,,7.0,,7.0
002887,True,2026-03-31,45.34,2026-06-30,-15.08,,2026-08-20,treatment_turn_negative,True,2026-08-20,9.29,,1.0,,1.0,,1.0
002972,True,2026-03-31,16.49,2026-06-30,-9.65,,2026-08-22,treatment_turn_negative,False,,,,,,,,
003006,True,2026-03-31,7.1,2026-06-30,-6.74,,2026-08-22,treatment_turn_negative,False,,,,,,,,
003036,True,2026-03-31,29.85,2026-06-30,-37.93,,2026-08-21,treatment_turn_negative,True,2026-08-21,53.12,,0.0,,0.0,,0.0
300047,True,2026-03-31,18.22,2026-06-30,-20.14,,2026-08-13,treatment_turn_negative,True,2026-08-13,9.73,-0.06474820143884896,6.0,,6.0,,6.0
300322,True,2026-03-31,2.27,2026-06-30,-5.05,,2026-08-22,treatment_turn_negative,False,,,,,,,,
300211,True,2026-03-31,15.85,2026-06-30,-20.13,,2026-08-20,treatment_turn_negative,True,2026-08-20,7.57,,1.0,,1.0,,1.0
300103,True,2026-03-31,60.61,2026-06-30,-5.22,,2026-08-22,treatment_turn_negative,False,,,,,,,,
300324,True,2026-03-31,47.15,2026-06-30,-1.94,,2026-08-22,treatment_turn_negative,False,,,,,,,,
300387,True,2026-03-31,17.84,2026-06-30,-8.57,,2026-08-20,treatment_turn_negative,True,2026-08-20,7.37,,1.0,,1.0,,1.0
300363,True,2026-03-31,344.9,2026-06-30,-3943.67,,2026-08-22,treatment_turn_negative,False,,,,,,,,
300422,True,2026-03-31,419.43,2026-06-30,-27.25,,2026-08-14,treatment_turn_negative,True,2026-08-14,4.26,-0.035211267605633645,5.0,,5.0,,5.0
300485,True,2026-03-31,759.26,2026-06-30,-69.96,,2026-08-24,treatment_turn_negative,False,,,,,,,,
300529,True,2026-03-31,13.14,2026-06-30,-4.71,,2026-08-07,treatment_turn_negative,True,2026-08-07,16.38,-0.01037851037851023,10.0,,10.0,,10.0
300559,True,2026-03-31,43.14,2026-06-30,-53.75,,2026-08-24,treatment_turn_negative,False,,,,,,,,
300580,True,2026-03-31,4.85,2026-06-30,-2.32,,2026-08-18,treatment_turn_negative,True,2026-08-18,22.13,,3.0,,3.0,,3.0
300589,True,2026-03-31,127.94,2026-06-30,-15.41,,2026-08-22,treatment_turn_negative,False,,,,,,,,
300795,True,2026-03-31,23.82,2026-06-30,-249.12,,2026-08-22,treatment_turn_negative,False,,,,,,,,
300854,True,2026-03-31,52.19,2026-06-30,-31.19,,2026-07-28,treatment_turn_negative,True,2026-07-28,13.73,0.2439912600145664,18.0,,18.0,,18.0
300732,True,2026-03-31,42.23,2026-06-30,-39.43,,2026-08-20,treatment_turn_negative,True,2026-08-20,6.02,,1.0,,1.0,,1.0
300859,True,2026-03-31,9.96,2026-06-30,-67.41,,2026-08-18,treatment_turn_negative,True,2026-08-18,26.71,,3.0,,3.0,,3.0
300872,True,2026-03-31,298.8,2026-06-30,-145.76,,2026-08-21,treatment_turn_negative,True,2026-08-21,15.16,,0.0,,0.0,,0.0
300893,True,2026-03-31,17.97,2026-06-30,-18.75,,2026-08-24,treatment_turn_negative,False,,,,,,,,
301083,True,2026-03-31,159.68,2026-06-30,-75.49,,2026-08-24,treatment_turn_negative,False,,,,,,,,
301072,True,2026-03-31,0.75,2026-06-30,-4.54,,2026-08-24,treatment_turn_negative,False,,,,,,,,
301172,True,2026-03-31,60.37,2026-06-30,-30.41,,2026-08-22,treatment_turn_negative,False,,,,,,,,
301290,True,2026-03-31,88.43,2026-06-30,-3.31,,2026-08-24,treatment_turn_negative,False,,,,,,,,
301283,True,2026-03-31,12.17,2026-06-30,-3.74,,2026-08-22,treatment_turn_negative,False,,,,,,,,
301575,True,2026-03-31,13.25,2026-06-30,-14.88,,2026-08-20,treatment_turn_negative,True,2026-08-20,26.08,,1.0,,1.0,,1.0
301559,True,2026-03-31,6.22,2026-06-30,-3.32,,2026-08-22,treatment_turn_negative,False,,,,,,,,
301682,True,2026-03-31,0.21,2026-06-30,-24.73,,2026-08-22,treatment_turn_negative,False,,,,,,,,
301617,True,2026-03-31,1.22,2026-06-30,-5.34,,2026-08-20,treatment_turn_negative,True,2026-08-20,49.01,,1.0,,1.0,,1.0
301631,True,2026-03-31,22.44,2026-06-30,-0.32,,2026-08-22,treatment_turn_negative,False,,,,,,,,
600149,True,2026-03-31,10.7,2026-06-30,-30.59,,2026-08-22,treatment_turn_negative,False,,,,,,,,
600276,True,2026-03-31,16.59,2026-06-30,-12.71,,2026-08-20,treatment_turn_negative,True,2026-08-20,49.5,,1.0,,1.0,,1.0
302132,True,2026-03-31,43.77,2026-06-30,-23.85,,2026-08-24,treatment_turn_negative,False,,,,,,,,
600332,True,2026-03-31,1.72,2026-06-30,-12.1,,2026-08-22,treatment_turn_negative,False,,,,,,,,
600269,True,2026-03-31,4.96,2026-06-30,-14.27,,2026-08-11,treatment_turn_negative,True,2026-08-11,3.83,-0.015665796344647487,8.0,,8.0,,8.0
600519,True,2026-03-31,1.45,2026-06-30,-2.04,,2026-08-15,treatment_turn_negative,True,2026-08-17,1293.09,,4.0,,4.0,,4.0
600511,True,2026-03-31,4.22,2026-06-30,-5.55,,2026-08-20,treatment_turn_negative,True,2026-08-20,26.84,,1.0,,1.0,,1.0
600640,True,2026-03-31,3.02,2026-06-30,-31.17,,2026-08-22,treatment_turn_negative,False,,,,,,,,
603075,True,2026-03-31,1.42,2026-06-30,-0.76,,2026-08-19,treatment_turn_negative,True,2026-08-19,18.6,,2.0,,2.0,,2.0
603092,True,2026-03-31,28.66,2026-06-30,-0.08,,2026-08-21,treatment_turn_negative,True,2026-08-21,43.11,,0.0,,0.0,,0.0
603486,True,2026-03-31,11.46,2026-06-30,-6.37,,2026-08-22,treatment_turn_negative,False,,,,,,,,
603708,True,2026-03-31,7.67,2026-06-30,-2.38,,2026-08-21,treatment_turn_negative,True,2026-08-21,9.02,,0.0,,0.0,,0.0
000001,True,2026-03-31,3.17,2026-06-30,2.82,,2026-08-15,control_stay_positive,True,2026-08-17,11.1,,4.0,,4.0,,4.0
688615,True,2026-03-31,25.4,2026-06-30,-1.43,,2026-08-20,treatment_turn_negative,True,2026-08-20,96.79,,1.0,,1.0,,1.0
000089,True,2026-03-31,2.56,2026-06-30,2.79,,2026-08-20,control_stay_positive,True,2026-08-20,6.47,,1.0,,1.0,,1.0
000407,True,2026-03-31,46.38,2026-06-30,13.91,,2026-08-15,control_stay_positive,True,2026-08-17,4.1,,4.0,,4.0,,4.0
000026,True,2026-03-31,41.05,2026-06-30,23.56,,2026-08-21,control_stay_positive,True,2026-08-21,21.16,,0.0,,0.0,,0.0
000059,True,2026-03-31,110.45,2026-06-30,133.87,,2026-08-20,control_stay_positive,True,2026-08-20,4.87,,1.0,,1.0,,1.0
000049,True,2026-03-31,74.27,2026-06-30,157.32,,2026-08-18,control_stay_positive,True,2026-08-18,24.6,,3.0,,3.0,,3.0
000404,True,2026-03-31,46.74,2026-06-30,12.64,,2026-08-13,control_stay_positive,True,2026-08-13,7.28,-0.027472527472527486,6.0,,6.0,,6.0
000408,True,2026-03-31,110.14,2026-06-30,104.92,,2026-08-11,control_stay_positive,True,2026-08-11,82.38,-0.044428259286234506,8.0,,8.0,,8.0
000415,True,2026-03-31,105.19,2026-06-30,179.79,,2026-08-22,control_stay_positive,False,,,,,,,,
000421,True,2026-03-31,116.56,2026-06-30,183.63,,2026-08-24,control_stay_positive,False,,,,,,,,
000519,True,2026-03-31,142.38,2026-06-30,199.38,,2026-08-21,control_stay_positive,True,2026-08-21,14.19,,0.0,,0.0,,0.0
000520,True,2026-03-31,184.25,2026-06-30,3200.73,,2026-08-20,control_stay_positive,True,2026-08-20,4.41,,1.0,,1.0,,1.0
000516,True,2026-03-31,56.32,2026-06-30,66.38,,2026-08-21,control_stay_positive,True,2026-08-21,4.19,,0.0,,0.0,,0.0
000526,True,2026-03-31,45.96,2026-06-30,43.37,,2026-08-18,control_stay_positive,True,2026-08-18,35.54,,3.0,,3.0,,3.0
000506,True,2026-03-31,2261.77,2026-06-30,666.39,,2026-08-18,control_stay_positive,True,2026-08-18,18.52,,3.0,,3.0,,3.0
000430,True,2026-03-31,31.21,2026-06-30,40.73,,2026-08-18,control_stay_positive,True,2026-08-18,6.73,,3.0,,3.0,,3.0
000504,True,2026-03-31,399.05,2026-06-30,164.86,,2026-08-24,control_stay_positive,False,,,,,,,,
000423,True,2026-03-31,7.69,2026-06-30,4.1,,2026-08-21,control_stay_positive,True,2026-08-21,48.35,,0.0,,0.0,,0.0
000550,True,2026-03-31,71.23,2026-06-30,10.78,,2026-08-24,control_stay_positive,False,,,,,,,,
000547,True,2026-03-31,37.16,2026-06-30,39.41,,2026-08-20,control_stay_positive,True,2026-08-20,13.86,,1.0,,1.0,,1.0
000536,True,2026-03-31,4.73,2026-06-30,6.93,,2026-08-14,control_stay_positive,True,2026-08-14,3.28,-0.018292682926829174,5.0,,5.0,,5.0
000553,True,2026-03-31,195.48,2026-06-30,153.85,,2026-08-19,control_stay_positive,True,2026-08-19,5.5,,2.0,,2.0,,2.0
000570,True,2026-03-31,34.72,2026-06-30,51.42,,2026-08-21,control_stay_positive,True,2026-08-21,5.02,,0.0,,0.0,,0.0
000551,True,2026-03-31,33.6,2026-06-30,0.41,,2026-08-18,control_stay_positive,True,2026-08-18,14.0,,3.0,,3.0,,3.0
000599,True,2026-03-31,131.65,2026-06-30,148.55,,2026-08-14,control_stay_positive,True,2026-08-14,4.77,-0.023060796645702153,5.0,,5.0,,5.0
000595,True,2026-03-31,104.3,2026-06-30,167.77,,2026-08-15,control_stay_positive,True,2026-08-17,6.01,,4.0,,4.0,,4.0
000605,True,2026-03-31,14.86,2026-06-30,14.48,,2026-08-19,control_stay_positive,True,2026-08-19,5.88,,2.0,,2.0,,2.0
000593,True,2026-03-31,320.24,2026-06-30,11.91,,2026-08-22,control_stay_positive,False,,,,,,,,
000601,True,2026-03-31,40.36,2026-06-30,174.75,,2026-08-24,control_stay_positive,False,,,,,,,,
000607,True,2026-03-31,20.09,2026-06-30,56.29,,2026-08-22,control_stay_positive,False,,,,,,,,
000603,True,2026-03-31,1030.55,2026-06-30,417.06,,2026-08-01,control_stay_positive,True,2026-08-03,25.72,0.4432348367029548,14.0,,14.0,,14.0
000615,True,2026-03-31,73.44,2026-06-30,72.57,,2026-08-24,control_stay_positive,False,,,,,,,,
000626,True,2026-03-31,73.71,2026-06-30,70.14,,2026-08-18,control_stay_positive,True,2026-08-18,8.04,,3.0,,3.0,,3.0
000652,True,2026-03-31,192.79,2026-06-30,61.81,,2026-08-22,control_stay_positive,False,,,,,,,,
000629,True,2026-03-31,161.87,2026-06-30,203.68,,2026-08-24,control_stay_positive,False,,,,,,,,
000657,True,2026-03-31,349.58,2026-06-30,324.17,,2026-08-24,control_stay_positive,False,,,,,,,,
000669,True,2026-03-31,123.09,2026-06-30,70.0,,2026-08-22,control_stay_positive,False,,,,,,,,
000682,True,2026-03-31,9.66,2026-06-30,7.76,,2026-08-20,control_stay_positive,True,2026-08-20,11.63,,1.0,,1.0,,1.0
000683,True,2026-03-31,25.29,2026-06-30,11.03,,2026-07-31,control_stay_positive,True,2026-07-31,5.98,0.015050167224080147,15.0,,15.0,,15.0
000680,True,2026-03-31,23.84,2026-06-30,21.89,,2026-08-11,control_stay_positive,True,2026-08-11,10.85,-0.04516129032258065,8.0,,8.0,,8.0
000686,True,2026-03-31,105.63,2026-06-30,78.38,,2026-08-22,control_stay_positive,False,,,,,,,,
000690,True,2026-03-31,9.77,2026-06-30,8.79,,2026-08-22,control_stay_positive,False,,,,,,,,
000691,True,2026-03-31,132.08,2026-06-30,79.94,,2026-08-22,control_stay_positive,False,,,,,,,,
000697,True,2026-03-31,95.85,2026-06-30,48.64,,2026-08-21,control_stay_positive,True,2026-08-21,8.18,,0.0,,0.0,,0.0
000708,True,2026-03-31,8.97,2026-06-30,6.18,,2026-08-21,control_stay_positive,True,2026-08-21,13.64,,0.0,,0.0,,0.0
000703,True,2026-03-31,23640.41,2026-06-30,3838.91,,2026-08-11,control_stay_positive,True,2026-08-11,17.5,-0.0017142857142857792,8.0,,8.0,,8.0
000729,True,2026-03-31,69.09,2026-06-30,33.16,,2026-08-21,control_stay_positive,True,2026-08-21,11.41,,0.0,,0.0,,0.0
000712,True,2026-03-31,83.08,2026-06-30,120.3,,2026-08-17,control_stay_positive,True,2026-08-17,9.11,,4.0,,4.0,,4.0
000753,True,2026-03-31,15.24,2026-06-30,8.61,,2026-08-22,control_stay_positive,False,,,,,,,,
000736,True,2026-03-31,100.44,2026-06-30,101.44,,2026-08-20,control_stay_positive,True,2026-08-20,4.47,,1.0,,1.0,,1.0
000752,True,2026-03-31,138.18,2026-06-30,138.39,,2026-08-22,control_stay_positive,False,,,,,,,,
000762,True,2026-03-31,199.44,2026-06-30,353.25,,2026-08-11,control_stay_positive,True,2026-08-11,23.7,-0.024050632911392422,8.0,,8.0,,8.0
000791,True,2026-03-31,1.21,2026-06-30,1.53,,2026-08-15,control_stay_positive,True,2026-08-17,7.54,,4.0,,4.0,,4.0
000790,True,2026-03-31,115.49,2026-06-30,110.62,,2026-08-24,control_stay_positive,False,,,,,,,,
000793,True,2026-03-31,18.23,2026-06-30,22.48,,2026-08-22,control_stay_positive,False,,,,,,,,
000802,True,2026-03-31,88.9,2026-06-30,82.85,,2026-08-15,control_stay_positive,True,2026-08-17,5.33,,4.0,,4.0,,4.0
000811,True,2026-03-31,19.15,2026-06-30,12.79,,2026-08-21,control_stay_positive,True,2026-08-21,41.01,,0.0,,0.0,,0.0
000809,True,2026-03-31,113.82,2026-06-30,121.19,,2026-08-21,control_stay_positive,True,2026-08-21,3.44,,0.0,,0.0,,0.0
000833,True,2026-03-31,85.23,2026-06-30,184.67,,2026-08-24,control_stay_positive,False,,,,,,,,
000818,True,2026-03-31,12027.93,2026-06-30,410.93,,2026-08-14,control_stay_positive,True,2026-08-14,13.45,-0.10631970260223045,5.0,,5.0,,5.0
000831,True,2026-03-31,108.81,2026-06-30,55.49,,2026-08-08,control_stay_positive,True,2026-08-10,58.36,0.07590815627141878,9.0,,9.0,,9.0
000828,True,2026-03-31,24.81,2026-06-30,5.09,,2026-08-20,control_stay_positive,True,2026-08-20,9.54,,1.0,,1.0,,1.0
000859,True,2026-03-31,14.77,2026-06-30,24.42,,2026-08-20,control_stay_positive,True,2026-08-20,8.83,,1.0,,1.0,,1.0
000848,True,2026-03-31,14.51,2026-06-30,14.51,,2026-08-15,control_stay_positive,True,2026-08-17,8.16,,4.0,,4.0,,4.0
000909,True,2026-03-31,18.33,2026-06-30,52.3,,2026-08-12,control_stay_positive,True,2026-08-12,4.38,-0.029680365296803624,7.0,,7.0,,7.0
000908,True,2026-03-31,118.03,2026-06-30,76.94,,2026-08-21,control_stay_positive,True,2026-08-21,6.69,,0.0,,0.0,,0.0
000920,True,2026-03-31,1.18,2026-06-30,6.96,,2026-08-21,control_stay_positive,True,2026-08-21,11.5,,0.0,,0.0,,0.0
000922,True,2026-03-31,77.54,2026-06-30,49.66,,2026-08-21,control_stay_positive,True,2026-08-21,12.05,,0.0,,0.0,,0.0
000925,True,2026-03-31,32.28,2026-06-30,36.99,,2026-08-22,control_stay_positive,False,,,,,,,,
000970,True,2026-03-31,17.19,2026-06-30,2.23,,2026-08-22,control_stay_positive,False,,,,,,,,
000960,True,2026-03-31,72.53,2026-06-30,49.3,,2026-08-20,control_stay_positive,True,2026-08-20,36.95,,1.0,,1.0,,1.0
000933,True,2026-03-31,217.76,2026-06-30,138.07,,2026-07-28,control_stay_positive,True,2026-07-28,25.1,0.023505976095617553,18.0,,18.0,,18.0
000990,True,2026-03-31,227.51,2026-06-30,1075.27,,2026-08-13,control_stay_positive,True,2026-08-13,6.71,-0.020864381520119157,6.0,,6.0,,6.0
000966,True,2026-03-31,224.88,2026-06-30,123.4,,2026-08-20,control_stay_positive,True,2026-08-20,3.96,,1.0,,1.0,,1.0
000975,True,2026-03-31,106.13,2026-06-30,49.23,,2026-08-20,control_stay_positive,True,2026-08-20,27.9,,1.0,,1.0,,1.0
001205,True,2026-03-31,4.86,2026-06-30,34.15,,2026-08-15,control_stay_positive,True,2026-08-17,14.36,,4.0,,4.0,,4.0
000989,True,2026-03-31,36.11,2026-06-30,70.36,,2026-08-20,control_stay_positive,True,2026-08-20,9.52,,1.0,,1.0,,1.0
001210,True,2026-03-31,3.76,2026-06-30,1.98,,2026-08-21,control_stay_positive,True,2026-08-21,28.65,,0.0,,0.0,,0.0
001221,True,2026-03-31,5.89,2026-06-30,6.82,,2026-08-10,control_stay_positive,True,2026-08-10,39.94,0.044817225838758024,9.0,,9.0,,9.0
001218,True,2026-03-31,192.27,2026-06-30,191.17,,2026-08-20,control_stay_positive,True,2026-08-20,24.32,,1.0,,1.0,,1.0
001219,True,2026-03-31,7.84,2026-06-30,1.22,,2026-08-21,control_stay_positive,True,2026-08-21,12.61,,0.0,,0.0,,0.0
001257,True,2026-03-31,3.77,2026-06-30,17.24,,2026-08-21,control_stay_positive,True,2026-08-21,25.2,,0.0,,0.0,,0.0
001258,True,2026-03-31,137.18,2026-06-30,1568.33,,2026-08-10,control_stay_positive,True,2026-08-10,14.48,-0.0055248618784530246,9.0,,9.0,,9.0
001286,True,2026-03-31,27.17,2026-06-30,0.54,,2026-08-21,control_stay_positive,True,2026-08-21,9.51,,0.0,,0.0,,0.0
001259,True,2026-03-31,149.1,2026-06-30,44.51,,2026-08-21,control_stay_positive,True,2026-08-21,46.34,,0.0,,0.0,,0.0
001270,True,2026-03-31,51.48,2026-06-30,35.76,,2026-08-11,control_stay_positive,True,2026-08-11,111.77,0.06960722913125172,8.0,,8.0,,8.0
001287,True,2026-03-31,146.04,2026-06-30,194.68,,2026-08-21,control_stay_positive,True,2026-08-21,22.97,,0.0,,0.0,,0.0
001316,True,2026-03-31,86.1,2026-06-30,45.14,,2026-08-24,control_stay_positive,False,,,,,,,,
001317,True,2026-03-31,90.4,2026-06-30,112.52,,2026-08-21,control_stay_positive,True,2026-08-21,53.3,,0.0,,0.0,,0.0
001328,True,2026-03-31,32.06,2026-06-30,32.36,,2026-08-21,control_stay_positive,True,2026-08-21,28.4,,0.0,,0.0,,0.0
001337,True,2026-03-31,167.96,2026-06-30,102.08,,2026-08-21,control_stay_positive,True,2026-08-21,51.47,,0.0,,0.0,,0.0
001339,True,2026-03-31,177.69,2026-06-30,324.6,,2026-07-18,control_stay_positive,True,2026-07-20,73.6,0.02309782608695654,24.0,0.18682065217391308,24.0,,24.0
001368,True,2026-03-31,19.94,2026-06-30,8.0,,2026-08-21,control_stay_positive,True,2026-08-21,23.42,,0.0,,0.0,,0.0
001389,True,2026-03-31,67.88,2026-06-30,96.71,,2026-08-08,control_stay_positive,True,2026-08-10,168.24,0.022824536376604865,9.0,,9.0,,9.0
002008,True,2026-03-31,467.81,2026-06-30,439.62,,2026-08-21,control_stay_positive,True,2026-08-21,90.9,,0.0,,0.0,,0.0
001378,True,2026-03-31,30.06,2026-06-30,77.58,,2026-08-19,control_stay_positive,True,2026-08-19,19.61,,2.0,,2.0,,2.0
002017,True,2026-03-31,4.92,2026-06-30,5.55,,2026-08-22,control_stay_positive,False,,,,,,,,
002023,True,2026-03-31,48.47,2026-06-30,25.66,,2026-08-21,control_stay_positive,True,2026-08-21,10.13,,0.0,,0.0,,0.0
002014,True,2026-03-31,0.78,2026-06-30,0.29,,2026-08-20,control_stay_positive,True,2026-08-20,10.95,,1.0,,1.0,,1.0
002039,True,2026-03-31,71.65,2026-06-30,83.04,,2026-08-21,control_stay_positive,True,2026-08-21,19.06,,0.0,,0.0,,0.0
002028,True,2026-03-31,12.79,2026-06-30,13.12,,2026-08-15,control_stay_positive,True,2026-08-17,183.15,,4.0,,4.0,,4.0
002057,True,2026-03-31,2.79,2026-06-30,1.9,,2026-08-21,control_stay_positive,True,2026-08-21,8.65,,0.0,,0.0,,0.0
002049,True,2026-03-31,170.81,2026-06-30,8.35,,2026-08-15,control_stay_positive,True,2026-08-17,68.3,,4.0,,4.0,,4.0
002033,True,2026-03-31,94.12,2026-06-30,36.66,,2026-08-11,control_stay_positive,True,2026-08-11,8.85,0.013559322033898313,8.0,,8.0,,8.0
002054,True,2026-03-31,62.04,2026-06-30,122.79,,2026-08-24,control_stay_positive,False,,,,,,,,
002043,True,2026-03-31,4.18,2026-06-30,9.67,,2026-08-19,control_stay_positive,True,2026-08-19,12.97,,2.0,,2.0,,2.0
002080,True,2026-03-31,79.74,2026-06-30,35.54,,2026-08-18,control_stay_positive,True,2026-08-18,60.1,,3.0,,3.0,,3.0
002064,True,2026-03-31,59.16,2026-06-30,118.11,,2026-08-01,control_stay_positive,True,2026-08-03,10.94,0.08135283363802559,14.0,,14.0,,14.0
002069,True,2026-03-31,82.59,2026-06-30,5.7,,2026-08-22,control_stay_positive,False,,,,,,,,
002083,True,2026-03-31,33.43,2026-06-30,57.67,,2026-08-18,control_stay_positive,True,2026-08-18,11.3,,3.0,,3.0,,3.0
002105,True,2026-03-31,31.3,2026-06-30,26.15,,2026-08-22,control_stay_positive,False,,,,,,,,
002107,True,2026-03-31,62.05,2026-06-30,54.34,,2026-07-16,control_stay_positive,True,2026-07-16,6.58,-0.08662613981762923,26.0,-0.04103343465045595,26.0,,26.0
002115,True,2026-03-31,963.34,2026-06-30,996.77,,2026-08-18,control_stay_positive,True,2026-08-18,11.58,,3.0,,3.0,,3.0
002119,True,2026-03-31,185.05,2026-06-30,77.03,,2026-08-20,control_stay_positive,True,2026-08-20,23.34,,1.0,,1.0,,1.0
002125,True,2026-03-31,96.42,2026-06-30,100.63,,2026-08-22,control_stay_positive,False,,,,,,,,
002117,True,2026-03-31,1.1,2026-06-30,18.84,,2026-08-22,control_stay_positive,False,,,,,,,,
002127,True,2026-03-31,261.23,2026-06-30,471.68,,2026-08-20,control_stay_positive,True,2026-08-20,2.86,,1.0,,1.0,,1.0
002142,True,2026-03-31,10.16,2026-06-30,12.38,,2026-08-20,control_stay_positive,True,2026-08-20,34.18,,1.0,,1.0,,1.0
002136,True,2026-03-31,156.18,2026-06-30,274.27,,2026-08-24,control_stay_positive,False,,,,,,,,
002154,True,2026-03-31,5.71,2026-06-30,25.11,,2026-08-15,control_stay_positive,True,2026-08-17,4.27,,4.0,,4.0,,4.0
002148,True,2026-03-31,118.11,2026-06-30,139.16,,2026-08-20,control_stay_positive,True,2026-08-20,6.26,,1.0,,1.0,,1.0
002162,True,2026-03-31,57.49,2026-06-30,105.61,,2026-07-31,control_stay_positive,True,2026-07-31,3.91,0.023017902813299296,15.0,,15.0,,15.0
002155,True,2026-03-31,82.6,2026-06-30,46.31,,2026-08-21,control_stay_positive,False,,,,,,,,
002163,True,2026-03-31,71.41,2026-06-30,46.6,,2026-08-21,control_stay_positive,True,2026-08-21,7.93,,0.0,,0.0,,0.0
002169,True,2026-03-31,161.6,2026-06-30,175.78,,2026-08-24,control_stay_positive,False,,,,,,,,
002164,True,2026-03-31,27.83,2026-06-30,16.49,,2026-08-18,control_stay_positive,True,2026-08-18,11.95,,3.0,,3.0,,3.0
002184,True,2026-03-31,103.76,2026-06-30,70.72,,2026-08-24,control_stay_positive,False,,,,,,,,
002185,True,2026-03-31,113.77,2026-06-30,3177.78,,2026-08-22,control_stay_positive,False,,,,,,,,
002186,True,2026-03-31,146.44,2026-06-30,112.52,,2026-08-24,control_stay_positive,False,,,,,,,,
002196,True,2026-03-31,155.12,2026-06-30,216.45,,2026-08-21,control_stay_positive,True,2026-08-21,10.42,,0.0,,0.0,,0.0
002192,True,2026-03-31,1929.26,2026-06-30,1264.95,,2026-08-18,control_stay_positive,True,2026-08-18,70.62,,3.0,,3.0,,3.0
002200,True,2026-03-31,1673.67,2026-06-30,179.77,,2026-08-08,control_stay_positive,True,2026-08-10,6.83,0.02196193265007329,9.0,,9.0,,9.0
002213,True,2026-03-31,851.58,2026-06-30,566.83,,2026-08-21,control_stay_positive,True,2026-08-21,29.89,,0.0,,0.0,,0.0
002204,True,2026-03-31,11.91,2026-06-30,13.81,,2026-08-24,control_stay_positive,False,,,,,,,,
002221,True,2026-03-31,43.22,2026-06-30,168.8,,2026-08-24,control_stay_positive,False,,,,,,,,
002215,True,2026-03-31,21.26,2026-06-30,10.45,,2026-08-20,control_stay_positive,True,2026-08-20,9.43,,1.0,,1.0,,1.0
002234,True,2026-03-31,4.61,2026-06-30,54.98,,2026-08-22,control_stay_positive,False,,,,,,,,
002236,True,2026-03-31,16.93,2026-06-30,8.26,,2026-08-15,control_stay_positive,True,2026-08-17,16.39,,4.0,,4.0,,4.0
002246,True,2026-03-31,199.53,2026-06-30,141.73,,2026-08-10,control_stay_positive,True,2026-08-10,20.43,0.032305433186490484,9.0,,9.0,,9.0
002243,True,2026-03-31,6.68,2026-06-30,802.01,,2026-08-21,control_stay_positive,True,2026-08-21,7.34,,0.0,,0.0,,0.0
002245,True,2026-03-31,32.35,2026-06-30,41.25,,2026-08-18,control_stay_positive,True,2026-08-18,19.16,,3.0,,3.0,,3.0
002241,True,2026-03-31,19.57,2026-06-30,7.96,,2026-08-21,control_stay_positive,True,2026-08-21,23.4,,0.0,,0.0,,0.0
002262,True,2026-03-31,6.15,2026-06-30,6.65,,2026-08-18,control_stay_positive,True,2026-08-18,23.1,,3.0,,3.0,,3.0
002273,True,2026-03-31,9.74,2026-06-30,5.03,,2026-08-24,control_stay_positive,False,,,,,,,,
002271,True,2026-03-31,110.73,2026-06-30,13.59,,2026-08-20,control_stay_positive,True,2026-08-20,11.37,,1.0,,1.0,,1.0
002274,True,2026-03-31,85.37,2026-06-30,2667.54,,2026-08-21,control_stay_positive,True,2026-08-21,5.82,,0.0,,0.0,,0.0
002281,True,2026-03-31,61.23,2026-06-30,57.77,,2026-08-20,control_stay_positive,True,2026-08-20,173.15,,1.0,,1.0,,1.0
002287,True,2026-03-31,15.96,2026-06-30,3.59,,2026-08-22,control_stay_positive,False,,,,,,,,
002293,True,2026-03-31,29.31,2026-06-30,34.86,,2026-08-22,control_stay_positive,False,,,,,,,,
002284,True,2026-03-31,33.21,2026-06-30,34.54,,2026-08-18,control_stay_positive,True,2026-08-18,10.22,,3.0,,3.0,,3.0
002312,True,2026-03-31,2.45,2026-06-30,7.36,,2026-08-18,control_stay_positive,True,2026-08-18,8.64,,3.0,,3.0,,3.0
002299,True,2026-03-31,55.31,2026-06-30,39.46,,2026-08-21,control_stay_positive,True,2026-08-21,16.0,,0.0,,0.0,,0.0
002309,True,2026-03-31,61.69,2026-06-30,21.29,,2026-08-15,control_stay_positive,True,2026-08-17,3.3,,4.0,,4.0,,4.0
002313,True,2026-03-31,113.65,2026-06-30,117.63,,2026-08-15,control_stay_positive,True,2026-08-17,8.6,,4.0,,4.0,,4.0
002346,True,2026-03-31,69.42,2026-06-30,24.91,,2026-08-20,control_stay_positive,True,2026-08-20,23.67,,1.0,,1.0,,1.0
002347,True,2026-03-31,10.57,2026-06-30,7.62,,2026-08-22,control_stay_positive,False,,,,,,,,
002348,True,2026-03-31,7.74,2026-06-30,3.27,,2026-08-20,control_stay_positive,True,2026-08-20,11.31,,1.0,,1.0,,1.0
002354,True,2026-03-31,459.04,2026-06-30,59.36,,2026-08-22,control_stay_positive,False,,,,,,,,
002376,True,2026-03-31,98.11,2026-06-30,45.27,,2026-08-21,control_stay_positive,True,2026-08-21,6.72,,0.0,,0.0,,0.0
002384,True,2026-03-31,166.99,2026-06-30,277.52,,2026-08-22,control_stay_positive,False,,,,,,,,
002391,True,2026-03-31,98.93,2026-06-30,49.16,,2026-08-11,control_stay_positive,True,2026-08-11,5.19,0.005780346820809079,8.0,,8.0,,8.0
002380,True,2026-03-31,29.45,2026-06-30,17.17,,2026-08-24,control_stay_positive,False,,,,,,,,
002379,True,2026-03-31,11536.5,2026-06-30,12533.33,,2026-08-22,control_stay_positive,False,,,,,,,,
002397,True,2026-03-31,54.04,2026-06-30,27.59,,2026-08-21,control_stay_positive,True,2026-08-21,3.55,,0.0,,0.0,,0.0
002406,True,2026-03-31,76.88,2026-06-30,102.88,,2026-08-18,control_stay_positive,True,2026-08-18,6.88,,3.0,,3.0,,3.0
002407,True,2026-03-31,1724.01,2026-06-30,10407.55,,2026-08-18,control_stay_positive,True,2026-08-18,37.48,,3.0,,3.0,,3.0
002415,True,2026-03-31,37.44,2026-06-30,40.5,,2026-07-25,control_stay_positive,True,2026-07-27,36.41,0.0260917330403736,19.0,,19.0,,19.0
002413,True,2026-03-31,51.75,2026-06-30,22.45,,2026-08-01,control_stay_positive,True,2026-08-03,8.13,0.11070110701106994,14.0,,14.0,,14.0
002436,True,2026-03-31,308.32,2026-06-30,166.9,,2026-08-21,control_stay_positive,True,2026-08-21,35.35,,0.0,,0.0,,0.0
002421,True,2026-03-31,57.47,2026-06-30,70.83,,2026-08-15,control_stay_positive,True,2026-08-17,3.44,,4.0,,4.0,,4.0
002439,True,2026-03-31,236.11,2026-06-30,136.77,,2026-08-22,control_stay_positive,False,,,,,,,,
002443,True,2026-03-31,45.89,2026-06-30,41.63,,2026-08-21,control_stay_positive,True,2026-08-21,9.27,,0.0,,0.0,,0.0
002458,True,2026-03-31,812.53,2026-06-30,9002.55,,2026-07-23,control_stay_positive,True,2026-07-23,9.1,-0.08461538461538454,21.0,0.015384615384615552,21.0,,21.0
002451,True,2026-03-31,64.88,2026-06-30,7.83,,2026-08-24,control_stay_positive,False,,,,,,,,
002457,True,2026-03-31,14.06,2026-06-30,43.84,,2026-08-22,control_stay_positive,False,,,,,,,,
002480,True,2026-03-31,34.16,2026-06-30,9.58,,2026-08-20,control_stay_positive,True,2026-08-20,5.4,,1.0,,1.0,,1.0
002479,True,2026-03-31,51.49,2026-06-30,101.95,,2026-08-20,control_stay_positive,True,2026-08-20,5.79,,1.0,,1.0,,1.0
002484,True,2026-03-31,12.57,2026-06-30,8.03,,2026-08-21,control_stay_positive,True,2026-08-21,64.33,,0.0,,0.0,,0.0
002488,True,2026-03-31,288.7,2026-06-30,65.26,,2026-08-24,control_stay_positive,False,,,,,,,,
002487,True,2026-03-31,73.86,2026-06-30,4.57,,2026-08-22,control_stay_positive,False,,,,,,,,
002491,True,2026-03-31,765.14,2026-06-30,3856.18,,2026-08-20,control_stay_positive,True,2026-08-20,19.27,,1.0,,1.0,,1.0
002511,True,2026-03-31,52.59,2026-06-30,52.77,,2026-08-21,control_stay_positive,True,2026-08-21,7.03,,0.0,,0.0,,0.0
002519,True,2026-03-31,94.28,2026-06-30,91.69,,2026-08-08,control_stay_positive,True,2026-08-10,5.72,-0.01748251748251739,9.0,,9.0,,9.0
002521,True,2026-03-31,178.44,2026-06-30,39.13,,2026-08-15,control_stay_positive,True,2026-08-17,6.83,,4.0,,4.0,,4.0
002522,True,2026-03-31,8.42,2026-06-30,66.06,,2026-08-24,control_stay_positive,False,,,,,,,,
002532,True,2026-03-31,111.78,2026-06-30,107.37,,2026-08-19,control_stay_positive,True,2026-08-19,12.76,,2.0,,2.0,,2.0
002529,True,2026-03-31,4.9,2026-06-30,7.28,,2026-08-21,control_stay_positive,True,2026-08-21,7.04,,0.0,,0.0,,0.0
002552,True,2026-03-31,249.55,2026-06-30,494.96,,2026-08-22,control_stay_positive,False,,,,,,,,
002568,True,2026-03-31,17.41,2026-06-30,27.29,,2026-08-05,control_stay_positive,True,2026-08-05,19.72,-0.0015212981744420206,12.0,,12.0,,12.0
002563,True,2026-03-31,54.08,2026-06-30,59.27,,2026-08-18,control_stay_positive,True,2026-08-18,5.93,,3.0,,3.0,,3.0
002577,True,2026-03-31,23.73,2026-06-30,87.45,,2026-08-04,control_stay_positive,True,2026-08-04,18.48,0.030844155844155896,13.0,,13.0,,13.0
002587,True,2026-03-31,40.26,2026-06-30,37.66,,2026-08-11,control_stay_positive,True,2026-08-11,5.53,0.0036166365280287938,8.0,,8.0,,8.0
002609,True,2026-03-31,705.69,2026-06-30,18.75,,2026-08-22,control_stay_positive,False,,,,,,,,
002633,True,2026-03-31,3464.78,2026-06-30,354.39,,2026-08-11,control_stay_positive,True,2026-08-11,14.74,-0.00746268656716409,8.0,,8.0,,8.0
002591,True,2026-03-31,672.93,2026-06-30,52.71,,2026-08-24,control_stay_positive,False,,,,,,,,
002637,True,2026-03-31,35.93,2026-06-30,69.31,,2026-08-24,control_stay_positive,False,,,,,,,,
002644,True,2026-03-31,25.83,2026-06-30,48.72,,2026-08-20,control_stay_positive,True,2026-08-20,8.52,,1.0,,1.0,,1.0
002664,True,2026-03-31,373.32,2026-06-30,16.36,,2026-08-18,control_stay_positive,True,2026-08-18,16.16,,3.0,,3.0,,3.0
002648,True,2026-03-31,15.47,2026-06-30,109.01,,2026-08-15,control_stay_positive,True,2026-08-17,25.8,,4.0,,4.0,,4.0
002667,True,2026-03-31,168.5,2026-06-30,75.44,,2026-08-20,control_stay_positive,True,2026-08-20,17.46,,1.0,,1.0,,1.0
002675,True,2026-03-31,56.36,2026-06-30,9.77,,2026-08-22,control_stay_positive,False,,,,,,,,
002709,True,2026-03-31,1062.23,2026-06-30,1096.69,,2026-08-21,control_stay_positive,True,2026-08-21,37.96,,0.0,,0.0,,0.0
002693,True,2026-03-31,125.73,2026-06-30,151.86,,2026-08-22,control_stay_positive,False,,,,,,,,
002695,True,2026-03-31,8.02,2026-06-30,15.14,,2026-08-21,control_stay_positive,True,2026-08-21,11.15,,0.0,,0.0,,0.0
002716,True,2026-03-31,497.06,2026-06-30,256.0,,2026-08-21,control_stay_positive,True,2026-08-21,10.42,,0.0,,0.0,,0.0
002722,True,2026-03-31,32.59,2026-06-30,45.13,,2026-08-18,control_stay_positive,True,2026-08-18,13.12,,3.0,,3.0,,3.0
002734,True,2026-03-31,40.18,2026-06-30,8.35,,2026-08-18,control_stay_positive,True,2026-08-18,15.08,,3.0,,3.0,,3.0
002741,True,2026-03-31,96.62,2026-06-30,67.28,,2026-08-08,control_stay_positive,True,2026-08-10,25.16,0.050874403815580393,9.0,,9.0,,9.0
002747,True,2026-03-31,364.53,2026-06-30,498.64,,2026-08-22,control_stay_positive,False,,,,,,,,
002742,True,2026-03-31,89.55,2026-06-30,84.37,,2026-08-15,control_stay_positive,True,2026-08-17,4.7,,4.0,,4.0,,4.0
002763,True,2026-03-31,17.42,2026-06-30,16.34,,2026-08-21,control_stay_positive,True,2026-08-21,7.34,,0.0,,0.0,,0.0
002761,True,2026-03-31,26.88,2026-06-30,58.7,,2026-08-21,control_stay_positive,True,2026-08-21,7.09,,0.0,,0.0,,0.0
002759,True,2026-03-31,990.75,2026-06-30,503.57,,2026-08-21,control_stay_positive,True,2026-08-21,18.47,,0.0,,0.0,,0.0
002772,True,2026-03-31,254.15,2026-06-30,207.93,,2026-08-15,control_stay_positive,True,2026-08-17,10.77,,4.0,,4.0,,4.0
002787,True,2026-03-31,7.85,2026-06-30,53.24,,2026-07-31,control_stay_positive,True,2026-07-31,19.47,0.11402157164869053,15.0,,15.0,,15.0
002760,True,2026-03-31,286.41,2026-06-30,155.59,,2026-08-20,control_stay_positive,True,2026-08-20,17.5,,1.0,,1.0,,1.0
002793,True,2026-03-31,492.65,2026-06-30,1219.99,,2026-08-21,control_stay_positive,True,2026-08-21,5.0,,0.0,,0.0,,0.0
002799,True,2026-03-31,134.99,2026-06-30,247.01,,2026-08-12,control_stay_positive,True,2026-08-12,6.93,-0.03896103896103886,7.0,,7.0,,7.0
002810,True,2026-03-31,145.24,2026-06-30,94.92,,2026-08-19,control_stay_positive,True,2026-08-19,21.2,,2.0,,2.0,,2.0
002807,True,2026-03-31,2.22,2026-06-30,4.25,,2026-08-21,control_stay_positive,True,2026-08-21,4.01,,0.0,,0.0,,0.0
002803,True,2026-03-31,21.75,2026-06-30,30.98,,2026-08-18,control_stay_positive,True,2026-08-18,19.65,,3.0,,3.0,,3.0
002813,True,2026-03-31,15.27,2026-06-30,52.87,,2026-08-07,control_stay_positive,True,2026-08-07,20.77,-0.004814636494944513,10.0,,10.0,,10.0
002824,True,2026-03-31,160.02,2026-06-30,119.24,,2026-08-20,control_stay_positive,True,2026-08-20,23.96,,1.0,,1.0,,1.0
002846,True,2026-03-31,14.0,2026-06-30,36.97,,2026-08-18,control_stay_positive,True,2026-08-18,10.67,,3.0,,3.0,,3.0
002847,True,2026-03-31,30.45,2026-06-30,16.76,,2026-08-20,control_stay_positive,True,2026-08-20,45.19,,1.0,,1.0,,1.0
002843,True,2026-03-31,69.9,2026-06-30,1.3,,2026-08-22,control_stay_positive,False,,,,,,,,
002848,True,2026-03-31,129.42,2026-06-30,78.52,,2026-07-28,control_stay_positive,True,2026-07-28,11.72,0.10324232081911244,18.0,,18.0,,18.0
002859,True,2026-03-31,47.97,2026-06-30,6.46,,2026-08-18,control_stay_positive,True,2026-08-18,76.83,,3.0,,3.0,,3.0
002850,True,2026-03-31,27.19,2026-06-30,27.35,,2026-08-15,control_stay_positive,True,2026-08-17,193.04,,4.0,,4.0,,4.0
002865,True,2026-03-31,79.97,2026-06-30,26.83,,2026-08-22,control_stay_positive,False,,,,,,,,
002868,True,2026-03-31,121.37,2026-06-30,115.62,,2026-07-31,control_stay_positive,True,2026-07-31,21.5,0.06930232558139537,15.0,,15.0,,15.0
002863,True,2026-03-31,0.68,2026-06-30,10.56,,2026-08-15,control_stay_positive,True,2026-08-17,4.99,,4.0,,4.0,,4.0
002886,True,2026-03-31,129.42,2026-06-30,63.35,,2026-08-19,control_stay_positive,True,2026-08-19,19.41,,2.0,,2.0,,2.0
002890,True,2026-03-31,15.96,2026-06-30,17.69,,2026-08-21,control_stay_positive,True,2026-08-21,14.53,,0.0,,0.0,,0.0
002902,True,2026-03-31,53.83,2026-06-30,69.75,,2026-08-22,control_stay_positive,False,,,,,,,,
002906,True,2026-03-31,5.89,2026-06-30,7.07,,2026-08-20,control_stay_positive,False,,,,,,,,
002911,True,2026-03-31,0.15,2026-06-30,17.8,,2026-08-22,control_stay_positive,False,,,,,,,,
002922,True,2026-03-31,89.14,2026-06-30,3.13,,2026-08-21,control_stay_positive,True,2026-08-21,25.41,,0.0,,0.0,,0.0
002923,True,2026-03-31,569.65,2026-06-30,173.85,,2026-08-21,control_stay_positive,True,2026-08-21,11.28,,0.0,,0.0,,0.0
002947,True,2026-03-31,34.82,2026-06-30,6.94,,2026-08-24,control_stay_positive,False,,,,,,,,
002921,True,2026-03-31,81.63,2026-06-30,86.79,,2026-08-22,control_stay_positive,False,,,,,,,,
002963,True,2026-03-31,46.09,2026-06-30,3.76,,2026-08-14,control_stay_positive,True,2026-08-14,17.83,-0.020751542344363272,5.0,,5.0,,5.0
002967,True,2026-03-31,657.62,2026-06-30,24.83,,2026-08-21,control_stay_positive,True,2026-08-21,17.23,,0.0,,0.0,,0.0
002956,True,2026-03-31,82.3,2026-06-30,81.53,,2026-08-20,control_stay_positive,True,2026-08-20,17.43,,1.0,,1.0,,1.0
002935,True,2026-03-31,49.74,2026-06-30,161.67,,2026-08-22,control_stay_positive,False,,,,,,,,
002997,True,2026-03-31,10.64,2026-06-30,4.52,,2026-08-18,control_stay_positive,True,2026-08-18,27.79,,3.0,,3.0,,3.0
003009,True,2026-03-31,107.4,2026-06-30,1070.46,,2026-08-20,control_stay_positive,True,2026-08-20,46.83,,1.0,,1.0,,1.0
002998,True,2026-03-31,95.03,2026-06-30,96.76,,2026-07-16,control_stay_positive,True,2026-07-16,7.56,-0.07275132275132268,26.0,0.05687830687830697,26.0,,26.0
002991,True,2026-03-31,28.98,2026-06-30,6.79,,2026-08-22,control_stay_positive,False,,,,,,,,
003022,True,2026-03-31,109.12,2026-06-30,165.95,,2026-08-18,control_stay_positive,True,2026-08-18,20.89,,3.0,,3.0,,3.0
300012,True,2026-03-31,31.28,2026-06-30,20.32,,2026-08-17,control_stay_positive,True,2026-08-17,15.22,,4.0,,4.0,,4.0
300005,True,2026-03-31,32.36,2026-06-30,191.05,,2026-08-22,control_stay_positive,False,,,,,,,,
300014,True,2026-03-31,36.32,2026-06-30,111.89,,2026-08-20,control_stay_positive,True,2026-08-20,55.06,,1.0,,1.0,,1.0
300033,True,2026-03-31,122.58,2026-06-30,92.89,,2026-08-22,control_stay_positive,False,,,,,,,,
300018,True,2026-03-31,13.48,2026-06-30,1.89,,2026-08-18,control_stay_positive,True,2026-08-18,11.94,,3.0,,3.0,,3.0
300030,True,2026-03-31,57.23,2026-06-30,59.62,,2026-08-15,control_stay_positive,True,2026-08-17,6.97,,4.0,,4.0,,4.0
300037,True,2026-03-31,111.69,2026-06-30,107.93,,2026-08-21,control_stay_positive,True,2026-08-21,63.35,,0.0,,0.0,,0.0
300041,True,2026-03-31,15.9,2026-06-30,10.02,,2026-08-21,control_stay_positive,True,2026-08-21,10.84,,0.0,,0.0,,0.0
300042,True,2026-03-31,744.82,2026-06-30,595.42,,2026-08-08,control_stay_positive,True,2026-08-10,42.55,0.05898942420681563,9.0,,9.0,,9.0
300059,True,2026-03-31,36.95,2026-06-30,47.13,,2026-08-22,control_stay_positive,False,,,,,,,,
300050,True,2026-03-31,66.35,2026-06-30,141.4,,2026-08-22,control_stay_positive,False,,,,,,,,
300069,True,2026-03-31,215.45,2026-06-30,27.02,,2026-08-24,control_stay_positive,False,,,,,,,,
300078,True,2026-03-31,64.65,2026-06-30,57.84,,2026-08-21,control_stay_positive,True,2026-08-21,3.09,,0.0,,0.0,,0.0
300077,True,2026-03-31,15.13,2026-06-30,45.39,,2026-08-22,control_stay_positive,False,,,,,,,,
300091,True,2026-03-31,68.48,2026-06-30,79.4,,2026-08-22,control_stay_positive,False,,,,,,,,
300127,True,2026-03-31,39.24,2026-06-30,41.99,,2026-08-22,control_stay_positive,False,,,,,,,,
300135,True,2026-03-31,36.65,2026-06-30,96.51,,2026-08-22,control_stay_positive,False,,,,,,,,
300107,True,2026-03-31,448.4,2026-06-30,940.46,,2026-08-12,control_stay_positive,True,2026-08-12,6.71,-0.0685543964232489,7.0,,7.0,,7.0
300140,True,2026-03-31,12.19,2026-06-30,12.5,,2026-08-14,control_stay_positive,True,2026-08-14,5.33,0.009380863039399667,5.0,,5.0,,5.0
300139,True,2026-03-31,335.2,2026-06-30,12.5,,2026-08-13,control_stay_positive,True,2026-08-13,47.56,0.03973927670311195,6.0,,6.0,,6.0
300184,True,2026-03-31,243.31,2026-06-30,229.39,,2026-08-10,control_stay_positive,True,2026-08-10,12.78,0.019561815336463173,9.0,,9.0,,9.0
300153,True,2026-03-31,57.7,2026-06-30,131.84,,2026-08-20,control_stay_positive,True,2026-08-20,21.5,,1.0,,1.0,,1.0
300187,True,2026-03-31,197.77,2026-06-30,72.8,,2026-08-15,control_stay_positive,True,2026-08-17,4.71,,4.0,,4.0,,4.0
300185,True,2026-03-31,14.35,2026-06-30,20.19,,2026-08-22,control_stay_positive,False,,,,,,,,
300191,True,2026-03-31,543.08,2026-06-30,525.37,,2026-08-06,control_stay_positive,True,2026-08-06,32.45,-0.017873651771956878,11.0,,11.0,,11.0
300198,True,2026-03-31,37.18,2026-06-30,7.73,,2026-08-15,control_stay_positive,True,2026-08-17,2.21,,4.0,,4.0,,4.0
300199,True,2026-03-31,88.91,2026-06-30,85.9,,2026-08-21,control_stay_positive,True,2026-08-21,23.1,,0.0,,0.0,,0.0
300201,True,2026-03-31,51.37,2026-06-30,101.72,,2026-08-22,control_stay_positive,False,,,,,,,,
300214,True,2026-03-31,106.56,2026-06-30,20526.31,,2026-08-21,control_stay_positive,True,2026-08-21,12.9,,0.0,,0.0,,0.0
300221,True,2026-03-31,54.6,2026-06-30,57.52,,2026-08-15,control_stay_positive,True,2026-08-17,14.07,,4.0,,4.0,,4.0
300222,True,2026-03-31,1.14,2026-06-30,11.19,,2026-07-31,control_stay_positive,True,2026-07-31,9.89,0.10515672396359954,15.0,,15.0,,15.0
300213,True,2026-03-31,100.94,2026-06-30,129.68,,2026-08-15,control_stay_positive,True,2026-08-17,6.42,,4.0,,4.0,,4.0
300205,True,2026-03-31,0.68,2026-06-30,25.91,,2026-08-18,control_stay_positive,True,2026-08-18,4.87,,3.0,,3.0,,3.0
300236,True,2026-03-31,109.52,2026-06-30,61.25,,2026-08-21,control_stay_positive,True,2026-08-21,88.7,,0.0,,0.0,,0.0
300233,True,2026-03-31,61.8,2026-06-30,70.92,,2026-08-21,control_stay_positive,True,2026-08-21,13.77,,0.0,,0.0,,0.0
300243,True,2026-03-31,251.98,2026-06-30,403.54,,2026-07-28,control_stay_positive,True,2026-07-28,12.84,0.04672897196261672,18.0,,18.0,,18.0
300241,True,2026-03-31,22.71,2026-06-30,170.19,,2026-08-18,control_stay_positive,True,2026-08-18,5.94,,3.0,,3.0,,3.0
300244,True,2026-03-31,335.61,2026-06-30,2685.6,,2026-08-21,control_stay_positive,True,2026-08-21,20.65,,0.0,,0.0,,0.0
300249,True,2026-03-31,35.55,2026-06-30,31.51,,2026-08-24,control_stay_positive,False,,,,,,,,
300270,True,2026-03-31,112.21,2026-06-30,117.1,,2026-08-24,control_stay_positive,False,,,,,,,,
300283,True,2026-03-31,450.46,2026-06-30,782.25,,2026-08-07,control_stay_positive,True,2026-08-07,15.63,-0.07485604606525909,10.0,,10.0,,10.0
300268,True,2026-03-31,95.47,2026-06-30,98.88,,2026-08-24,control_stay_positive,False,,,,,,,,
300285,True,2026-03-31,10.17,2026-06-30,12.54,,2026-08-06,control_stay_positive,True,2026-08-06,69.48,0.016263672999424328,11.0,,11.0,,11.0
300295,True,2026-03-31,118.3,2026-06-30,115.84,,2026-08-15,control_stay_positive,True,2026-08-17,12.55,,4.0,,4.0,,4.0
300308,True,2026-03-31,264.56,2026-06-30,229.32,,2026-08-22,control_stay_positive,False,,,,,,,,
300298,True,2026-03-31,35.97,2026-06-30,32.87,,2026-08-04,control_stay_positive,True,2026-08-04,16.18,0.02410383189122367,13.0,,13.0,,13.0
300299,True,2026-03-31,11.11,2026-06-30,387.59,,2026-07-28,control_stay_positive,True,2026-07-28,5.1,0.08235294117647052,18.0,,18.0,,18.0
300342,True,2026-03-31,10.94,2026-06-30,28.65,,2026-08-15,control_stay_positive,True,2026-08-17,37.7,,4.0,,4.0,,4.0
300320,True,2026-03-31,19.43,2026-06-30,20.96,,2026-08-22,control_stay_positive,False,,,,,,,,
300343,True,2026-03-31,153.06,2026-06-30,440.27,,2026-08-15,control_stay_positive,True,2026-08-17,6.07,,4.0,,4.0,,4.0
300331,True,2026-03-31,341.25,2026-06-30,222.54,,2026-08-24,control_stay_positive,False,,,,,,,,
300373,True,2026-03-31,41.15,2026-06-30,29.58,,2026-08-22,control_stay_positive,False,,,,,,,,
300390,True,2026-03-31,3554.97,2026-06-30,1231.32,,2026-08-18,control_stay_positive,True,2026-08-18,63.82,,3.0,,3.0,,3.0
300395,True,2026-03-31,41.49,2026-06-30,34.57,,2026-08-21,control_stay_positive,True,2026-08-21,87.99,,0.0,,0.0,,0.0
300399,True,2026-03-31,129.63,2026-06-30,224.81,,2026-08-21,control_stay_positive,True,2026-08-21,18.71,,0.0,,0.0,,0.0
300394,True,2026-03-31,48.44,2026-06-30,36.76,,2026-08-19,control_stay_positive,True,2026-08-19,277.4,,2.0,,2.0,,2.0
300406,True,2026-03-31,25.12,2026-06-30,18.86,,2026-08-22,control_stay_positive,False,,,,,,,,
300414,True,2026-03-31,7159.86,2026-06-30,65.2,,2026-08-13,control_stay_positive,True,2026-08-13,11.28,-0.04521276595744683,6.0,,6.0,,6.0
300416,True,2026-03-31,7.18,2026-06-30,11.06,,2026-07-24,control_stay_positive,True,2026-07-24,13.61,0.04555473916238073,20.0,0.08008817046289485,20.0,,20.0
300409,True,2026-03-31,183.8,2026-06-30,34.33,,2026-07-25,control_stay_positive,True,2026-07-27,17.01,0.06937095825984718,19.0,,19.0,,19.0
300426,True,2026-03-31,22.42,2026-06-30,158.73,,2026-08-10,control_stay_positive,True,2026-08-10,6.5,0.023076923076923217,9.0,,9.0,,9.0
300452,True,2026-03-31,2.02,2026-06-30,2.3,,2026-08-22,control_stay_positive,False,,,,,,,,
300437,True,2026-03-31,73.32,2026-06-30,88.66,,2026-08-11,control_stay_positive,True,2026-08-11,11.18,0.008944543828264706,8.0,,8.0,,8.0
300454,True,2026-03-31,69.11,2026-06-30,169.22,,2026-08-22,control_stay_positive,False,,,,,,,,
300448,True,2026-03-31,103.11,2026-06-30,32.59,,2026-08-22,control_stay_positive,False,,,,,,,,
300457,True,2026-03-31,367.24,2026-06-30,28.71,,2026-08-22,control_stay_positive,False,,,,,,,,
300480,True,2026-03-31,84.95,2026-06-30,552.69,,2026-08-19,control_stay_positive,True,2026-08-19,33.59,,2.0,,2.0,,2.0
300460,True,2026-03-31,51.44,2026-06-30,43.06,,2026-08-22,control_stay_positive,False,,,,,,,,
300483,True,2026-03-31,165.97,2026-06-30,2939.56,,2026-08-24,control_stay_positive,False,,,,,,,,
300488,True,2026-03-31,52.54,2026-06-30,51.33,,2026-08-24,control_stay_positive,False,,,,,,,,
300506,True,2026-03-31,26.24,2026-06-30,64.52,,2026-08-24,control_stay_positive,False,,,,,,,,
300497,True,2026-03-31,366.63,2026-06-30,644.83,,2026-08-12,control_stay_positive,True,2026-08-12,18.27,-0.04105090311986859,7.0,,7.0,,7.0
300499,True,2026-03-31,50.59,2026-06-30,37.86,,2026-08-22,control_stay_positive,False,,,,,,,,
300503,True,2026-03-31,863.09,2026-06-30,390.85,,2026-07-21,control_stay_positive,True,2026-07-21,73.66,-0.14390442573988593,23.0,0.11322291610100477,23.0,,23.0
300540,True,2026-03-31,859.23,2026-06-30,330.37,,2026-08-20,control_stay_positive,True,2026-08-20,29.23,,1.0,,1.0,,1.0
300548,True,2026-03-31,47.37,2026-06-30,94.49,,2026-08-22,control_stay_positive,False,,,,,,,,
300557,True,2026-03-31,4.22,2026-06-30,3.85,,2026-08-22,control_stay_positive,False,,,,,,,,
300558,True,2026-03-31,26.02,2026-06-30,6.7,,2026-08-21,control_stay_positive,True,2026-08-21,51.18,,0.0,,0.0,,0.0
300575,True,2026-03-31,101.76,2026-06-30,178.53,,2026-08-18,control_stay_positive,True,2026-08-18,6.0,,3.0,,3.0,,3.0
300566,True,2026-03-31,7.12,2026-06-30,6.37,,2026-08-22,control_stay_positive,False,,,,,,,,
300596,True,2026-03-31,24.08,2026-06-30,24.12,,2026-08-18,control_stay_positive,True,2026-08-18,44.53,,3.0,,3.0,,3.0
300601,True,2026-03-31,25.35,2026-06-30,51.93,,2026-08-22,control_stay_positive,False,,,,,,,,
300602,True,2026-03-31,160.66,2026-06-30,91.3,,2026-08-22,control_stay_positive,False,,,,,,,,
300607,True,2026-03-31,2661.37,2026-06-30,324.37,,2026-08-21,control_stay_positive,True,2026-08-21,35.57,,0.0,,0.0,,0.0
300620,True,2026-03-31,561.05,2026-06-30,216.26,,2026-08-18,control_stay_positive,True,2026-08-18,323.88,,3.0,,3.0,,3.0
300610,True,2026-03-31,31.86,2026-06-30,15.92,,2026-08-18,control_stay_positive,True,2026-08-18,10.45,,3.0,,3.0,,3.0
300618,True,2026-03-31,266.17,2026-06-30,44.56,,2026-08-01,control_stay_positive,True,2026-08-03,33.58,0.1882072662298988,14.0,,14.0,,14.0
300628,True,2026-03-31,15.01,2026-06-30,25.04,,2026-08-19,control_stay_positive,True,2026-08-19,39.82,,2.0,,2.0,,2.0
300647,True,2026-03-31,3044.42,2026-06-30,212.08,,2026-08-08,control_stay_positive,True,2026-08-10,5.71,0.03327495621716303,9.0,,9.0,,9.0
300639,True,2026-03-31,60.42,2026-06-30,112.69,,2026-08-15,control_stay_positive,True,2026-08-17,6.15,,4.0,,4.0,,4.0
300657,True,2026-03-31,471.61,2026-06-30,88.34,,2026-08-21,control_stay_positive,True,2026-08-21,35.03,,0.0,,0.0,,0.0
300671,True,2026-03-31,146.17,2026-06-30,233.76,,2026-07-30,control_stay_positive,True,2026-07-30,53.86,0.1355365763089491,16.0,,16.0,,16.0
300667,True,2026-03-31,83.13,2026-06-30,117.01,,2026-08-20,control_stay_positive,True,2026-08-20,14.93,,1.0,,1.0,,1.0
300665,True,2026-03-31,56.99,2026-06-30,40.38,,2026-08-21,control_stay_positive,True,2026-08-21,9.42,,0.0,,0.0,,0.0
300676,True,2026-03-31,69.38,2026-06-30,127.66,,2026-08-22,control_stay_positive,False,,,,,,,,
300670,True,2026-03-31,37.63,2026-06-30,67.54,,2026-08-22,control_stay_positive,False,,,,,,,,
300697,True,2026-03-31,44.75,2026-06-30,41.72,,2026-08-22,control_stay_positive,False,,,,,,,,
300693,True,2026-03-31,25.01,2026-06-30,50.45,,2026-08-11,control_stay_positive,True,2026-08-11,43.87,0.01800775017095968,8.0,,8.0,,8.0
300694,True,2026-03-31,132.54,2026-06-30,103.59,,2026-08-21,control_stay_positive,True,2026-08-21,10.53,,0.0,,0.0,,0.0
300698,True,2026-03-31,20.76,2026-06-30,8.14,,2026-08-24,control_stay_positive,False,,,,,,,,
300725,True,2026-03-31,26.91,2026-06-30,40.7,,2026-08-11,control_stay_positive,True,2026-08-11,49.75,0.051859296482412054,8.0,,8.0,,8.0
300738,True,2026-03-31,75.42,2026-06-30,96.32,,2026-08-01,control_stay_positive,True,2026-08-03,22.21,0.028365601080594383,14.0,,14.0,,14.0
300721,True,2026-03-31,110.25,2026-06-30,147.37,,2026-08-22,control_stay_positive,False,,,,,,,,
300748,True,2026-03-31,65.95,2026-06-30,70.31,,2026-08-21,control_stay_positive,True,2026-08-21,27.57,,0.0,,0.0,,0.0
300750,True,2026-03-31,52.95,2026-06-30,43.44,,2026-07-25,control_stay_positive,True,2026-07-27,398.55,-0.013975661773930503,19.0,,19.0,,19.0
300759,True,2026-03-31,17.45,2026-06-30,8.87,,2026-08-21,control_stay_positive,True,2026-08-21,47.98,,0.0,,0.0,,0.0
300768,True,2026-03-31,43.57,2026-06-30,43.59,,2026-08-05,control_stay_positive,True,2026-08-05,16.92,-0.02895981087470456,12.0,,12.0,,12.0
300773,True,2026-03-31,1.43,2026-06-30,50.28,,2026-08-08,control_stay_positive,True,2026-08-10,16.0,-0.030625000000000013,9.0,,9.0,,9.0
300797,True,2026-03-31,36.35,2026-06-30,6.96,,2026-08-15,control_stay_positive,True,2026-08-17,14.37,,4.0,,4.0,,4.0
300801,True,2026-03-31,236.89,2026-06-30,241.7,,2026-08-24,control_stay_positive,False,,,,,,,,
300821,True,2026-03-31,452.47,2026-06-30,943.7,,2026-08-21,control_stay_positive,True,2026-08-21,16.95,,0.0,,0.0,,0.0
300814,True,2026-03-31,52.7,2026-06-30,168.73,,2026-08-14,control_stay_positive,True,2026-08-14,155.88,-0.10540159096741086,5.0,,5.0,,5.0
300853,True,2026-03-31,29.86,2026-06-30,21.06,,2026-08-22,control_stay_positive,False,,,,,,,,
300852,True,2026-03-31,15.24,2026-06-30,25.97,,2026-08-04,control_stay_positive,True,2026-08-04,40.11,0.09773123909249559,13.0,,13.0,,13.0
300832,True,2026-03-31,1.11,2026-06-30,13.6,,2026-08-14,control_stay_positive,True,2026-08-14,51.24,0.012295081967212962,5.0,,5.0,,5.0
300841,True,2026-03-31,25.71,2026-06-30,20.28,,2026-08-18,control_stay_positive,True,2026-08-18,54.22,,3.0,,3.0,,3.0
300855,True,2026-03-31,138.88,2026-06-30,173.51,,2026-08-19,control_stay_positive,True,2026-08-19,33.0,,2.0,,2.0,,2.0
300876,True,2026-03-31,43.79,2026-06-30,55.8,,2026-08-21,control_stay_positive,True,2026-08-21,15.65,,0.0,,0.0,,0.0
300901,True,2026-03-31,71.41,2026-06-30,157.34,,2026-08-01,control_stay_positive,True,2026-08-03,14.2,0.13028169014084523,14.0,,14.0,,14.0
300871,True,2026-03-31,130.84,2026-06-30,43.26,,2026-08-15,control_stay_positive,True,2026-08-17,23.88,,4.0,,4.0,,4.0
300895,True,2026-03-31,30.25,2026-06-30,8.32,,2026-08-21,control_stay_positive,True,2026-08-21,52.49,,0.0,,0.0,,0.0
300904,True,2026-03-31,20.65,2026-06-30,6.47,,2026-08-22,control_stay_positive,False,,,,,,,,
300905,True,2026-03-31,26.28,2026-06-30,6.91,,2026-08-14,control_stay_positive,True,2026-08-14,38.56,-0.06120331950207469,5.0,,5.0,,5.0
300908,True,2026-03-31,10.85,2026-06-30,7.27,,2026-08-18,control_stay_positive,True,2026-08-18,26.78,,3.0,,3.0,,3.0
300927,True,2026-03-31,4298.16,2026-06-30,2867.45,,2026-08-21,control_stay_positive,True,2026-08-21,27.01,,0.0,,0.0,,0.0
300955,True,2026-03-31,79.61,2026-06-30,73.3,,2026-08-24,control_stay_positive,False,,,,,,,,
300970,True,2026-03-31,9605.03,2026-06-30,182.2,,2026-08-20,control_stay_positive,True,2026-08-20,21.74,,1.0,,1.0,,1.0
300976,True,2026-03-31,30.69,2026-06-30,22.98,,2026-08-18,control_stay_positive,True,2026-08-18,58.8,,3.0,,3.0,,3.0
300971,True,2026-03-31,676.07,2026-06-30,2.02,,2026-08-22,control_stay_positive,False,,,,,,,,
300999,True,2026-03-31,16.84,2026-06-30,6.61,,2026-08-13,control_stay_positive,True,2026-08-13,25.28,0.009098101265822889,6.0,,6.0,,6.0
301002,True,2026-03-31,600.78,2026-06-30,611.56,,2026-08-20,control_stay_positive,True,2026-08-20,27.45,,1.0,,1.0,,1.0
301025,True,2026-03-31,177.17,2026-06-30,122.73,,2026-08-18,control_stay_positive,True,2026-08-18,9.38,,3.0,,3.0,,3.0
301060,True,2026-03-31,182.34,2026-06-30,314.47,,2026-08-22,control_stay_positive,False,,,,,,,,
300984,True,2026-03-31,9.56,2026-06-30,17.92,,2026-08-22,control_stay_positive,False,,,,,,,,
301028,True,2026-03-31,9.45,2026-06-30,10.05,,2026-08-21,control_stay_positive,True,2026-08-21,13.25,,0.0,,0.0,,0.0
301069,True,2026-03-31,37.74,2026-06-30,59.87,,2026-08-18,control_stay_positive,True,2026-08-18,16.99,,3.0,,3.0,,3.0
301026,True,2026-03-31,121.08,2026-06-30,77.42,,2026-08-21,control_stay_positive,True,2026-08-21,21.48,,0.0,,0.0,,0.0
301071,True,2026-03-31,462.6,2026-06-30,1249.33,,2026-07-29,control_stay_positive,True,2026-07-29,53.04,0.0646681749622926,17.0,,17.0,,17.0
301097,True,2026-03-31,1771.4,2026-06-30,997.57,,2026-08-21,control_stay_positive,True,2026-08-21,34.58,,0.0,,0.0,,0.0
301100,True,2026-03-31,76.54,2026-06-30,46.71,,2026-07-31,control_stay_positive,True,2026-07-31,14.77,0.09410968178740697,15.0,,15.0,,15.0
301128,True,2026-03-31,39.69,2026-06-30,52.82,,2026-08-12,control_stay_positive,True,2026-08-12,113.25,-0.05633554083885206,7.0,,7.0,,7.0
301129,True,2026-03-31,7.07,2026-06-30,61.38,,2026-08-18,control_stay_positive,True,2026-08-18,26.46,,3.0,,3.0,,3.0
301165,True,2026-03-31,18.18,2026-06-30,56.56,,2026-08-15,control_stay_positive,True,2026-08-17,148.0,,4.0,,4.0,,4.0
301162,True,2026-03-31,39.47,2026-06-30,17.59,,2026-08-15,control_stay_positive,True,2026-08-17,40.16,,4.0,,4.0,,4.0
301179,True,2026-03-31,372.49,2026-06-30,514.23,,2026-08-24,control_stay_positive,False,,,,,,,,
301183,True,2026-03-31,38.69,2026-06-30,72.59,,2026-08-18,control_stay_positive,True,2026-08-18,217.53,,3.0,,3.0,,3.0
301200,True,2026-03-31,197.94,2026-06-30,281.36,,2026-08-21,control_stay_positive,True,2026-08-21,282.01,,0.0,,0.0,,0.0
301215,True,2026-03-31,75.5,2026-06-30,62.75,,2026-08-22,control_stay_positive,False,,,,,,,,
301210,True,2026-03-31,188.69,2026-06-30,295.35,,2026-08-21,control_stay_positive,True,2026-08-21,24.06,,0.0,,0.0,,0.0
301216,True,2026-03-31,275.45,2026-06-30,971.52,,2026-08-24,control_stay_positive,False,,,,,,,,
301219,True,2026-03-31,350.7,2026-06-30,87.04,,2026-08-21,control_stay_positive,True,2026-08-21,46.81,,0.0,,0.0,,0.0
301223,True,2026-03-31,9.19,2026-06-30,3.14,,2026-08-21,control_stay_positive,True,2026-08-21,16.54,,0.0,,0.0,,0.0
301234,True,2026-03-31,13.03,2026-06-30,30.77,,2026-08-24,control_stay_positive,False,,,,,,,,
301237,True,2026-03-31,102.86,2026-06-30,141.83,,2026-07-31,control_stay_positive,True,2026-07-31,46.4,0.16874999999999996,15.0,,15.0,,15.0
301256,True,2026-03-31,53.75,2026-06-30,25.28,,2026-08-14,control_stay_positive,True,2026-08-14,10.32,-0.022286821705426396,5.0,,5.0,,5.0
301289,True,2026-03-31,23.69,2026-06-30,19.44,,2026-08-24,control_stay_positive,False,,,,,,,,
301286,True,2026-03-31,8.63,2026-06-30,16.51,,2026-08-21,control_stay_positive,True,2026-08-21,43.06,,0.0,,0.0,,0.0
301299,True,2026-03-31,2.56,2026-06-30,7.55,,2026-08-19,control_stay_positive,True,2026-08-19,42.99,,2.0,,2.0,,2.0
301305,True,2026-03-31,22.05,2026-06-30,32.78,,2026-08-15,control_stay_positive,True,2026-08-17,25.13,,4.0,,4.0,,4.0
301302,True,2026-03-31,57.86,2026-06-30,27.99,,2026-08-24,control_stay_positive,False,,,,,,,,
301310,True,2026-03-31,10.02,2026-06-30,6.45,,2026-08-20,control_stay_positive,True,2026-08-20,51.37,,1.0,,1.0,,1.0
301308,True,2026-03-31,2051.4,2026-06-30,31096.33,,2026-08-11,control_stay_positive,True,2026-08-11,417.5,-0.012742514970059848,8.0,,8.0,,8.0
301319,True,2026-03-31,46.24,2026-06-30,35.4,,2026-08-06,control_stay_positive,True,2026-08-06,108.3,0.013850415512465464,11.0,,11.0,,11.0
301321,True,2026-03-31,111.93,2026-06-30,151.03,,2026-08-22,control_stay_positive,False,,,,,,,,
301323,True,2026-03-31,36.24,2026-06-30,30.15,,2026-08-24,control_stay_positive,False,,,,,,,,
301358,True,2026-03-31,1476.04,2026-06-30,854.2,,2026-08-20,control_stay_positive,True,2026-08-20,64.96,,1.0,,1.0,,1.0
301338,True,2026-03-31,99.65,2026-06-30,111.2,,2026-08-22,control_stay_positive,False,,,,,,,,
301363,True,2026-03-31,10.42,2026-06-30,8.71,,2026-08-18,control_stay_positive,True,2026-08-18,18.57,,3.0,,3.0,,3.0
301371,True,2026-03-31,100.13,2026-06-30,0.38,,2026-08-20,control_stay_positive,True,2026-08-20,23.5,,1.0,,1.0,,1.0
301366,True,2026-03-31,201.2,2026-06-30,3005.41,,2026-08-03,control_stay_positive,True,2026-08-03,43.75,0.23314285714285732,14.0,,14.0,,14.0
301361,True,2026-03-31,14.21,2026-06-30,0.19,,2026-08-08,control_stay_positive,True,2026-08-10,28.61,-0.011534428521495887,9.0,,9.0,,9.0
301377,True,2026-03-31,284.74,2026-06-30,353.28,,2026-08-20,control_stay_positive,True,2026-08-20,412.0,,1.0,,1.0,,1.0
301373,True,2026-03-31,32.34,2026-06-30,16.94,,2026-08-19,control_stay_positive,True,2026-08-19,95.1,,2.0,,2.0,,2.0
301391,True,2026-03-31,115.37,2026-06-30,143.75,,2026-08-15,control_stay_positive,True,2026-08-17,50.15,,4.0,,4.0,,4.0
301439,True,2026-03-31,28.0,2026-06-30,25.45,,2026-08-15,control_stay_positive,True,2026-08-17,15.4,,4.0,,4.0,,4.0
301421,True,2026-03-31,46.38,2026-06-30,127.31,,2026-08-12,control_stay_positive,True,2026-08-12,81.66,-0.059515062454077894,7.0,,7.0,,7.0
301458,True,2026-03-31,6.39,2026-06-30,9.27,,2026-08-24,control_stay_positive,False,,,,,,,,
301511,True,2026-03-31,2424.4,2026-06-30,1916.9,,2026-08-22,control_stay_positive,False,,,,,,,,
301500,True,2026-03-31,936.45,2026-06-30,352.93,,2026-08-20,control_stay_positive,True,2026-08-20,22.73,,1.0,,1.0,,1.0
301469,True,2026-03-31,102.68,2026-06-30,72.75,,2026-08-19,control_stay_positive,True,2026-08-19,27.75,,2.0,,2.0,,2.0
301526,True,2026-03-31,374.99,2026-06-30,168.82,,2026-08-20,control_stay_positive,True,2026-08-20,32.49,,1.0,,1.0,,1.0
301563,True,2026-03-31,181.77,2026-06-30,219.23,,2026-08-19,control_stay_positive,True,2026-08-19,122.96,,2.0,,2.0,,2.0
301598,True,2026-03-31,15.21,2026-06-30,25.85,,2026-08-24,control_stay_positive,False,,,,,,,,
301584,True,2026-03-31,29.91,2026-06-30,8.6,,2026-08-17,control_stay_positive,True,2026-08-17,24.2,,4.0,,4.0,,4.0
301683,True,2026-03-31,7.58,2026-06-30,3.0,,2026-08-24,control_stay_positive,False,,,,,,,,
301696,True,2026-03-31,71.86,2026-06-30,59.14,,2026-08-17,control_stay_positive,True,2026-08-17,110.27,,4.0,,4.0,,4.0
600009,True,2026-03-31,8.13,2026-06-30,9.32,,2026-08-20,control_stay_positive,True,2026-08-20,23.27,,1.0,,1.0,,1.0
600030,True,2026-03-31,58.5,2026-06-30,73.97,,2026-08-21,control_stay_positive,True,2026-08-21,27.12,,0.0,,0.0,,0.0
600020,True,2026-03-31,5.01,2026-06-30,7.7,,2026-08-15,control_stay_positive,True,2026-08-17,3.75,,4.0,,4.0,,4.0
600028,True,2026-03-31,29.22,2026-06-30,19.13,,2026-08-24,control_stay_positive,False,,,,,,,,
600063,True,2026-03-31,6.31,2026-06-30,24.37,,2026-08-21,control_stay_positive,True,2026-08-21,5.8,,0.0,,0.0,,0.0
600078,True,2026-03-31,175.03,2026-06-30,453.64,,2026-08-18,control_stay_positive,True,2026-08-18,11.47,,3.0,,3.0,,3.0
600110,True,2026-03-31,149.37,2026-06-30,159.59,,2026-07-31,control_stay_positive,True,2026-07-31,8.16,0.2818627450980393,15.0,,15.0,,15.0
600096,True,2026-03-31,9.64,2026-06-30,6.62,,2026-08-18,control_stay_positive,True,2026-08-18,30.71,,3.0,,3.0,,3.0
600116,True,2026-03-31,224.31,2026-06-30,777.47,,2026-08-21,control_stay_positive,True,2026-08-21,6.12,,0.0,,0.0,,0.0
600111,True,2026-03-31,103.21,2026-06-30,128.79,,2026-08-20,control_stay_positive,True,2026-08-20,39.78,,1.0,,1.0,,1.0
600176,True,2026-03-31,71.43,2026-06-30,70.93,,2026-08-21,control_stay_positive,True,2026-08-21,42.04,,0.0,,0.0,,0.0
600183,True,2026-03-31,93.51,2026-06-30,110.99,,2026-08-15,control_stay_positive,True,2026-08-17,144.49,,4.0,,4.0,,4.0
600168,True,2026-03-31,45.6,2026-06-30,18.62,,2026-08-14,control_stay_positive,True,2026-08-14,4.38,0.009132420091324311,5.0,,5.0,,5.0
600198,True,2026-03-31,15.16,2026-06-30,25.75,,2026-08-21,control_stay_positive,True,2026-08-21,7.47,,0.0,,0.0,,0.0
600201,True,2026-03-31,9.27,2026-06-30,178.61,,2026-08-04,control_stay_positive,True,2026-08-04,13.37,0.02393418100224376,13.0,,13.0,,13.0
600206,True,2026-03-31,4.75,2026-06-30,16.98,,2026-08-05,control_stay_positive,True,2026-08-05,39.78,0.3300653594771241,12.0,,12.0,,12.0
600203,True,2026-03-31,194.25,2026-06-30,755.9,,2026-08-11,control_stay_positive,True,2026-08-11,10.16,-0.0009842519685039353,8.0,,8.0,,8.0
600230,True,2026-03-31,507.36,2026-06-30,301.38,,2026-08-15,control_stay_positive,True,2026-08-17,15.02,,4.0,,4.0,,4.0
600233,True,2026-03-31,65.79,2026-06-30,76.87,,2026-08-20,control_stay_positive,True,2026-08-20,17.5,,1.0,,1.0,,1.0
600236,True,2026-03-31,58.97,2026-06-30,49.7,,2026-07-31,control_stay_positive,True,2026-07-31,10.82,-0.001848428835489746,15.0,,15.0,,15.0
600255,True,2026-03-31,95.92,2026-06-30,170.72,,2026-08-11,control_stay_positive,True,2026-08-11,3.36,-0.017857142857142905,8.0,,8.0,,8.0
600257,True,2026-03-31,6.37,2026-06-30,330.2,,2026-08-13,control_stay_positive,True,2026-08-13,5.62,-0.008896797153024827,6.0,,6.0,,6.0
600268,True,2026-03-31,39.59,2026-06-30,24.57,,2026-08-20,control_stay_positive,True,2026-08-20,10.5,,1.0,,1.0,,1.0
600285,True,2026-03-31,11.59,2026-06-30,5.06,,2026-08-12,control_stay_positive,True,2026-08-12,20.47,-0.024425989252564784,7.0,,7.0,,7.0
600298,True,2026-03-31,14.46,2026-06-30,7.02,,2026-08-15,control_stay_positive,True,2026-08-17,41.89,,4.0,,4.0,,4.0
600312,True,2026-03-31,14.45,2026-06-30,20.76,,2026-08-20,control_stay_positive,True,2026-08-20,19.29,,1.0,,1.0,,1.0
600305,True,2026-03-31,24.95,2026-06-30,17.78,,2026-08-20,control_stay_positive,True,2026-08-20,6.72,,1.0,,1.0,,1.0
600301,True,2026-03-31,21.91,2026-06-30,38.5,,2026-08-18,control_stay_positive,True,2026-08-18,49.82,,3.0,,3.0,,3.0
600318,True,2026-03-31,15.72,2026-06-30,28.74,,2026-08-12,control_stay_positive,True,2026-08-12,6.69,-0.053811659192825156,7.0,,7.0,,7.0
600329,True,2026-03-31,11.61,2026-06-30,7.43,,2026-08-15,control_stay_positive,True,2026-08-17,36.16,,4.0,,4.0,,4.0
600315,,,,,,A process in the process pool was terminated abruptly while the future was running or pending.,,,False,,,,,,,,
600346,,,,,,A process in the process pool was terminated abruptly while the future was running or pending.,,,False,,,,,,,,
600366,,,,,,A process in the process pool was terminated abruptly while the future was running or pending.,,,False,,,,,,,,
600338,,,,,,A process in the process pool was terminated abruptly while the future was running or pending.,,,False,,,,,,,,
600388,,,,,,A process in the process pool was terminated abruptly while the future was running or pending.,,,False,,,,,,,,
600405,,,,,,A process in the process pool was terminated abruptly while the future was running or pending.,,,False,,,,,,,,
600408,,,,,,A process in the process pool was terminated abruptly while the future was running or pending.,,,False,,,,,,,,
600426,,,,,,A process in the process pool was terminated abruptly while the future was running or pending.,,,False,,,,,,,,
600459,,,,,,A process in the process pool was terminated abruptly while the future was running or pending.,,,False,,,,,,,,
600500,,,,,,A process in the process pool was terminated abruptly while the future was running or pending.,,,False,,,,,,,,
600523,,,,,,A process in the process pool was terminated abruptly while the future was running or pending.,,,False,,,,,,,,
600535,,,,,,A process in the process pool was terminated abruptly while the future was running or pending.,,,False,,,,,,,,
600563,,,,,,A process in the process pool was terminated abruptly while the future was running or pending.,,,False,,,,,,,,
600584,,,,,,A process in the process pool was terminated abruptly while the future was running or pending.,,,False,,,,,,,,
600578,,,,,,A process in the process pool was terminated abruptly while the future was running or pending.,,,False,,,,,,,,
600601,,,,,,A process in the process pool was terminated abruptly while the future was running or pending.,,,False,,,,,,,,
600595,,,,,,A process in the process pool was terminated abruptly while the future was running or pending.,,,False,,,,,,,,
600588,,,,,,A process in the process pool was terminated abruptly while the future was running or pending.,,,False,,,,,,,,
600688,,,,,,A process in the process pool was terminated abruptly while the future was running or pending.,,,False,,,,,,,,
600711,,,,,,A process in the process pool was terminated abruptly while the future was running or pending.,,,False,,,,,,,,
600726,,,,,,A process in the process pool was terminated abruptly while the future was running or pending.,,,False,,,,,,,,
600763,,,,,,A process in the process pool was terminated abruptly while the future was running or pending.,,,False,,,,,,,,
600719,,,,,,A process in the process pool was terminated abruptly while the future was running or pending.,,,False,,,,,,,,
600844,,,,,,A process in the process pool was terminated abruptly while the future was running or pending.,,,False,,,,,,,,
600869,,,,,,A process in the process pool was terminated abruptly while the future was running or pending.,,,False,,,,,,,,
600901,,,,,,A process in the process pool was terminated abruptly while the future was running or pending.,,,False,,,,,,,,
600906,,,,,,A process in the process pool was terminated abruptly while the future was running or pending.,,,False,,,,,,,,
600889,,,,,,A process in the process pool was terminated abruptly while the future was running or pending.,,,False,,,,,,,,
600918,,,,,,A process in the process pool was terminated abruptly while the future was running or pending.,,,False,,,,,,,,
600919,,,,,,A process in the process pool was terminated abruptly while the future was running or pending.,,,False,,,,,,,,
600885,,,,,,A process in the process pool was terminated abruptly while the future was running or pending.,,,False,,,,,,,,
600936,,,,,,A process in the process pool was terminated abruptly while the future was running or pending.,,,False,,,,,,,,
600989,,,,,,A process in the process pool was terminated abruptly while the future was running or pending.,,,False,,,,,,,,
601009,,,,,,A process in the process pool was terminated abruptly while the future was running or pending.,,,False,,,,,,,,
600995,,,,,,A process in the process pool was terminated abruptly while the future was running or pending.,,,False,,,,,,,,
601068,,,,,,A process in the process pool was terminated abruptly while the future was running or pending.,,,False,,,,,,,,
601066,,,,,,A process in the process pool was terminated abruptly while the future was running or pending.,,,False,,,,,,,,
601112,,,,,,A process in the process pool was terminated abruptly while the future was running or pending.,,,False,,,,,,,,
601138,,,,,,A process in the process pool was terminated abruptly while the future was running or pending.,,,False,,,,,,,,
601211,,,,,,A process in the process pool was terminated abruptly while the future was running or pending.,,,False,,,,,,,,
601168,,,,,,A process in the process pool was terminated abruptly while the future was running or pending.,,,False,,,,,,,,
601179,,,,,,A process in the process pool was terminated abruptly while the future was running or pending.,,,False,,,,,,,,
601177,,,,,,A process in the process pool was terminated abruptly while the future was running or pending.,,,False,,,,,,,,
601360,,,,,,A process in the process pool was terminated abruptly while the future was running or pending.,,,False,,,,,,,,
601377,,,,,,A process in the process pool was terminated abruptly while the future was running or pending.,,,False,,,,,,,,
601579,,,,,,A process in the process pool was terminated abruptly while the future was running or pending.,,,False,,,,,,,,
601869,,,,,,A process in the process pool was terminated abruptly while the future was running or pending.,,,False,,,,,,,,
601788,,,,,,A process in the process pool was terminated abruptly while the future was running or pending.,,,False,,,,,,,,
601877,,,,,,A process in the process pool was terminated abruptly while the future was running or pending.,,,False,,,,,,,,
601888,,,,,,A process in the process pool was terminated abruptly while the future was running or pending.,,,False,,,,,,,,
601766,,,,,,A process in the process pool was terminated abruptly while the future was running or pending.,,,False,,,,,,,,
601963,,,,,,A process in the process pool was terminated abruptly while the future was running or pending.,,,False,,,,,,,,
601899,,,,,,A process in the process pool was terminated abruptly while the future was running or pending.,,,False,,,,,,,,
601958,,,,,,A process in the process pool was terminated abruptly while the future was running or pending.,,,False,,,,,,,,
603049,,,,,,A process in the process pool was terminated abruptly while the future was running or pending.,,,False,,,,,,,,
603077,,,,,,A process in the process pool was terminated abruptly while the future was running or pending.,,,False,,,,,,,,
603119,,,,,,A process in the process pool was terminated abruptly while the future was running or pending.,,,False,,,,,,,,
603129,,,,,,A process in the process pool was terminated abruptly while the future was running or pending.,,,False,,,,,,,,
603156,,,,,,A process in the process pool was terminated abruptly while the future was running or pending.,,,False,,,,,,,,
603166,,,,,,A process in the process pool was terminated abruptly while the future was running or pending.,,,False,,,,,,,,
603171,,,,,,A process in the process pool was terminated abruptly while the future was running or pending.,,,False,,,,,,,,
603193,,,,,,A process in the process pool was terminated abruptly while the future was running or pending.,,,False,,,,,,,,
603259,,,,,,A process in the process pool was terminated abruptly while the future was running or pending.,,,False,,,,,,,,
603293,,,,,,A process in the process pool was terminated abruptly while the future was running or pending.,,,False,,,,,,,,
603256,,,,,,A process in the process pool was terminated abruptly while the future was running or pending.,,,False,,,,,,,,
603332,,,,,,A process in the process pool was terminated abruptly while the future was running or pending.,,,False,,,,,,,,
603392,,,,,,A process in the process pool was terminated abruptly while the future was running or pending.,,,False,,,,,,,,
603444,,,,,,A process in the process pool was terminated abruptly while the future was running or pending.,,,False,,,,,,,,
603538,,,,,,A process in the process pool was terminated abruptly while the future was running or pending.,,,False,,,,,,,,
603606,,,,,,A process in the process pool was terminated abruptly while the future was running or pending.,,,False,,,,,,,,
603659,,,,,,A process in the process pool was terminated abruptly while the future was running or pending.,,,False,,,,,,,,
603650,,,,,,A process in the process pool was terminated abruptly while the future was running or pending.,,,False,,,,,,,,
603699,,,,,,A process in the process pool was terminated abruptly while the future was running or pending.,,,False,,,,,,,,
603867,,,,,,A process in the process pool was terminated abruptly while the future was running or pending.,,,False,,,,,,,,
603916,,,,,,A process in the process pool was terminated abruptly while the future was running or pending.,,,False,,,,,,,,
603881,,,,,,A process in the process pool was terminated abruptly while the future was running or pending.,,,False,,,,,,,,
603938,,,,,,A process in the process pool was terminated abruptly while the future was running or pending.,,,False,,,,,,,,
603986,,,,,,A process in the process pool was terminated abruptly while the future was running or pending.,,,False,,,,,,,,
603929,,,,,,A process in the process pool was terminated abruptly while the future was running or pending.,,,False,,,,,,,,
603993,,,,,,A process in the process pool was terminated abruptly while the future was running or pending.,,,False,,,,,,,,
605228,,,,,,A process in the process pool was terminated abruptly while the future was running or pending.,,,False,,,,,,,,
605319,,,,,,A process in the process pool was terminated abruptly while the future was running or pending.,,,False,,,,,,,,
605499,,,,,,A process in the process pool was terminated abruptly while the future was running or pending.,,,False,,,,,,,,
605358,,,,,,A process in the process pool was terminated abruptly while the future was running or pending.,,,False,,,,,,,,
688012,,,,,,A process in the process pool was terminated abruptly while the future was running or pending.,,,False,,,,,,,,
688035,,,,,,A process in the process pool was terminated abruptly while the future was running or pending.,,,False,,,,,,,,
688077,,,,,,A process in the process pool was terminated abruptly while the future was running or pending.,,,False,,,,,,,,
688027,,,,,,A process in the process pool was terminated abruptly while the future was running or pending.,,,False,,,,,,,,
688021,,,,,,A process in the process pool was terminated abruptly while the future was running or pending.,,,False,,,,,,,,
688018,,,,,,A process in the process pool was terminated abruptly while the future was running or pending.,,,False,,,,,,,,
688041,,,,,,A process in the process pool was terminated abruptly while the future was running or pending.,,,False,,,,,,,,
688053,,,,,,A process in the process pool was terminated abruptly while the future was running or pending.,,,False,,,,,,,,
688065,,,,,,A process in the process pool was terminated abruptly while the future was running or pending.,,,False,,,,,,,,
688063,,,,,,A process in the process pool was terminated abruptly while the future was running or pending.,,,False,,,,,,,,
688072,,,,,,A process in the process pool was terminated abruptly while the future was running or pending.,,,False,,,,,,,,
688045,,,,,,A process in the process pool was terminated abruptly while the future was running or pending.,,,False,,,,,,,,
688114,,,,,,A process in the process pool was terminated abruptly while the future was running or pending.,,,False,,,,,,,,
688111,,,,,,A process in the process pool was terminated abruptly while the future was running or pending.,,,False,,,,,,,,
688120,,,,,,A process in the process pool was terminated abruptly while the future was running or pending.,,,False,,,,,,,,
688146,,,,,,A process in the process pool was terminated abruptly while the future was running or pending.,,,False,,,,,,,,
688158,,,,,,A process in the process pool was terminated abruptly while the future was running or pending.,,,False,,,,,,,,
688179,,,,,,A process in the process pool was terminated abruptly while the future was running or pending.,,,False,,,,,,,,
688192,,,,,,A process in the process pool was terminated abruptly while the future was running or pending.,,,False,,,,,,,,
688183,,,,,,A process in the process pool was terminated abruptly while the future was running or pending.,,,False,,,,,,,,
688213,,,,,,A process in the process pool was terminated abruptly while the future was running or pending.,,,False,,,,,,,,
688256,,,,,,A process in the process pool was terminated abruptly while the future was running or pending.,,,False,,,,,,,,
688309,,,,,,A process in the process pool was terminated abruptly while the future was running or pending.,,,False,,,,,,,,
688300,,,,,,A process in the process pool was terminated abruptly while the future was running or pending.,,,False,,,,,,,,
688281,,,,,,A process in the process pool was terminated abruptly while the future was running or pending.,,,False,,,,,,,,
688301,,,,,,A process in the process pool was terminated abruptly while the future was running or pending.,,,False,,,,,,,,
688334,,,,,,A process in the process pool was terminated abruptly while the future was running or pending.,,,False,,,,,,,,
688345,,,,,,A process in the process pool was terminated abruptly while the future was running or pending.,,,False,,,,,,,,
688365,,,,,,A process in the process pool was terminated abruptly while the future was running or pending.,,,False,,,,,,,,
688353,,,,,,A process in the process pool was terminated abruptly while the future was running or pending.,,,False,,,,,,,,
688385,,,,,,A process in the process pool was terminated abruptly while the future was running or pending.,,,False,,,,,,,,
688469,,,,,,A process in the process pool was terminated abruptly while the future was running or pending.,,,False,,,,,,,,
688475,,,,,,A process in the process pool was terminated abruptly while the future was running or pending.,,,False,,,,,,,,
688499,,,,,,A process in the process pool was terminated abruptly while the future was running or pending.,,,False,,,,,,,,
688531,,,,,,A process in the process pool was terminated abruptly while the future was running or pending.,,,False,,,,,,,,
688578,,,,,,A process in the process pool was terminated abruptly while the future was running or pending.,,,False,,,,,,,,
688600,,,,,,A process in the process pool was terminated abruptly while the future was running or pending.,,,False,,,,,,,,
688610,,,,,,A process in the process pool was terminated abruptly while the future was running or pending.,,,False,,,,,,,,
688617,,,,,,A process in the process pool was terminated abruptly while the future was running or pending.,,,False,,,,,,,,
688612,,,,,,A process in the process pool was terminated abruptly while the future was running or pending.,,,False,,,,,,,,
688636,,,,,,A process in the process pool was terminated abruptly while the future was running or pending.,,,False,,,,,,,,
688667,,,,,,A process in the process pool was terminated abruptly while the future was running or pending.,,,False,,,,,,,,
688676,,,,,,A process in the process pool was terminated abruptly while the future was running or pending.,,,False,,,,,,,,
688781,,,,,,A process in the process pool was terminated abruptly while the future was running or pending.,,,False,,,,,,,,
688820,,,,,,A process in the process pool was terminated abruptly while the future was running or pending.,,,False,,,,,,,,
688779,,,,,,A process in the process pool was terminated abruptly while the future was running or pending.,,,False,,,,,,,,
688778,,,,,,A process in the process pool was terminated abruptly while the future was running or pending.,,,False,,,,,,,,
920017,,,,,,A process in the process pool was terminated abruptly while the future was running or pending.,,,False,,,,,,,,
920021,,,,,,A process in the process pool was terminated abruptly while the future was running or pending.,,,False,,,,,,,,
920080,,,,,,A process in the process pool was terminated abruptly while the future was running or pending.,,,False,,,,,,,,
920077,,,,,,A process in the process pool was terminated abruptly while the future was running or pending.,,,False,,,,,,,,
920125,,,,,,A process in the process pool was terminated abruptly while the future was running or pending.,,,False,,,,,,,,
920193,,,,,,A process in the process pool was terminated abruptly while the future was running or pending.,,,False,,,,,,,,
920261,,,,,,A process in the process pool was terminated abruptly while the future was running or pending.,,,False,,,,,,,,
920266,,,,,,A process in the process pool was terminated abruptly while the future was running or pending.,,,False,,,,,,,,
920274,,,,,,A process in the process pool was terminated abruptly while the future was running or pending.,,,False,,,,,,,,
920509,,,,,,A process in the process pool was terminated abruptly while the future was running or pending.,,,False,,,,,,,,
920571,,,,,,A process in the process pool was terminated abruptly while the future was running or pending.,,,False,,,,,,,,
920663,,,,,,A process in the process pool was terminated abruptly while the future was running or pending.,,,False,,,,,,,,
920656,,,,,,A process in the process pool was terminated abruptly while the future was running or pending.,,,False,,,,,,,,
920726,,,,,,A process in the process pool was terminated abruptly while the future was running or pending.,,,False,,,,,,,,
920751,,,,,,A process in the process pool was terminated abruptly while the future was running or pending.,,,False,,,,,,,,
920802,,,,,,A process in the process pool was terminated abruptly while the future was running or pending.,,,False,,,,,,,,
