,upbig_600183,pct_600183,upbig_002463,pct_002463,upbig_002916,pct_002916,upbig_300476,pct_300476,upbig_002938,pct_002938,upbig_300502,pct_300502,upbig_300308,pct_300308,upbig_300394,pct_300394,upbig_300408,pct_300408,upbig_301018,pct_301018,upbig_002837,pct_002837,theme_count,theme_basket_ret_eq
2026-04-01,0,,0,,0,,0,,0,,0,,0,,0,,0,,0,,0,,0,
2026-04-02,0,-6.296769483482379,0,-3.801317790167258,0,-5.19576673489831,0,-0.031309929161282835,0,-4.970815289022779,0,-2.845664546367588,0,-3.301949564175932,0,-3.159577601077024,0,-2.488479262672816,0,-4.10453270338107,0,-5.064236629817753,0,-3.750947230384018
2026-04-03,0,1.694585118815728,0,0.06585879873550748,0,-2.8390297684674826,0,2.5643033316368413,0,-0.15851000594412357,0,1.7448781404673763,0,4.212898453492975,0,3.427752193935185,0,3.1190926275992403,0,-0.06158583525790462,0,1.038552321007069,0,1.3462541250927647
2026-04-07,0,5.133116261252635,0,0.14479399763063228,0,1.4751773049645367,0,0.4580502328421998,0,0.11907124429451077,0,0.7481757443271064,0,2.145922746781115,0,-4.943924055949922,0,3.3913840513290605,0,-3.004159605607759,0,1.448372527643671,0,0.646907313591617
2026-04-08,0,6.850063763891412,1,9.989484752891698,1,9.999068120398857,0,7.926134204726809,0,7.353815659068363,0,9.33011429619215,0,11.074660633484168,0,6.190897039328314,0,2.9964539007092394,0,15.835451080050845,0,7.844642308873184,2,8.67188961451046
2026-04-09,0,0.3751065643648799,0,2.1032504780114536,0,2.312775330396466,0,-2.749612730601325,0,1.6986706056129952,0,-2.292103424178893,0,0.7085388386946612,0,2.937871915442547,0,0.32707867102770294,0,1.9607843137254832,0,1.7366548042704544,0,0.8290013969787661
2026-04-10,0,3.3973161202649926,0,2.890917602996246,0,7.828931025917041,0,4.228360424284117,0,1.252723311546844,0,6.631383206980401,0,6.006934412019627,0,3.4563609168452025,0,1.7673301304049538,0,5.02958579881656,0,6.408283195746467,0,4.445284195074769
2026-04-13,0,3.6964021685559345,0,0.39813445569332195,0,2.541754655404116,0,2.8897919488729107,0,2.8509951586874527,0,-1.872669224371537,0,0.4565401073891362,0,-2.19990622069397,0,3.152925307705279,0,7.055057618437899,0,3.852728468113087,0,2.0747049494357843
2026-04-14,0,5.27566539923956,1,10.00453206435532,0,6.3578837009024,0,3.9766397731492376,0,4.184100418410042,0,1.4217361585782573,0,4.7427183807469575,0,-1.4702944584282118,0,5.050670153644976,0,6.865207511063254,0,6.735882501899204,1,4.831340145778273
2026-04-15,0,0.12039127163281371,0,-4.8820681841590385,0,-5.192747755676819,0,-4.081036329989285,0,-1.5060240963855387,0,-4.426472570427286,0,0.902744498698338,0,-4.3915494099995955,0,1.1047144857631919,0,-1.6228315612758726,0,-4.08066429418742,0,-2.5505039950915007
2026-04-16,0,0.9770028558545141,0,1.743367623172709,0,-0.2933531377645848,0,2.728134308150554,0,2.667346245327895,0,8.151637379065257,0,3.7981670217954955,0,7.536686741878018,0,-0.3847337642351456,0,-0.375426621160424,0,0.8162255750680192,0,2.4877322024683917
2026-04-17,0,2.5156296516820387,0,3.458918688803747,0,4.781944806524918,0,7.5518945634266865,0,1.8368360086050028,0,9.581931512922836,0,5.11222407716565,0,6.665352001577585,0,0.1544878727019805,0,-1.9413040995774677,0,4.232090284592749,0,3.995455033493248
2026-04-20,0,0.7840859590532823,0,0.349758255323529,0,1.6136484805402418,0,5.0793456283315885,0,6.028599285017866,0,-1.0186353142775606,0,-0.11647195849363579,0,-1.2571639859493389,0,-2.5759679160882287,0,5.415162454873634,0,9.40331881840648,0,2.1550617915216237
2026-04-21,0,3.947557988762429,0,1.8554587391081512,0,2.6793521983979884,0,-3.5276967930029213,0,5.134099616858223,0,-0.7718387073504918,0,1.7479387514723221,0,-5.744242651188913,0,4.100696643445234,0,-1.6791869200176723,0,-9.993545611015486,0,-0.2046733404119215
2026-04-22,0,4.753984753984741,0,3.4520933977455703,0,2.0200987906659806,0,3.590208522212146,1,10.000000000000009,0,7.642725598526701,0,2.515512131876285,0,6.348575741925222,0,1.3688212927756682,0,1.3370786516853972,0,-4.386279431098361,1,3.512983586390851
2026-04-23,0,-1.38925641704154,0,3.2493433213347522,0,0.0,0,-3.1594608786977063,0,-0.9939040551285472,0,-2.3186709288190555,0,1.1709972108359556,0,-6.742874220180061,0,4.636159039759913,0,-1.8959973389510942,0,-3.3750000000000058,0,-0.9835149333533991
2026-04-24,0,-3.086005635314637,0,-3.9762555356638085,0,0.0200347268598966,0,-4.928453080283179,0,-5.0729487351090725,0,-11.67265855457228,0,-1.1161461705024855,0,-7.49078673289536,0,6.968741038141668,0,-0.24864376130199206,0,-5.433376455368699,0,-3.276045354182722
2026-04-27,0,5.551709815865968,0,2.5022078304386186,0,6.783735060425977,0,0.5735289457840853,0,7.811618725324299,0,0.13567458971484037,0,-3.3772038738515087,0,-0.49796483935221625,0,0.965147453083115,0,1.404939950147277,0,0.8344733242134028,0,2.06253336198126
2026-04-28,0,-0.06558237145855017,0,-2.9197779054183415,0,-2.135309197774038,0,-1.367359798361678,0,-3.321998430551909,0,-0.47161207952265416,0,-3.7382304151772128,0,-3.8643979285434504,0,7.886351566648986,0,-2.413407821229041,0,-3.296703296703285,0,-1.4280025161901067
2026-04-29,0,1.8112613203832506,0,0.09860960457548362,0,-0.13417244353575164,0,6.647288059796841,0,-2.4080086580086646,0,0.2853552542017912,0,2.546054707410006,0,0.4164591915259752,0,0.3937976864385906,0,-4.888939775589662,0,1.7957351290684542,0,0.5966763705696649
2026-04-30,0,-1.920845687765882,0,0.5713722785932296,0,-0.6365759252743075,0,-1.6114056369245455,0,-1.067369004713048,0,-2.085780666718884,0,1.4792899408283988,0,-1.1540368750845298,0,4.498651630301542,0,0.2527988443481455,0,0.09647188533625783,0,-0.14340265609760205
2026-05-06,0,5.625657202944279,0,2.164756587324912,0,1.9992273517481118,0,-0.78236780419495,0,4.273504273504258,0,-0.6291991041910916,0,-0.1749271137026276,0,2.8184430154603923,0,-0.8093841642228705,0,2.341498559077815,0,3.3594933223185963,0,1.8351547387333476
2026-05-07,0,1.4683922349427725,0,2.953020134228179,0,1.4897579143389184,0,3.724840451644562,0,0.940607363611945,0,7.8503970809186585,0,2.5081775700934505,0,3.7879795963628338,0,2.329706717123936,0,14.325941569869748,0,4.8621286798987695,0,4.203722664821252
2026-05-08,0,0.0,0,1.2385919165580184,0,-0.967190172601462,0,6.093592853339658,0,-0.38604898828541456,0,-2.0996069456191813,0,0.9721130067124717,0,-0.559852985170306,0,-0.7858546168958869,0,-0.7081280788177269,0,-0.2413617886178887,0,0.23238674550929825
2026-05-11,0,2.035810645082159,0,-0.027596357280823547,0,4.104383871372952,0,5.459209278982868,0,6.0403581451289545,0,2.1802103979265075,0,6.109480812641088,0,1.7190991920233767,0,2.7606290040768755,0,0.7441860465116301,0,-0.11460588310200359,0,2.819196832123962
2026-05-12,0,2.3317307692307665,0,0.0,0,-1.1191215951253275,0,-0.7429145516074431,0,-0.9955891619407575,0,5.11290162140654,0,8.281833363471014,0,3.1730606726381616,0,-0.01133529811834233,0,-0.3283061454806502,0,-2.129015808261092,0,1.2339312605648063
2026-05-13,1,10.00704721634953,0,3.5885167464114742,0,5.6741915802318355,0,3.1883440321764267,1,9.992362525458232,0,6.155957225324116,0,3.0658454405249502,0,10.43859289897211,0,2.8114726221516895,0,2.707153885743696,0,6.3957274977204825,2,5.820473788278594
2026-05-14,0,-0.9182148195601147,0,-4.938710250488542,0,-4.91916859122401,0,-8.407330924109447,0,-3.506538595070019,0,-1.7628705148205803,0,2.744948532215008,0,3.6487689113022803,0,-2.536112029992277,0,-4.90078171978352,0,-3.9299706170421222,0,-2.6750891471430314
2026-05-15,0,-3.6099137931034475,0,-3.765651280134552,0,-2.4471702696137965,0,-4.117464701406293,0,2.062844806908126,0,-1.270446244243295,0,-2.6094619666048313,0,2.0392100744133,0,-3.0433306935173654,0,-0.9695436821582915,0,-1.669427806805146,0,-1.7636686869332356
2026-05-18,1,10.005589714924534,0,1.2331294300417683,0,3.9215686274509665,0,1.7576862030450835,0,3.8660399529964806,0,-1.6613433213079398,0,-0.4638669549563157,0,-3.7585022088212683,0,2.5670945157526326,0,5.49111418537831,0,1.6200103680663602,1,2.2344109556882374
2026-05-19,0,1.8495934959349425,0,-1.5921734126222997,0,-1.0781671159029504,0,-2.6632004621605976,0,5.487046045932797,0,-4.570520609402751,0,-1.4354066985645897,0,-5.701275045537335,0,9.829351535836173,0,3.823262382729764,0,0.2678229817625333,0,0.38330300890960795
2026-05-20,0,-0.21951706246258196,0,0.9551656920077978,0,0.47532546170148127,0,-0.8249747759511039,0,-4.150579150579137,0,2.7007835455435947,0,0.6796116504854455,0,-1.1048870001931665,0,-0.6007872384503954,0,13.06840264282938,0,5.876367336555566,0,1.5322646455897162
2026-05-21,0,-2.3599999999999954,0,0.11585248117398361,0,2.995148702805306,0,-0.837821663674454,0,4.72194248629294,0,-3.736022697470376,0,-4.210221793635482,0,-6.066643228251101,0,2.615673197165491,0,-5.345020194208128,0,-7.268140317155214,0,-1.7613866388142754
2026-05-22,1,10.006145022531744,1,9.999999999999986,1,9.99970743980574,0,13.307181653590838,1,10.001068490223307,0,7.204775113929074,0,4.493929570942479,0,10.463278715794733,0,16.786838631055147,0,8.851566046300508,0,4.378805544759667,4,9.590299657175747
2026-05-25,0,7.876361605064708,0,7.425265188042451,0,5.744833639192515,0,2.130492676431417,1,10.004856726566281,0,8.608062839320784,0,5.300680167247918,0,6.509298998569402,0,0.3043478260869481,0,-0.5254378648874125,0,1.1046295147077112,1,4.953035574212975
2026-05-26,1,10.00258910848364,0,8.82976987106252,0,4.874368067607349,0,2.46414602346805,0,1.4657836644591526,0,6.219820892982497,0,0.9149130832570851,0,2.5237708105050993,0,1.3697442566103168,0,-6.388865599060944,0,-7.095506997299273,1,2.289139380188681
2026-05-27,0,2.800878707045351,0,-3.8017396520696023,0,-5.590330239585583,0,-3.473724392416333,0,-8.693760334174572,0,-0.7129268048463033,0,0.7588395285584637,0,5.371487674538877,0,5.182587873086453,0,-2.9198387819077465,0,-3.5940803382664033,0,-1.3338733418215816
2026-05-28,0,2.945890254140271,0,3.7181385922519405,0,0.5639384240207157,0,-1.054574215660431,0,0.076248570339299,0,3.358276689727502,0,7.793984001727616,0,4.42037758073488,0,7.415237011139131,0,1.854414613894284,0,2.6315789473684292,0,3.065773679062149
2026-05-29,0,3.6696567573578642,0,-0.7665714715166194,0,3.922905931090237,0,-1.8065547561950557,0,-0.9333333333333416,0,-1.6567793302630696,0,-3.0743161462115642,0,1.7077144826721735,0,-2.520626750435251,0,-7.463768115942038,0,-6.690705128205121,0,-1.4193070782710715
2026-06-01,0,-3.5469107551487467,0,-7.2175098455013575,0,-7.634719622760755,0,-7.101378486920639,0,-1.5862334166506398,0,-3.7682309752951726,0,-2.6835233731785535,0,-5.782679688222059,0,-2.4460319925454277,0,-7.233750978856701,0,-5.452984113353376,0,-4.950359386221221
2026-06-02,0,4.0109727164887365,0,6.9300465268141265,0,4.947368421052634,0,1.9658244486636445,0,8.27390837159323,0,9.881227317716924,0,5.469911504424774,0,6.556144137074105,0,7.028575977075557,0,4.357919172734004,0,2.1646987587041977,0,5.598781577485631
2026-06-03,0,0.014256183619654195,0,-0.916030534351131,0,-4.212637913741224,0,1.24899736450097,0,-3.2118368819920584,0,4.719636691187512,0,6.9801394517582604,0,8.837880136250664,0,0.319797709355929,0,-1.5065722952477323,0,1.2298118239739253,0,1.2275856123013427
2026-06-04,0,2.0312165918323632,0,8.48998459167949,0,2.9790575916230244,0,3.7573562698053564,0,2.4981357196122156,0,-0.8064082576205611,0,0.39215686274509665,0,-3.403163504102402,0,3.0691674697902016,0,5.728364644287032,0,1.317330210772849,0,2.3684725627658785
2026-06-05,0,-4.051411008661621,0,-5.396960658997296,0,-5.180741267985156,0,-7.586169284467726,0,-4.374317933794092,0,-3.6023341101656503,0,-7.813281250000004,0,-4.8832457676590835,0,-3.0209307343738723,0,-5.359743664433436,0,-4.79630164692284,0,-5.0968579388600705
2026-06-08,0,-2.4024461269656405,0,2.837411800030032,0,-0.9008042895442436,0,-7.111242254352302,0,5.515929624346172,0,-3.0735208680822357,0,-2.1186620225595143,0,-6.978242857581252,0,-8.833345694578366,0,-6.0839232584384835,0,-3.8239757207890746,0,-2.997529242592264
2026-06-09,1,10.002983738624494,0,2.98540145985402,0,7.120441510659026,0,8.815120711562896,0,3.2086525461919813,0,8.376032019180556,0,2.1653867133048843,0,4.427143469798445,0,14.725024406117804,0,13.611535940572427,1,10.003155569580313,2,7.767352553222441
2026-06-10,0,-0.38651929205939517,0,-7.4349705861506905,0,-3.257904838872605,0,-3.5877974018391545,0,-3.9210549297004738,0,-1.6841804784927916,0,-2.79661016949152,0,-7.398515242457748,0,-6.396255850234011,0,-3.028846153846154,0,-1.1761331038439349,0,-3.7335261860898616
2026-06-11,0,1.9264805990469647,0,-2.825421133231243,0,-1.8012843940896972,0,-1.4473445164415844,0,-4.108343937465908,0,-4.549331300923665,0,-2.005231037489097,0,0.2967966431276281,0,-0.2803030303030307,0,-3.2325235498264715,0,-2.5544267053701053,0,-1.8709938511787463
2026-06-12,0,1.0351966873705987,0,-1.3474115514931828,0,0.8879200340280669,0,0.5315226742042434,0,-3.772511848341231,0,-3.714828897338407,0,2.2241992882562345,0,-4.438775510204085,0,-3.8972878523133025,0,0.6250640434470656,0,-1.5787905868334895,0,-1.2223366835652263
2026-06-15,1,10.001322051824424,0,6.837060702875397,0,5.349143610013174,0,5.284068335319825,0,3.073286052009472,0,6.719188089878769,0,8.355091383812008,0,8.57447944474108,0,18.774703557312257,0,11.181262729124231,0,6.734261501210659,1,8.262169768920119
2026-06-16,0,7.806021272760066,0,5.14354066985645,0,1.0205102551275491,0,3.1872278664731635,0,3.392584097859319,0,1.5744972154896564,0,0.24819277108432125,0,6.448334644636766,0,-0.019966722129782788,0,0.8884411064297382,0,3.7714447752729363,0,3.041893450260017
2026-06-17,0,0.4180602006689016,0,4.202218430034144,1,10.00049519659305,0,1.7497468211995049,1,10.000924299842872,0,1.6174863387978133,0,2.245030406461068,0,1.4228080441008872,0,3.488217281320738,0,2.3785746709032995,0,1.9538188277087087,2,3.5888527743300895
2026-06-18,0,2.064945878434643,0,0.9211873080859689,0,2.145091948589828,0,2.0182471661598145,0,0.7562389715149997,0,4.230300423030053,0,7.191386322495719,0,2.2075122217836363,0,1.5631030490158127,0,3.139132748071294,0,-0.3350308228357024,0,2.354737746758733
2026-06-22,0,0.34263338228095463,0,-1.784989858012176,0,0.7800793301013575,0,-0.9756097560975618,0,-5.770994912851302,0,-0.2596821902730917,0,1.0563792145509732,0,-3.1134878193701754,0,-1.1273671543479469,0,-5.5111340383458,0,3.939760656178559,0,-1.1294921041987462
2026-06-23,0,-9.013550135501358,0,-4.653724356326583,0,-6.852669786154719,0,-7.443897099069508,0,-5.381007168775998,0,-4.822663241202141,0,-5.231746399195558,0,-4.617932049552309,0,-6.796489654730642,0,0.5732484076433009,0,5.407503234152666,0,-4.439357113519351
2026-06-24,0,5.617442068267109,0,3.50180505415163,0,1.3849765258215907,0,1.546422235363698,0,-0.4770367598914915,0,0.59782608695651,0,0.1656475904764143,0,4.571465312158418,0,-0.16494845360824906,0,2.1442142404777043,0,1.6936671575846773,0,1.8710437325234557
2026-06-25,0,5.583756345177648,0,8.119986048133953,0,5.348460291734214,0,1.959642430771913,0,7.274436090225556,0,9.938771835044125,0,0.8550656159977965,0,5.1309640924741995,0,12.639405204460985,0,1.7803365810451721,0,4.984310885831511,0,5.783194129172461
2026-06-26,0,-4.6474358974358925,0,-4.974514484805481,0,-4.725274725274731,0,-8.741718071738635,0,-2.7685298755913745,0,-7.287588658290877,0,-5.2523802327338664,0,-7.009386788314775,0,-2.181884855152183,0,-5.93507962753459,0,-5.081043798137719,0,-5.327712455910011
2026-06-29,0,-4.112044817927174,0,-4.223248234655075,0,0.15224913494811254,0,-1.3080895008605875,0,-8.992611281311946,0,-1.5971731448763182,0,-2.7027889208782296,0,-7.185534591194975,0,4.1487035301468245,0,-5.412156536219825,0,-7.109119534940045,0,-3.4856194452517486
2026-06-30,0,1.30871698995092,0,8.322699560470737,0,5.468030219273978,0,9.848749088372388,0,4.3366336633663405,0,8.984487216317149,0,4.098360655737698,0,2.5512451295951255,0,0.12598236246925687,0,13.077073552425666,0,3.7288135593220417,0,5.622799272481937
2026-07-01,0,-4.959630911188007,0,-5.098167539267029,0,-2.1576763485477213,0,-5.649048869901563,0,-2.827861074207616,0,-5.179571663920934,0,-3.6874015748031397,0,-5.8411523721422,0,2.133013780707005,0,-4.921719574431272,0,-6.070889894419307,0,-4.023646003829253
2026-07-02,0,-7.797330097087396,0,-9.999310392386729,0,-5.562251685192621,0,-6.354402496481681,0,-9.648437500000007,0,-11.564389464174019,0,-6.554281089300762,0,-12.010526315789471,0,-13.0587821189722,0,-2.147016011644831,0,-4.456041750301076,0,-8.104797174666437
2026-07-03,0,5.811122079631459,0,3.7085280821393063,0,7.4166863625620305,0,0.6468685680682151,0,4.593601383484658,0,3.3398821218074692,0,-2.3622047244094446,0,-0.26717709454879834,0,-2.233468286099871,0,9.50167348456674,0,0.042016806722688926,0,2.745229889447678
2026-07-06,0,-4.04901107102873,0,-4.817140746213511,0,-3.142052455553601,0,-4.966403739409875,0,-1.5293996073163063,0,-3.633079847908749,0,-1.5304659498207807,0,-5.237904838064777,0,-2.180964869901303,0,6.130073017490245,0,3.6819263614727538,0,-1.9340385223867849
2026-07-07,0,-2.2687495948661485,0,0.6908328805402375,0,-6.383462062698763,0,-2.6812856508521943,0,-3.001364256480221,0,0.6332734912900317,0,2.091144032322645,0,2.991561181434599,0,-1.220630776829179,0,-5.535999999999996,0,-3.7402106400216018,0,-1.67499012692369
2026-07-08,0,-3.5219208065265017,0,-1.1717545482577973,0,-2.370783790342157,0,-1.8461322476484576,0,-1.2333657903278117,0,0.14506959419720022,0,0.5749175505838089,0,0.6513990741120024,0,-6.835714285714278,0,-0.16937669376694275,0,1.1642586618038964,0,-1.3284912074442763
2026-07-09,0,8.208442183418118,0,7.098283931357274,1,9.999254343449415,0,6.093113065865685,0,4.480227845328066,0,6.784903296531208,0,5.897992644126404,0,10.5096059915337,0,2.5914283523729154,0,4.809976247030878,0,5.199667221297832,1,6.515717738391955
2026-07-10,0,-5.0889453621347,0,-5.724690458849246,0,-3.7418655097613884,0,-8.32490731378497,0,3.239672887397771,0,-4.115490375802022,0,-8.445895053979413,0,-0.13996316758747573,0,-5.051939316941933,0,-3.2294617563739303,0,-3.071042572821925,0,-3.97222981823993
2026-07-13,0,-10.000669388847982,0,-3.6928306551297863,0,-7.607981220657278,0,0.37132352941176006,0,-2.203716868081651,0,-2.017015581684345,0,1.281559077862493,0,-4.3560047211566815,0,-12.003148366784732,0,-7.49414519906324,0,-8.92031547457166,0,-5.149358624427555
2026-07-14,1,10.00371885459279,1,10.003208727739455,0,3.912701034070998,0,6.3257756126149145,0,9.283489096573216,0,10.98926829268294,0,6.863718411552333,0,5.476071111796688,0,9.016100178890873,0,2.965641952983722,0,4.702896386981181,2,7.23114451458901
2026-07-15,0,3.0628803245436043,0,0.07292350324508146,0,-7.765471038411698,0,-4.654127049745071,0,-2.099961991638155,0,-2.253788544706592,0,-1.2448798614923318,0,-5.158860736353333,0,-5.973088283557604,0,-6.937126800140492,0,-3.4079566519321314,0,-3.3054051936535203
2026-07-16,0,-3.5688512759955326,0,-0.3716388544778737,0,-3.5071441825941796,0,-2.1100552805578543,0,0.05823546539842628,0,-2.410071942446035,0,-4.815660517741227,0,-5.886661526599834,0,-6.753926701570679,0,-2.896772976033224,0,0.1771479185119551,0,-2.9168545340096417
2026-07-17,0,-10.000680318389021,0,-6.524283206553538,0,-8.241758241758246,0,-10.862584431402944,0,-8.92424095450577,0,-11.006266126059716,0,-11.998203054806822,0,-13.419079998361527,0,-7.346060265768295,0,-15.498979690992131,0,-9.269083407014445,0,-10.281019972328405
2026-07-20,0,-6.765439564592935,0,-9.999999999999998,0,-2.8862275449101804,0,-7.200828157349893,0,-3.195228458834809,0,5.616302186878719,0,2.5054621934535337,0,1.0266357572030094,0,-8.069891930108074,0,-8.222171113155463,0,-9.9236641221374,0,-4.2831864321412265
2026-07-21,1,9.996756932057703,0,6.590158233350718,0,7.904797138981379,0,7.210744723573237,0,5.18208823853008,0,8.190196078431367,0,13.202191235059747,0,8.176454060129256,0,18.14985717424744,0,13.05600801904523,0,8.168049044356284,1,9.620663716160221
2026-07-22,0,-7.127589002727197,0,-6.827079934747138,0,-3.434285714285712,0,0.05410579764431045,0,-4.382845188284512,0,-7.7876651503343775,0,-6.664906955259342,0,-5.787878787878786,0,-4.240282685512364,0,0.9642025933724874,0,0.8668111351891827,0,-4.03340126298395
2026-07-23,0,-0.7142857142857229,0,1.3218944235314556,0,-0.15089650275164068,0,-0.6114808652246229,0,-4.157094409801987,0,-2.260220125786161,0,1.1048265460030127,0,-2.545604925791478,0,2.4956302194600877,0,-2.6015367727771577,0,0.9915716410510589,0,-0.6479269533066504
2026-07-24,0,-5.107913669064745,0,-3.0412994643165714,0,-1.3808634841615652,0,-3.7333110115933654,0,0.8903093254194694,0,-4.27910717876534,0,-2.425129601312792,0,-4.092602197180451,0,-4.462340123164377,0,-3.752958413163532,0,-3.9437080674194047,0,-3.211720353156607
2026-07-27,0,6.132592030999917,0,4.705043664230968,0,6.198732009254537,0,3.7607060562584227,0,5.543613530942415,0,3.1469265997227103,0,2.9077600787378977,0,2.8415515461383434,0,10.640618802062662,0,9.051522248243549,0,4.361158432708678,0,5.390020454481827
2026-07-28,0,-10.000793713786804,0,-9.999999999999998,0,-9.998868266183791,0,-11.933294226095692,0,-10.00107192625148,0,-17.128309572301426,0,-15.687039203669661,0,-13.208088340742863,0,-9.626243613874696,0,-15.515945452593138,0,-10.00652954619653,0,-12.100562169245098
2026-07-29,0,-4.594761442808004,0,-0.47281323877068626,0,-0.6570260924237736,0,-4.077457417451702,0,0.6431634111481843,0,3.514376996805124,0,4.735682819383258,0,0.2919145186164318,0,7.99365268273331,0,-1.4361972547026092,0,-4.970070741882826,0,0.08822402187697342
2026-07-30,0,-7.487520798668889,0,-8.266033254156769,0,-9.971203442929022,0,-10.540151778185603,0,-10.000000000000009,0,-11.89458689458689,0,-9.148264984227128,0,-12.07644571365809,0,-3.2969051336210864,0,-12.63700838168923,0,-10.001908761213974,0,-9.574548103903334
2026-07-31,0,5.555555555555558,0,7.457276022786119,0,8.260105448154654,0,5.5666444888001765,0,7.166337935568712,0,6.712476421449742,0,4.399305555555544,0,6.814490943160534,0,6.058879392212746,0,4.147601476014762,0,0.6362672322375529,0,5.706812770136009
2026-08-03,0,-3.4172661870503607,0,-2.0626506024096436,0,-1.847402597402592,0,-0.5777310924369727,0,-0.7239263803681006,0,-0.48736143026691936,0,0.05432312280351237,0,5.549383077013048,0,2.077363896848139,0,-2.692743764172345,0,-2.1074815595363505,0,-0.5668630469980532
2026-08-04,1,9.99705968832696,1,9.999015844897151,1,9.999669213721019,0,6.603275224511362,1,9.998764058830801,0,13.68250101502233,0,13.239889196675891,0,17.451523545706383,0,6.122807017543863,0,13.603262452665321,0,6.415500538213115,4,10.646660708737654
2026-08-05,0,9.409248863940123,0,3.426679788852116,0,5.00390930414385,0,17.120911793855285,0,2.3932584269662938,0,-5.290178571428572,0,-7.265237428937665,0,2.2877358490565936,0,5.959662754174233,0,7.820512820512815,0,5.866882460044498,0,4.248489641925416
2026-08-06,0,3.632217607297017,0,1.384083044982698,0,1.3775130305286654,0,5.83879839221495,0,2.984747064632942,0,-0.5727079896299836,0,0.7660328782155501,0,3.8874798247636733,0,-0.9283095405257846,0,-0.8917954815695572,0,1.1465698452130635,0,1.6931480614657488
2026-08-07,1,10.003929273084466,0,7.397610921501707,0,8.090624028927373,0,12.012792324605236,0,8.055407565263728,0,-0.21807665868632808,0,-3.678534031413616,0,2.3970170454545414,0,0.30708661417322425,0,3.995200959808054,0,5.611184583412054,1,4.906749329648222
2026-08-10,0,-1.007286755250747,0,-2.518471438786052,0,-2.673601129028047,0,2.0699500356887945,0,-2.849817572231539,0,-5.071861266183619,0,-6.010631937121547,0,-3.316282295821049,0,-0.3846455765758705,0,3.1610521458237173,0,-1.1806797853309403,0,-1.7983886886197178
2026-08-11,0,-2.3598181424550613,0,-1.3854930725346382,0,2.2287862513426404,0,-4.010489510489523,0,-1.8777913114088496,0,3.928928928928932,0,2.5885401003955755,0,-0.24211989418463364,0,2.4822695035461084,0,2.3261015432789023,0,-1.0137581462708267,0,0.24228693183169325
2026-08-12,0,5.861049519586081,0,1.6611570247933916,0,1.3396375098502888,0,1.7702983280515783,0,4.479155891176156,0,3.1061882976161748,0,3.8378280869486803,0,7.892489550092141,0,-1.5993848519800125,0,0.38251366120218844,0,2.4323335771762933,0,2.833024235864815
2026-08-13,0,-1.0402848565244538,0,-1.9104137874969562,0,-2.0269569725246184,0,-2.8955939725831215,0,-5.227722772277232,0,0.397010742643622,0,0.004343105320292473,0,7.127681732972313,0,0.3360162538095013,0,-2.014153511159489,0,-0.9998214604534872,0,-0.7499904998430573
2026-08-14,0,1.0371102017779021,0,0.5055527929719972,0,0.005291285253172795,0,-0.7261334316255197,0,-0.3760969494358557,0,4.228890439637123,0,2.384261269868837,0,4.102504277492591,0,0.5373831775700832,0,2.888888888888874,0,2.9576194770063235,0,1.5950246754005029
2026-08-17,0,0.8937923329376485,0,3.1499958769687586,0,3.941798941798935,0,2.476515798462864,0,3.2927852348993314,0,4.151044456347086,0,6.153764581124066,0,7.041201299914102,0,0.8211325431869199,0,8.18574514038879,0,2.8025923979681178,0,3.9009426003633294
2026-08-18,0,-3.5158142432002326,0,-1.199136621632424,0,-2.812420463222187,0,-2.3913043478260954,0,-3.7868020304568595,0,-3.1006256964086765,0,-1.2916695803322553,0,1.7029592406476723,0,-4.733000384172115,0,-3.3839089638650455,0,-1.9083319134435173,0,-2.4018231821737945
2026-08-19,0,-9.999282691342081,0,-8.236912371551098,0,-9.930601021343467,0,-8.916109873793609,0,-7.818930041152261,0,-9.002454611795397,0,-9.361400667948583,0,-4.817458138896525,0,-11.605774659246714,0,-10.321314185349738,0,-8.65033871808233,0,-8.9691433618638
2026-08-20,0,0.6455726468478584,0,0.8023983775681032,0,0.31110981885849043,0,3.288776591409248,0,0.24038461538460343,0,0.61239368165249,0,0.9602501116569906,0,-0.41456380677721283,0,1.7427007299270159,0,-0.3456221198156695,0,0.6465107434873385,0,0.7718101263817506
2026-08-21,0,5.163129553373458,0,6.026941917424766,0,3.8405797101449313,0,0.11442099033340813,0,1.8613680484184103,0,6.758127626684707,0,4.291086042910863,0,-1.1475113122171976,0,2.1433055331360418,0,3.5838150289017268,0,2.2482524088418554,0,3.1712286861775425
