股票代码,股票简称,首次预约,初次变更,二次变更,三次变更,实际披露
000001,平安银行,2026-08-15,,,,2026-08-15
000020,深华发Ａ,2026-08-18,,,,2026-08-18
000025,特  力Ａ,2026-08-22,,,,2026-08-22
000026,飞亚达,2026-08-21,,,,2026-08-21
000042,中洲控股,2026-08-21,,,,2026-08-21
000048,京基智农,2026-08-24,,,,2026-08-24
000049,德赛电池,2026-08-18,,,,2026-08-18
000059,华锦股份,2026-08-20,,,,2026-08-20
000063,中兴通讯,2026-08-22,,,,2026-08-22
000065,北方国际,2026-08-24,,,,2026-08-24
000089,深圳机场,2026-08-20,,,,2026-08-20
000090,天健集团,2026-08-22,,,,2026-08-22
000400,许继电气,2026-08-20,,,,2026-08-20
000403,派林生物,2026-08-24,,,,2026-08-24
000404,长虹华意,2026-08-13,,,,2026-08-13
000407,胜利股份,2026-08-15,,,,2026-08-15
000408,藏格矿业,2026-08-11,,,,2026-08-11
000415,渤海租赁,2026-08-20,2026-08-22,,,2026-08-22
000419,通程控股,2026-08-22,,,,2026-08-22
000421,南京公用,2026-08-24,,,,2026-08-24
000422,湖北宜化,2026-08-12,,,,2026-08-12
000423,东阿阿胶,2026-08-21,,,,2026-08-21
000430,张家界,2026-08-18,,,,2026-08-18
000504,南华生物,2026-08-24,,,,2026-08-24
000506,招金黄金,2026-08-18,,,,2026-08-18
000513,丽珠集团,2026-08-22,,,,2026-08-22
000516,国际医学,2026-08-21,,,,2026-08-21
000518,四环生物,2026-08-21,,,,2026-08-21
000519,中兵红箭,2026-08-21,,,,2026-08-21
000520,凤凰航运,2026-08-20,,,,2026-08-20
000521,长虹美菱,2026-08-20,,,,2026-08-20
000526,学大教育,2026-08-18,,,,2026-08-18
000530,冰山冷热,2026-08-13,,,,2026-08-13
000532,华金资本,2026-08-21,,,,2026-08-21
000533,顺钠股份,2026-08-20,,,,2026-08-20
000534,万泽股份,2026-08-21,,,,2026-08-21
000536,华映科技,2026-08-14,,,,2026-08-14
000544,中原环保,2026-08-24,,,,2026-08-24
000545,金浦钛业,2026-08-21,,,,2026-08-21
000546,金圆股份,2026-08-26,,,,2026-08-12
000547,航天发展,2026-08-20,,,,2026-08-20
000550,江铃汽车,2026-08-24,,,,2026-08-24
000551,创元科技,2026-08-18,,,,2026-08-18
000553,安道麦A,2026-08-19,,,,2026-08-19
000570,苏常柴Ａ,2026-08-21,,,,2026-08-21
000582,北部湾港,2026-08-18,,,,2026-08-18
000593,德龙汇能,2026-08-22,,,,2026-08-22
000595,新能股份,2026-08-15,,,,2026-08-15
000599,青岛双星,2026-08-14,,,,2026-08-14
000601,韶能股份,2026-08-24,,,,2026-08-24
000603,盛达资源,2026-08-27,2026-08-01,,,2026-08-01
000605,渤海股份,2026-08-29,2026-08-19,,,2026-08-19
000607,华媒控股,2026-08-22,,,,2026-08-22
000609,*ST中迪,2026-08-20,,,,2026-08-20
000610,*ST西旅,2026-08-21,,,,2026-08-21
000615,*ST美谷,2026-08-24,,,,2026-08-24
000620,盈新发展,2026-08-22,,,,2026-08-22
000626,远大控股,2026-08-27,2026-08-18,,,2026-08-18
000628,高新发展,2026-08-24,,,,2026-08-24
000629,钒钛股份,2026-08-24,,,,2026-08-24
000633,合金投资,2026-07-31,,,,2026-07-31
000635,英 力 特,2026-08-15,,,,2026-08-15
000639,ST西王,2026-08-22,,,,2026-08-22
000652,泰达股份,2026-08-22,,,,2026-08-22
000655,金岭矿业,2026-08-22,,,,2026-08-22
000657,中钨高新,2026-08-24,,,,2026-08-24
000659,珠海中富,2026-08-19,,,,2026-08-19
000661,长春高新,2026-08-21,,,,2026-08-21
000668,荣丰控股,2026-08-22,,,,2026-08-22
000669,ST金鸿,2026-08-22,,,,2026-08-22
000672,上峰材料,2026-08-24,,,,2026-08-24
000680,山推股份,2026-08-11,,,,2026-08-11
000682,东方电子,2026-08-20,,,,2026-08-20
000683,博源化工,2026-07-31,,,,2026-07-31
000686,东北证券,2026-08-20,2026-08-22,,,2026-08-22
000690,宝新能源,2026-08-22,,,,2026-08-22
000691,亚太实业,2026-08-22,,,,2026-08-22
000695,滨海能源,2026-08-08,,,,2026-08-08
000697,炼石航空,2026-08-21,,,,2026-08-21
000698,ST沈化,2026-08-15,,,,2026-08-15
000701,厦门信达,2026-08-20,,,,2026-08-20
000703,恒逸石化,2026-08-11,,,,2026-08-11
000705,浙江震元,2026-08-21,,,,2026-08-21
000707,双环科技,2026-08-24,,,,2026-08-24
000708,中信特钢,2026-08-21,,,,2026-08-21
000710,贝瑞基因,2026-08-24,,,,2026-08-24
000711,ST京蓝,2026-08-28,2026-08-20,,,2026-08-20
000712,锦龙股份,2026-08-28,2026-08-17,,,2026-08-17
000713,国投丰乐,2026-08-21,,,,2026-08-21
000715,中兴商业,2026-08-22,,,,2026-08-22
000719,中原传媒,2026-08-24,,,,2026-08-24
000721,西安饮食,2026-08-20,,,,2026-08-20
000729,燕京啤酒,2026-08-21,,,,2026-08-21
000735,罗 牛 山,2026-08-22,,,,2026-08-22
000736,中交发展,2026-08-20,,,,2026-08-20
000738,航发控制,2026-08-20,,,,2026-08-20
000739,普洛药业,2026-08-20,,,,2026-08-20
000752,*ST西发,2026-08-24,,,,2026-08-22
000753,漳州发展,2026-08-22,,,,2026-08-22
000757,浩物股份,2026-08-21,,,,2026-08-21
000762,西藏矿业,2026-08-11,,,,2026-08-11
000766,通化金马,2026-08-21,,,,2026-08-21
000767,晋控电力,2026-08-20,,,,2026-08-20
000779,甘咨询,2026-08-22,,,,2026-08-22
000782,恒申新材,2026-08-14,,,,2026-08-14
000786,北新建材,2026-08-21,,,,2026-08-21
000790,华神科技,2026-08-24,,,,2026-08-24
000791,甘肃能源,2026-08-15,,,,2026-08-15
000793,ST华闻,2026-08-22,,,,2026-08-22
000798,中水渔业,2026-08-21,,,,2026-08-21
000802,北京文化,2026-08-15,,,,2026-08-15
000809,和展能源,2026-08-21,,,,2026-08-21
000811,冰轮环境,2026-08-21,,,,2026-08-21
000816,智慧农业,2026-08-18,,,,2026-08-18
000818,航锦科技,2026-08-14,,,,2026-08-14
000819,岳阳兴长,2026-08-18,,,,2026-08-18
000821,ST京机,2026-08-22,,,,2026-08-22
000822,山东海化,2026-08-24,,,,2026-08-24
000823,超声电子,2026-08-22,,,,2026-08-22
000828,东莞控股,2026-08-20,,,,2026-08-20
000831,中国稀土,2026-08-08,,,,2026-08-08
000833,粤桂股份,2026-08-24,,,,2026-08-24
000838,*ST发展,2026-08-22,,,,2026-08-22
000848,承德露露,2026-08-15,,,,2026-08-15
000856,冀东装备,2026-08-22,,,,2026-08-22
000859,国风新材,2026-08-20,,,,2026-08-20
000860,顺鑫农业,2026-08-22,,,,2026-08-22
000862,银星能源,2026-08-24,,,,2026-08-24
000868,安凯客车,2026-08-18,,,,2026-08-18
000869,张  裕Ａ,2026-08-21,,,,2026-08-21
000885,城发环境,2026-08-21,,,,2026-08-21
000899,赣能股份,2026-08-22,,,,2026-08-22
000902,新洋丰,2026-08-18,,,,2026-08-18
000908,石药景峰,2026-08-21,,,,2026-08-21
000909,*ST数源,2026-08-10,2026-08-12,,,2026-08-12
000911,*ST广糖,2026-07-31,2026-08-11,,,2026-08-11
000912,泸天化,2026-08-22,,,,2026-08-22
000915,华特达因,2026-08-21,,,,2026-08-21
000917,电广传媒,2026-08-20,,,,2026-08-20
000920,沃顿科技,2026-08-21,,,,2026-08-21
000921,海信家电,2026-08-28,2026-08-18,,,2026-08-18
000922,佳电股份,2026-08-21,,,,2026-08-21
000925,众合科技,2026-08-22,,,,2026-08-22
000931,中 关 村,2026-08-22,,,,2026-08-22
000932,华菱钢铁,2026-08-27,2026-08-22,,,2026-08-22
000933,神火股份,2026-07-28,,,,2026-07-28
000948,南天信息,2026-08-21,,,,2026-08-21
000955,欣龙控股,2026-08-20,,,,2026-08-20
000960,锡业股份,2026-08-20,,,,2026-08-20
000966,长源电力,2026-08-20,,,,2026-08-20
000970,中科三环,2026-08-22,,,,2026-08-22
000975,山金国际,2026-08-20,,,,2026-08-20
000985,大庆华科,2026-08-22,,,,2026-08-22
000989,九芝堂,2026-08-20,,,,2026-08-20
000990,诚志股份,2026-08-13,,,,2026-08-13
000993,闽东电力,2026-08-21,,,,2026-08-21
000998,隆平高科,2026-08-22,2026-08-21,,,2026-08-21
000999,华润三九,2026-08-22,,,,2026-08-22
001203,大中矿业,2026-08-08,,,,2026-08-08
001205,盛航股份,2026-08-15,,,,2026-08-15
001207,联科科技,2026-08-11,,,,2026-08-11
001210,金房能源,2026-08-21,,,,2026-08-21
001212,中旗新材,2026-08-21,,,,2026-08-21
001217,华尔泰,2026-07-31,,,,2026-07-31
001218,丽臣实业,2026-08-20,,,,2026-08-20
001219,青岛食品,2026-08-21,,,,2026-08-21
001221,悍高集团,2026-08-10,,,,2026-08-10
001229,魅视科技,2026-08-24,,,,2026-08-24
001234,泰慕士,2026-08-24,,,,2026-08-24
001257,盛龙股份,2026-08-21,,,,2026-08-21
001258,立新能源,2026-08-25,2026-08-10,,,2026-08-10
001259,利仁科技,2026-08-21,,,,2026-08-21
001267,汇绿生态,2026-08-15,,,,2026-08-15
001270,铖昌科技,2026-08-19,2026-08-11,,,2026-08-11
001286,陕西能源,2026-08-21,,,,2026-08-21
001287,中电港,2026-08-21,,,,2026-08-21
001296,长江材料,2026-08-28,2026-08-15,,,2026-08-15
001301,尚太科技,2026-08-19,,,,2026-08-19
001311,多利科技,2026-08-14,,,,2026-08-14
001312,福恩股份,2026-08-12,,,,2026-08-12
001316,润贝航科,2026-08-24,,,,2026-08-24
001317,三羊马,2026-08-21,,,,2026-08-21
001318,阳光乳业,2026-08-22,,,,2026-08-22
001324,长青科技,2026-08-22,,,,2026-08-22
001328,登康口腔,2026-08-21,,,,2026-08-21
001335,信凯科技,2026-08-24,,,,2026-08-24
001337,四川黄金,2026-08-21,,,,2026-08-21
001339,智微智能,2026-07-18,,,,2026-07-18
001359,平安电工,2026-07-31,,,,2026-07-31
001365,天海电子,2026-08-24,,,,2026-08-24
001367,海森药业,2026-08-21,,,,2026-08-21
001368,通达创智,2026-08-21,,,,2026-08-21
001378,德冠新材,2026-08-19,,,,2026-08-19
001379,腾达科技,2026-08-21,,,,2026-08-21
001388,信通电子,2026-08-22,,,,2026-08-22
001389,广合科技,2026-08-08,,,,2026-08-08
001390,古麒绒材,2026-08-20,,,,2026-08-20
001393,维通利,2026-08-26,2026-08-19,,,2026-08-19
001395,亚联机械,2026-08-21,,,,2026-08-21
002001,新 和 成,2026-08-20,,,,2026-08-20
002004,华邦健康,2026-08-20,,,,2026-08-20
002006,精工科技,2026-08-20,,,,2026-08-20
002008,大族激光,2026-08-21,,,,2026-08-21
002014,永新股份,2026-08-20,,,,2026-08-20
002017,东信和平,2026-08-22,,,,2026-08-22
002023,海特高新,2026-08-21,,,,2026-08-21
002027,分众传媒,2026-08-19,,,,2026-08-19
002028,思源电气,2026-08-15,,,,2026-08-15
002033,丽江股份,2026-08-11,,,,2026-08-11
002036,联创电子,2026-08-20,,,,2026-08-20
002039,黔源电力,2026-08-21,,,,2026-08-21
002043,兔 宝 宝,2026-08-19,,,,2026-08-19
002049,紫光国微,2026-08-15,,,,2026-08-15
002051,中工国际,2026-08-15,,,,2026-08-15
002054,德美化工,2026-08-24,,,,2026-08-24
002055,ST得润,2026-08-21,,,,2026-08-21
002056,横店东磁,2026-08-20,,,,2026-08-20
002057,中钢天源,2026-08-21,,,,2026-08-21
002059,云南旅游,2026-08-24,,,,2026-08-24
002060,广东建工,2026-08-22,,,,2026-08-22
002062,宏润建设,2026-08-21,,,,2026-08-21
002064,华峰化学,2026-08-01,,,,2026-08-01
002069,獐子岛,2026-08-27,2026-08-22,,,2026-08-22
002073,软控股份,2026-08-21,,,,2026-08-21
002075,沙钢股份,2026-08-22,,,,2026-08-22
002080,中材科技,2026-08-22,2026-08-18,,,2026-08-18
002083,孚日股份,2026-08-18,,,,2026-08-18
002091,江苏国泰,2026-08-22,,,,2026-08-22
002092,中泰化学,2026-08-15,,,,2026-08-15
002103,广博股份,2026-08-22,,,,2026-08-22
002105,信隆健康,2026-08-22,,,,2026-08-22
002107,沃华医药,2026-07-16,,,,2026-07-16
002112,三变科技,2026-08-22,,,,2026-08-22
002114,罗平锌电,2026-08-21,,,,2026-08-21
002115,三维通信,2026-08-18,,,,2026-08-18
002116,中国海诚,2026-08-26,2026-08-22,,,2026-08-22
002117,东港股份,2026-08-22,,,,2026-08-22
002119,康强电子,2026-08-20,,,,2026-08-20
002123,梦网科技,2026-08-24,,,,2026-08-24
002125,湘潭电化,2026-08-22,,,,2026-08-22
002127,南极电商,2026-08-20,,,,2026-08-20
002136,安 纳 达,2026-07-31,2026-08-24,,,2026-08-24
002137,实益达,2026-08-18,2026-08-11,,,2026-08-11
002138,顺络电子,2026-07-31,,,,2026-07-31
002142,宁波银行,2026-08-20,,,,2026-08-20
002144,宏达高科,2026-08-24,,,,2026-08-24
002145,钛能化学,2026-08-05,,,,2026-08-05
002148,北纬科技,2026-08-20,,,,2026-08-20
002150,正泰电源,2026-08-18,,,,2026-08-18
002154,报 喜 鸟,2026-08-15,,,,2026-08-15
002155,湖南黄金,2026-08-21,,,,2026-08-21
002162,悦心健康,2026-07-31,,,,2026-07-31
002163,海南发展,2026-08-21,,,,2026-08-21
002164,宁波东力,2026-08-18,,,,2026-08-18
002169,智光电气,2026-08-24,,,,2026-08-24
002172,澳洋健康,2026-08-18,,,,2026-08-18
002173,创新医疗,2026-08-15,,,,2026-08-15
002177,御银股份,2026-08-08,,,,2026-08-08
002178,延华智能,2026-08-21,,,,2026-08-21
002184,海得控制,2026-08-24,,,,2026-08-24
002185,华天科技,2026-08-22,,,,2026-08-22
002186,全 聚 德,2026-08-24,,,,2026-08-24
002190,成飞集成,2026-08-21,,,,2026-08-21
002191,劲嘉股份,2026-08-28,2026-08-18,,,2026-08-18
002192,融捷股份,2026-08-18,,,,2026-08-18
002193,ST如意,2026-08-20,2026-08-15,,,2026-08-15
002196,方正电机,2026-08-21,,,,2026-08-21
002200,交投生态,2026-08-08,,,,2026-08-08
002204,大连重工,2026-08-24,,,,2026-08-24
002207,*ST准油,2026-08-26,2026-08-18,,,2026-08-18
002208,合肥城建,2026-08-24,,,,2026-08-24
002209,达 意 隆,2026-08-21,,,,2026-08-21
002213,大为股份,2026-08-21,,,,2026-08-21
002215,诺 普 信,2026-08-20,,,,2026-08-20
002217,ST合力泰,2026-08-15,,,,2026-08-15
002219,新里程,2026-08-20,,,,2026-08-20
002221,东华能源,2026-08-24,,,,2026-08-24
002223,鱼跃医疗,2026-08-22,,,,2026-08-22
002225,濮耐股份,2026-08-15,,,,2026-08-15
002227,*ST特迅,2026-08-21,,,,2026-08-21
002230,科大讯飞,2026-08-21,,,,2026-08-21
002232,启明信息,2026-08-21,,,,2026-08-21
002233,塔牌集团,2026-08-11,,,,2026-08-11
002234,民和股份,2026-08-22,,,,2026-08-22
002236,大华股份,2026-08-15,,,,2026-08-15
002237,恒邦股份,2026-08-21,,,,2026-08-21
002241,歌尔股份,2026-08-21,,,,2026-08-21
002242,九阳股份,2026-08-22,,,,2026-08-22
002243,力合科创,2026-08-21,,,,2026-08-21
002245,蔚蓝锂芯,2026-08-18,,,,2026-08-18
002246,北化股份,2026-08-10,,,,2026-08-10
002247,聚力文化,2026-08-21,,,,2026-08-21
002248,华东数控,2026-08-22,,,,2026-08-22
002255,海陆重工,2026-08-20,,,,2026-08-20
002261,拓维信息,2026-08-10,,,,2026-08-10
002262,恩华药业,2026-08-18,,,,2026-08-18
002271,东方雨虹,2026-08-20,,,,2026-08-20
002273,水晶光电,2026-08-24,,,,2026-08-24
002274,华昌化工,2026-08-21,,,,2026-08-21
002275,桂林三金,2026-08-22,,,,2026-08-22
002276,万马股份,2026-08-20,,,,2026-08-20
002278,神开股份,2026-08-22,,,,2026-08-22
002281,光迅科技,2026-08-20,,,,2026-08-20
002284,亚太股份,2026-08-18,,,,2026-08-18
002287,奇正藏药,2026-08-22,,,,2026-08-22
002290,禾盛新材,2026-07-29,,,,2026-07-29
002293,罗莱生活,2026-08-22,,,,2026-08-22
002296,辉煌科技,2026-07-31,,,,2026-07-31
002299,圣农发展,2026-08-21,,,,2026-08-21
002301,齐心集团,2026-08-15,,,,2026-08-15
002302,西部建设,2026-08-21,,,,2026-08-21
002303,美盈森,2026-08-21,,,,2026-08-21
002306,ST云网,2026-08-22,,,,2026-08-22
002307,北新路桥,2026-08-24,,,,2026-08-24
002309,中利集团,2026-08-15,,,,2026-08-15
002312,川发龙蟒,2026-08-25,2026-08-18,,,2026-08-18
002313,日海智能,2026-08-15,,,,2026-08-15
002322,理工能科,2026-08-13,,,,2026-08-13
002333,罗普斯金,2026-08-24,,,,2026-08-24
002342,巨力索具,2026-08-14,,,,2026-08-14
002346,柘中股份,2026-08-20,,,,2026-08-20
002347,泰尔股份,2026-08-22,,,,2026-08-22
002348,高乐股份,2026-08-20,,,,2026-08-20
002351,漫步者,2026-08-20,,,,2026-08-20
002353,杰瑞股份,2026-08-14,,,,2026-08-14
002354,天娱数科,2026-08-22,,,,2026-08-22
002355,兴民智通,2026-08-24,,,,2026-08-24
002361,神剑股份,2026-08-24,,,,2026-08-24
002368,太极股份,2026-08-24,,,,2026-08-24
002372,伟星新材,2026-08-07,,,,2026-08-07
002373,千方科技,2026-08-20,,,,2026-08-20
002376,新北洋,2026-08-21,,,,2026-08-21
002379,宏桥控股,2026-08-22,,,,2026-08-22
002380,科远智慧,2026-08-24,,,,2026-08-24
002384,东山精密,2026-08-22,,,,2026-08-22
002391,长青股份,2026-08-11,,,,2026-08-11
002393,力生制药,2026-08-21,,,,2026-08-21
002394,联发股份,2026-08-21,,,,2026-08-21
002396,星网锐捷,2026-08-15,,,,2026-08-15
002397,梦洁股份,2026-08-21,,,,2026-08-21
002402,和而泰,2026-08-19,,,,2026-08-19
002404,嘉欣丝绸,2026-08-24,,,,2026-08-24
002406,远东传动,2026-08-18,,,,2026-08-18
002407,多氟多,2026-08-18,,,,2026-08-18
002413,雷科防务,2026-08-01,,,,2026-08-01
002415,海康威视,2026-07-25,,,,2026-07-25
002416,爱施德,2026-08-21,,,,2026-08-21
002420,毅昌科技,2026-08-22,,,,2026-08-22
002421,达实智能,2026-08-15,,,,2026-08-15
002423,中粮资本,2026-08-24,,,,2026-08-24
002429,兆驰股份,2026-08-21,,,,2026-08-21
002436,兴森科技,2026-08-21,,,,2026-08-21
002438,江苏神通,2026-08-18,,,,2026-08-18
002439,启明星辰,2026-08-22,,,,2026-08-22
002443,金洲管道,2026-08-21,,,,2026-08-21
002445,中南文化,2026-08-19,,,,2026-08-19
002449,国星光电,2026-08-22,,,,2026-08-22
002451,摩恩电气,2026-08-24,,,,2026-08-24
002454,松芝股份,2026-08-22,,,,2026-08-22
002455,百川股份,2026-08-08,,,,2026-08-08
002457,青龙管业,2026-08-22,,,,2026-08-22
002458,益生股份,2026-07-23,,,,2026-07-23
002469,三维化学,2026-08-21,,,,2026-08-21
002471,中超控股,2026-08-25,2026-08-12,,,2026-08-12
002478,常宝股份,2026-08-22,,,,2026-08-22
002479,富春环保,2026-08-20,,,,2026-08-20
002480,新筑股份,2026-08-20,,,,2026-08-20
002481,双塔食品,2026-08-20,,,,2026-08-20
002484,江海股份,2026-08-21,,,,2026-08-21
002487,大金重工,2026-08-22,,,,2026-08-22
002488,金固股份,2026-08-24,,,,2026-08-24
002489,浙江永强,2026-08-18,,,,2026-08-18
002491,通鼎互联,2026-08-20,,,,2026-08-20
002496,辉丰股份,2026-08-21,,,,2026-08-21
002511,中顺洁柔,2026-08-21,,,,2026-08-21
002515,金字火腿,2026-07-31,,,,2026-07-31
002519,银河电子,2026-08-08,,,,2026-08-08
002521,齐峰新材,2026-08-15,,,,2026-08-15
002522,浙江众成,2026-08-24,,,,2026-08-24
002523,天桥起重,2026-08-22,,,,2026-08-22
002524,光正眼科,2026-08-22,,,,2026-08-22
002526,山东矿机,2026-08-20,,,,2026-08-20
002528,*ST英飞,2026-08-27,2026-08-19,,,2026-08-19
002529,海源复材,2026-08-21,,,,2026-08-21
002532,天山铝业,2026-08-19,,,,2026-08-19
002533,金杯电工,2026-07-31,,,,2026-07-31
002536,飞龙股份,2026-08-21,,,,2026-08-21
002542,*ST中岩,2026-08-20,,,,2026-08-20
002546,新联电子,2026-08-18,,,,2026-08-18
002549,凯美特气,2026-07-30,,,,2026-07-30
002550,千红制药,2026-08-08,,,,2026-08-08
002552,宝鼎科技,2026-08-22,,,,2026-08-22
002556,辉隆股份,2026-08-13,,,,2026-08-13
002560,通达股份,2026-08-21,,,,2026-08-21
002561,徐家汇,2026-08-21,,,,2026-08-21
002563,森马服饰,2026-08-18,,,,2026-08-18
002564,天沃科技,2026-08-22,,,,2026-08-22
002568,百润股份,2026-08-28,2026-08-05,,,2026-08-05
002569,*ST步森,2026-08-20,,,,2026-08-20
002575,群兴玩具,2026-08-24,,,,2026-08-24
002576,通达动力,2026-08-14,,,,2026-08-14
002577,雷柏科技,2026-08-04,,,,2026-08-04
002578,闽发铝业,2026-08-21,,,,2026-08-21
002579,中京电子,2026-08-27,2026-08-22,,,2026-08-22
002582,好想你,2026-08-22,,,,2026-08-22
002587,奥拓电子,2026-08-11,,,,2026-08-11
002588,史丹利,2026-08-20,,,,2026-08-20
002589,瑞康医药,2026-08-21,,,,2026-08-21
002591,恒大高新,2026-08-24,,,,2026-08-24
002592,ST八菱,2026-07-31,,,,2026-07-31
002608,江苏国信,2026-08-22,,,,2026-08-22
002609,捷顺科技,2026-08-22,,,,2026-08-22
002611,东方精工,2026-07-28,,,,2026-07-28
002615,哈尔斯,2026-08-18,,,,2026-08-18
002624,完美世界,2026-08-20,,,,2026-08-20
002628,成都路桥,2026-08-21,,,,2026-08-21
002632,道明光学,2026-08-21,,,,2026-08-21
002633,申科股份,2026-08-11,,,,2026-08-11
002637,赞宇科技,2026-08-24,,,,2026-08-24
002639,雪人集团,2026-08-24,,,,2026-08-24
002643,万润股份,2026-08-22,,,,2026-08-22
002644,佛慈制药,2026-08-20,,,,2026-08-20
002648,卫星化学,2026-08-19,2026-08-15,,,2026-08-15
002655,共达电声,2026-08-15,,,,2026-08-15
002657,中科金财,2026-08-04,,,,2026-08-04
002660,茂硕电源,2026-08-20,,,,2026-08-20
002664,信质集团,2026-08-18,,,,2026-08-18
002666,德联集团,2026-08-24,,,,2026-08-24
002667,*ST威领,2026-08-20,,,,2026-08-20
002668,TCL智家,2026-08-18,,,,2026-08-18
002669,康达新材,2026-08-24,,,,2026-08-24
002675,东诚药业,2026-08-22,,,,2026-08-22
002687,乔治白,2026-08-21,,,,2026-08-21
002691,*ST冀凯,2026-08-21,,,,2026-08-21
002692,远程股份,2026-08-22,,,,2026-08-22
002693,双成药业,2026-08-22,,,,2026-08-22
002695,煌上煌,2026-08-21,,,,2026-08-21
002697,红旗连锁,2026-08-15,,,,2026-08-15
002703,浙江世宝,2026-08-24,,,,2026-08-24
002706,良信股份,2026-08-15,,,,2026-08-15
002709,天赐材料,2026-08-21,,,,2026-08-21
002714,牧原股份,2026-08-21,,,,2026-08-21
002716,湖南白银,2026-08-21,,,,2026-08-21
002718,友邦吊顶,2026-08-20,,,,2026-08-20
002722,物产金轮,2026-08-18,,,,2026-08-18
002724,海洋王,2026-08-22,,,,2026-08-22
002728,特一药业,2026-08-21,,,,2026-08-21
002734,利民股份,2026-08-18,,,,2026-08-18
002741,光华科技,2026-08-29,2026-08-08,,,2026-08-08
002742,冀衡医药,2026-08-15,,,,2026-08-15
002747,埃斯顿,2026-08-22,,,,2026-08-22
002749,国光股份,2026-08-19,,,,2026-08-19
002759,ST天际,2026-08-21,,,,2026-08-21
002760,凤形股份,2026-08-20,,,,2026-08-20
002761,浙江建投,2026-08-21,,,,2026-08-21
002763,汇洁股份,2026-08-21,,,,2026-08-21
002766,索菱股份,2026-08-22,,,,2026-08-22
002767,先锋电子,2026-08-17,,,,2026-08-17
002769,普路通,2026-08-21,,,,2026-08-21
002772,众兴菌业,2026-08-15,,,,2026-08-15
002782,可立克,2026-08-24,,,,2026-08-24
002787,华源控股,2026-07-31,,,,2026-07-31
002788,鹭燕医药,2026-08-18,,,,2026-08-18
002793,罗欣药业,2026-08-21,,,,2026-08-21
002796,世嘉科技,2026-08-15,,,,2026-08-15
002799,环球印务,2026-08-12,,,,2026-08-12
002800,天顺股份,2026-08-22,,,,2026-08-22
002801,微光股份,2026-08-14,,,,2026-08-14
002802,洪汇新材,2026-08-21,,,,2026-08-21
002803,吉宏股份,2026-08-18,,,,2026-08-18
002807,江阴银行,2026-08-21,,,,2026-08-21
002810,山东赫达,2026-08-19,,,,2026-08-19
002813,路畅科技,2026-08-07,,,,2026-08-07
002817,黄山胶囊,2026-08-22,,,,2026-08-22
002820,桂发祥,2026-08-12,,,,2026-08-12
002824,和胜股份,2026-08-20,,,,2026-08-20
002825,纳尔股份,2026-08-11,,,,2026-08-11
002827,高争民爆,2026-08-14,,,,2026-08-14
002828,贝肯能源,2026-08-08,,,,2026-08-08
002829,星网宇达,2026-08-21,,,,2026-08-21
002843,泰嘉股份,2026-08-27,2026-08-22,,,2026-08-22
002845,同兴达,2026-08-21,,,,2026-08-21
002846,英联股份,2026-08-18,,,,2026-08-18
002847,盐津铺子,2026-08-20,,,,2026-08-20
002848,高斯贝尔,2026-07-28,,,,2026-07-28
002850,科达利,2026-08-15,,,,2026-08-15
002852,道道全,2026-08-07,,,,2026-08-07
002857,三晖电气,2026-08-19,,,,2026-08-19
002859,洁美科技,2026-08-18,,,,2026-08-18
002860,星帅尔,2026-08-20,,,,2026-08-20
002863,今飞凯达,2026-08-15,,,,2026-08-15
002865,钧达股份,2026-08-29,2026-08-22,,,2026-08-22
002866,传艺科技,2026-08-15,,,,2026-08-15
002868,绿康生化,2026-07-31,,,,2026-07-31
002878,元隆雅图,2026-08-24,,,,2026-08-24
002879,长缆科技,2026-08-18,,,,2026-08-18
002880,卫光生物,2026-08-14,,,,2026-08-14
002882,金龙羽,2026-08-22,,,,2026-08-22
002886,沃特股份,2026-08-19,,,,2026-08-19
002887,绿茵生态,2026-08-20,,,,2026-08-20
002890,弘宇股份,2026-08-21,,,,2026-08-21
002895,川恒股份,2026-08-19,,,,2026-08-19
002902,铭普光磁,2026-08-22,,,,2026-08-22
002906,华阳集团,2026-08-20,,,,2026-08-20
002907,华森制药,2026-08-21,,,,2026-08-21
002908,德生科技,2026-08-22,,,,2026-08-22
002911,佛燃能源,2026-08-21,2026-08-22,,,2026-08-22
002920,德赛西威,2026-08-14,,,,2026-08-14
002921,联诚精密,2026-08-22,,,,2026-08-22
002922,伊戈尔,2026-08-21,,,,2026-08-21
002923,润都股份,2026-08-21,,,,2026-08-21
002925,盈趣科技,2026-08-22,,,,2026-08-22
002927,泰永长征,2026-08-21,,,,2026-08-21
002931,锋龙股份,2026-08-18,,,,2026-08-18
002933,新兴装备,2026-08-18,,,,2026-08-18
002935,天奥电子,2026-08-22,,,,2026-08-22
002938,鹏鼎控股,2026-08-12,,,,2026-08-12
002941,新疆交建,2026-08-24,,,,2026-08-24
002947,恒铭达,2026-08-24,,,,2026-08-24
002951,金时科技,2026-08-24,,,,2026-08-24
002956,西麦食品,2026-08-20,,,,2026-08-20
002959,小熊电器,2026-08-14,,,,2026-08-14
002960,青鸟智控,2026-08-15,,,,2026-08-15
002962,五方光电,2026-08-11,,,,2026-08-11
002963,豪尔赛,2026-08-14,,,,2026-08-14
002967,广电计量,2026-08-21,,,,2026-08-21
002971,和远气体,2026-08-21,,,,2026-08-21
002972,科安达,2026-08-22,,,,2026-08-22
002973,侨银股份,2026-08-19,,,,2026-08-19
002981,朝阳科技,2026-08-25,2026-08-03,,,2026-08-03
002982,湘佳股份,2026-08-22,,,,2026-08-22
002983,芯瑞达,2026-08-20,,,,2026-08-20
002990,盛视科技,2026-08-20,,,,2026-08-20
002991,甘源食品,2026-08-22,,,,2026-08-22
002997,瑞鹄模具,2026-08-18,,,,2026-08-18
002998,优彩资源,2026-07-16,,,,2026-07-16
003006,百亚股份,2026-08-22,,,,2026-08-22
003008,开普检测,2026-08-20,,,,2026-08-20
003009,中天火箭,2026-08-20,,,,2026-08-20
003015,日久光电,2026-08-14,,,,2026-08-14
003021,兆威机电,2026-08-15,,,,2026-08-15
003022,联泓新科,2026-08-18,,,,2026-08-18
003023,彩虹集团,2026-08-24,,,,2026-08-24
003027,同兴科技,2026-08-24,,,,2026-08-24
003028,振邦智能,2026-08-22,,,,2026-08-22
003036,泰坦股份,2026-08-21,,,,2026-08-21
200512,闽灿坤Ｂ,2026-08-07,,,,2026-08-07
300003,乐普医疗,2026-08-22,,,,2026-08-22
300005,探路者,2026-08-29,2026-08-22,,,2026-08-22
300006,莱美药业,2026-08-21,,,,2026-08-21
300012,华测检测,2026-08-17,,,,2026-08-17
300014,亿纬锂能,2026-08-18,2026-08-20,,,2026-08-20
300017,网宿科技,2026-08-15,,,,2026-08-15
300018,中元股份,2026-08-18,,,,2026-08-18
300019,硅宝科技,2026-08-22,,,,2026-08-22
300024,机器人,2026-08-24,,,,2026-08-24
300030,阳普医疗,2026-08-15,,,,2026-08-15
300033,同花顺,2026-08-22,,,,2026-08-22
300037,新宙邦,2026-08-25,2026-08-21,,,2026-08-21
300041,回天新材,2026-08-21,,,,2026-08-21
300042,朗科科技,2026-08-08,,,,2026-08-08
300046,台基股份,2026-08-21,,,,2026-08-21
300047,天源迪科,2026-08-13,,,,2026-08-13
300050,世纪鼎利,2026-08-22,,,,2026-08-22
300053,航宇微,2026-08-24,,,,2026-08-24
300059,东方财富,2026-08-22,,,,2026-08-22
300065,海兰信,2026-08-24,,,,2026-08-24
300066,三川智慧,2026-08-24,,,,2026-08-24
300069,金利华电,2026-08-24,,,,2026-08-24
300077,国民技术,2026-08-22,,,,2026-08-22
300078,思创智联,2026-08-21,,,,2026-08-21
300079,数码视讯,2026-08-22,,,,2026-08-22
300091,*ST金灵,2026-08-22,,,,2026-08-22
300092,科新机电,2026-08-22,,,,2026-08-22
300102,乾照光电,2026-08-24,,,,2026-08-24
300103,达刚控股,2026-08-22,,,,2026-08-22
300105,龙源技术,2026-08-15,,,,2026-08-15
300107,建新股份,2026-08-12,,,,2026-08-12
300126,锐奇股份,2026-08-22,,,,2026-08-22
300127,银河磁体,2026-08-22,,,,2026-08-22
300129,泰胜风能,2026-08-22,,,,2026-08-22
300133,华策影视,2026-08-21,,,,2026-08-21
300135,宝利国际,2026-08-22,,,,2026-08-22
300139,晓程科技,2026-08-13,,,,2026-08-13
300140,节能环境,2026-08-14,,,,2026-08-14
300143,盈康生命,2026-08-14,,,,2026-08-14
300144,宋城演艺,2026-08-22,,,,2026-08-22
300146,汤臣倍健,2026-08-08,,,,2026-08-08
300151,昌红科技,2026-08-21,,,,2026-08-21
300153,科泰电源,2026-08-20,,,,2026-08-20
300160,秀强股份,2026-08-22,,,,2026-08-22
300164,通源石油,2026-08-22,,,,2026-08-22
300172,中电环保,2026-08-11,,,,2026-08-11
300177,中海达,2026-08-22,,,,2026-08-22
300184,力源信息,2026-08-10,,,,2026-08-10
300185,通裕重工,2026-08-22,,,,2026-08-22
300187,永清环保,2026-08-15,,,,2026-08-15
300188,国投智能,2026-08-22,,,,2026-08-22
300191,潜能恒信,2026-08-28,2026-08-06,,,2026-08-06
300196,长海股份,2026-08-22,,,,2026-08-22
300198,*ST纳川,2026-08-15,,,,2026-08-15
300199,翰宇药业,2026-08-21,,,,2026-08-21
300200,高盟新材,2026-08-21,,,,2026-08-21
300201,海伦哲,2026-08-22,,,,2026-08-22
300205,*ST天喻,2026-08-18,,,,2026-08-18
300209,行云科技,2026-07-31,,,,2026-07-31
300211,*ST亿通,2026-08-20,,,,2026-08-20
300213,佳讯飞鸿,2026-08-15,,,,2026-08-15
300214,日科化学,2026-08-21,,,,2026-08-21
300221,银禧科技,2026-08-15,,,,2026-08-15
300222,科大智能,2026-07-31,,,,2026-07-31
300226,上海钢联,2026-08-22,,,,2026-08-22
300232,洲明科技,2026-08-24,,,,2026-08-24
300233,金城医药,2026-08-21,,,,2026-08-21
300234,开尔新材,2026-08-15,,,,2026-08-15
300236,上海新阳,2026-08-21,,,,2026-08-21
300239,东宝生物,2026-08-24,,,,2026-08-24
300240,飞力达,2026-08-18,,,,2026-08-18
300241,瑞丰光电,2026-08-25,2026-08-18,,,2026-08-18
300243,瑞丰高材,2026-07-28,,,,2026-07-28
300244,迪安诊断,2026-08-21,,,,2026-08-21
300246,宝莱特,2026-08-22,,,,2026-08-22
300249,依米康,2026-08-24,,,,2026-08-24
300250,初灵信息,2026-08-21,,,,2026-08-21
300268,佳沃食品,2026-08-24,,,,2026-08-24
300270,中威电子,2026-08-24,,,,2026-08-24
300275,梅安森,2026-08-22,,,,2026-08-22
300283,温州宏丰,2026-08-07,,,,2026-08-07
300284,苏交科,2026-08-04,,,,2026-08-04
300285,国瓷材料,2026-08-06,,,,2026-08-06
300294,博雅生物,2026-08-22,,,,2026-08-22
300295,*ST三六五,2026-08-15,,,,2026-08-15
300296,利亚德,2026-08-19,,,,2026-08-19
300298,三诺生物,2026-08-04,,,,2026-08-04
300299,富春股份,2026-08-27,2026-07-28,,,2026-07-28
300304,云意电气,2026-08-21,,,,2026-08-21
300308,中际旭创,2026-08-24,,,,2026-08-22
300314,戴维医疗,2026-08-21,,,,2026-08-21
300315,掌趣科技,2026-08-21,,,,2026-08-21
300316,晶盛机电,2026-08-22,,,,2026-08-22
300317,珈伟新能,2026-08-22,,,,2026-08-22
300319,麦捷科技,2026-08-20,,,,2026-08-20
300320,海达股份,2026-08-22,,,,2026-08-22
300321,同大股份,2026-08-22,,,,2026-08-22
300322,硕贝德,2026-08-22,,,,2026-08-22
300324,旋极信息,2026-08-22,,,,2026-08-22
300331,苏大维格,2026-08-24,,,,2026-08-24
300332,天壕能源,2026-08-21,,,,2026-08-21
300342,天银机电,2026-08-15,,,,2026-08-15
300343,联创股份,2026-08-15,,,,2026-08-15
300349,金卡智能,2026-08-20,,,,2026-08-20
300354,东华测试,2026-08-24,,,,2026-08-24
300363,博腾股份,2026-08-22,,,,2026-08-22
300365,恒华科技,2026-08-19,,,,2026-08-19
300373,扬杰科技,2026-08-22,,,,2026-08-22
300377,赢时胜,2026-08-20,,,,2026-08-20
300386,飞天诚信,2026-08-21,,,,2026-08-21
300387,富邦科技,2026-08-20,,,,2026-08-20
300390,天华新能,2026-08-18,,,,2026-08-18
300394,天孚通信,2026-08-19,,,,2026-08-19
300395,菲利华,2026-08-21,,,,2026-08-21
300396,ST迪瑞,2026-08-28,2026-08-05,,,2026-08-05
300399,天利科技,2026-08-21,,,,2026-08-21
300401,花园生物,2026-08-22,2026-08-15,,,2026-08-15
300402,宝色股份,2026-08-21,,,,2026-08-21
300403,汉宇集团,2026-08-15,,,,2026-08-15
300406,九强生物,2026-08-22,,,,2026-08-22
300409,道氏技术,2026-07-25,,,,2026-07-25
300412,迦南科技,2026-08-22,,,,2026-08-22
300413,芒果超媒,2026-08-22,,,,2026-08-22
300414,中光防雷,2026-08-13,,,,2026-08-13
300416,苏试试验,2026-07-24,,,,2026-07-24
300418,昆仑万维,2026-08-28,2026-08-20,,,2026-08-20
300420,五洋自控,2026-08-22,,,,2026-08-22
300422,博世科,2026-07-31,2026-08-14,,,2026-08-14
300426,华智数媒,2026-08-10,,,,2026-08-10
300433,蓝思科技,2026-08-22,,,,2026-08-22
300435,中泰股份,2026-08-18,,,,2026-08-18
300437,清水源,2026-08-11,,,,2026-08-11
300448,浩云科技,2026-08-22,,,,2026-08-22
300452,山河药辅,2026-08-22,,,,2026-08-22
300454,深信服,2026-08-22,,,,2026-08-22
300455,航天智装,2026-08-08,,,,2026-08-08
300457,赢合科技,2026-08-15,2026-08-22,,,2026-08-22
300460,ST惠伦,2026-08-22,,,,2026-08-22
300463,迈克生物,2026-07-31,,,,2026-07-31
300465,高伟达,2026-08-26,2026-08-20,,,2026-08-20
300471,厚普股份,2026-08-05,,,,2026-08-05
300474,景嘉微,2026-08-21,,,,2026-08-21
300479,神思电子,2026-08-25,2026-08-18,,,2026-08-18
300480,光力科技,2026-08-19,,,,2026-08-19
300481,濮阳惠成,2026-08-15,,,,2026-08-15
300482,万孚生物,2026-08-24,,,,2026-08-24
300483,首华燃气,2026-08-24,,,,2026-08-24
300484,蓝海华腾,2026-08-21,,,,2026-08-21
300485,赛升药业,2026-08-24,,,,2026-08-24
300487,蓝晓科技,2026-08-20,,,,2026-08-20
300488,恒锋工具,2026-08-24,,,,2026-08-24
300497,富祥股份,2026-08-12,,,,2026-08-12
300499,高澜股份,2026-08-22,,,,2026-08-22
300503,昊志机电,2026-07-21,,,,2026-07-21
300506,名家汇,2026-08-24,,,,2026-08-24
300507,苏奥传感,2026-08-08,,,,2026-08-08
300508,维宏股份,2026-07-31,,,,2026-07-31
300515,三德科技,2026-08-21,,,,2026-08-21
300522,世名科技,2026-08-22,,,,2026-08-22
300528,幸福蓝海,2026-08-24,,,,2026-08-24
300529,健帆生物,2026-08-07,,,,2026-08-07
300540,蜀道装备,2026-08-20,,,,2026-08-20
300541,先进数通,2026-08-14,,,,2026-08-14
300548,长芯博创,2026-08-27,2026-08-22,,,2026-08-22
300550,和仁科技,2026-08-12,,,,2026-08-12
300557,理工光科,2026-08-22,,,,2026-08-22
300558,贝达药业,2026-08-21,,,,2026-08-21
300559,佳发教育,2026-08-24,,,,2026-08-24
300566,激智科技,2026-08-22,,,,2026-08-22
300569,天能重工,2026-08-24,,,,2026-08-24
300570,太辰光,2026-08-15,,,,2026-08-15
300575,中旗股份,2026-08-18,,,,2026-08-18
300578,会畅科技,2026-08-24,,,,2026-08-24
300580,贝斯特,2026-08-18,,,,2026-08-18
300589,江龙船艇,2026-08-22,,,,2026-08-22
300596,利安隆,2026-08-18,,,,2026-08-18
300601,康泰生物,2026-08-28,2026-08-22,,,2026-08-22
300602,飞荣达,2026-08-25,,,,2026-08-22
300607,拓斯达,2026-08-27,2026-08-21,,,2026-08-21
300608,思特奇,2026-08-22,,,,2026-08-22
300610,晨化股份,2026-08-18,,,,2026-08-18
300612,宣亚国际,2026-08-21,,,,2026-08-21
300618,寒锐钴业,2026-08-01,,,,2026-08-01
300620,光库科技,2026-08-18,,,,2026-08-18
300623,捷捷微电,2026-08-20,,,,2026-08-20
300624,万兴科技,2026-08-24,,,,2026-08-24
300625,三雄极光,2026-08-22,,,,2026-08-22
300627,华测导航,2026-08-14,,,,2026-08-14
300628,亿联网络,2026-08-19,,,,2026-08-19
300633,开立医疗,2026-08-22,,,,2026-08-22
300639,凯普生物,2026-08-28,2026-08-15,,,2026-08-15
300641,正丹股份,2026-08-19,,,,2026-08-19
300647,超频三,2026-08-08,,,,2026-08-08
300656,民德电子,2026-08-15,,,,2026-08-15
300657,弘信电子,2026-08-21,,,,2026-08-21
300665,飞鹿股份,2026-08-21,,,,2026-08-21
300667,必创科技,2026-08-20,,,,2026-08-20
300670,大烨智能,2026-08-22,,,,2026-08-22
300671,富满微,2026-07-30,,,,2026-07-30
300676,华大基因,2026-08-22,,,,2026-08-22
300682,朗新科技,2026-08-17,,,,2026-08-17
300683,海特生物,2026-08-24,,,,2026-08-24
300686,智动力,2026-08-22,,,,2026-08-22
300689,澄天伟业,2026-07-25,,,,2026-07-25
300693,盛弘股份,2026-08-18,2026-08-11,,,2026-08-11
300694,蠡湖股份,2026-08-21,,,,2026-08-21
300697,电工合金,2026-08-22,,,,2026-08-22
300698,万马科技,2026-08-24,,,,2026-08-24
300705,九典制药,2026-08-22,,,,2026-08-22
300708,聚灿光电,2026-07-25,,,,2026-07-25
300711,广哈通信,2026-08-21,,,,2026-08-21
300712,永福股份,2026-08-22,,,,2026-08-22
300721,怡达股份,2026-08-22,,,,2026-08-22
300725,药石科技,2026-08-11,,,,2026-08-11
300732,设研院,2026-08-20,,,,2026-08-20
300733,西菱动力,2026-08-24,,,,2026-08-24
300738,奥飞数据,2026-08-01,,,,2026-08-01
300748,金力永磁,2026-08-20,2026-08-21,,,2026-08-21
300749,顶固集创,2026-08-24,,,,2026-08-24
300750,宁德时代,2026-07-25,,,,2026-07-25
300758,七彩化学,2026-08-22,,,,2026-08-22
300759,康龙化成,2026-08-21,,,,2026-08-21
300761,立华股份,2026-08-22,,,,2026-08-22
300765,石药创新,2026-08-21,2026-08-18,,,2026-08-18
300768,迪普科技,2026-08-05,,,,2026-08-05
300773,拉卡拉,2026-08-08,,,,2026-08-08
300776,帝尔激光,2026-08-20,,,,2026-08-20
300795,米奥会展,2026-08-27,2026-08-22,,,2026-08-22
300796,贝斯美,2026-08-22,,,,2026-08-22
300797,钢研纳克,2026-08-15,,,,2026-08-15
300800,力合科技,2026-08-21,,,,2026-08-21
300801,泰和科技,2026-08-24,,,,2026-08-24
300807,天迈科技,2026-08-18,,,,2026-08-18
300808,久量股份,2026-08-14,,,,2026-08-14
300812,易天股份,2026-08-15,,,,2026-08-15
300814,中富电路,2026-08-14,,,,2026-08-14
300818,耐普矿机,2026-08-13,,,,2026-08-13
300821,东岳硅材,2026-08-21,,,,2026-08-21
300822,贝仕达克,2026-08-24,,,,2026-08-24
300824,北鼎股份,2026-08-24,2026-08-14,,,2026-08-14
300828,锐新科技,2026-08-24,,,,2026-08-24
300832,新产业,2026-08-25,2026-08-14,,,2026-08-14
300841,康华生物,2026-08-18,,,,2026-08-18
300852,四会富仕,2026-08-04,,,,2026-08-04
300853,申昊科技,2026-08-22,,,,2026-08-22
300854,中兰环保,2026-08-29,2026-07-28,,,2026-07-28
300855,图南股份,2026-08-19,,,,2026-08-19
300858,科拓生物,2026-08-24,,,,2026-08-24
300859,西域旅游,2026-08-18,,,,2026-08-18
300871,回盛生物,2026-08-15,,,,2026-08-15
300872,天阳科技,2026-08-21,,,,2026-08-21
300875,捷强装备,2026-08-24,,,,2026-08-24
300876,蒙泰高新,2026-08-21,,,,2026-08-21
300879,大叶股份,2026-08-24,,,,2026-08-24
300881,盛德鑫泰,2026-08-24,,,,2026-08-24
300883,龙利得,2026-08-12,,,,2026-08-12
300886,华业香料,2026-08-21,,,,2026-08-21
300892,品渥食品,2026-08-22,,,,2026-08-22
300893,松原安全,2026-08-24,,,,2026-08-24
300895,铜牛信息,2026-08-21,,,,2026-08-21
300896,爱美客,2026-08-21,,,,2026-08-21
300901,中胤时尚,2026-08-01,,,,2026-08-01
300904,威力传动,2026-08-22,,,,2026-08-22
300905,宝丽迪,2026-08-14,,,,2026-08-14
300908,仲景食品,2026-08-18,,,,2026-08-18
300917,特发服务,2026-08-21,,,,2026-08-21
300927,江天化学,2026-08-21,,,,2026-08-21
300936,中英科技,2026-08-24,,,,2026-08-24
300939,秋田微,2026-08-15,,,,2026-08-15
300946,恒而达,2026-08-15,,,,2026-08-15
300947,德必集团,2026-08-07,2026-07-31,,,2026-07-31
300955,嘉亨家化,2026-08-24,,,,2026-08-24
300958,建工修复,2026-08-21,,,,2026-08-21
300960,通业科技,2026-08-22,,,,2026-08-22
300967,晓鸣股份,2026-08-18,,,,2026-08-18
300970,华绿生物,2026-08-20,,,,2026-08-20
300971,博亚精工,2026-08-22,,,,2026-08-22
300976,达瑞电子,2026-08-18,,,,2026-08-18
300979,华利集团,2026-08-21,,,,2026-08-21
300983,尤安设计,2026-08-24,,,,2026-08-24
300984,金沃股份,2026-08-22,,,,2026-08-22
300991,创益通,2026-08-24,,,,2026-08-24
300999,金龙鱼,2026-08-13,,,,2026-08-13
301002,崧盛股份,2026-08-20,,,,2026-08-20
301003,江苏博云,2026-08-14,,,,2026-08-14
301007,德迈仕,2026-08-25,2026-08-19,,,2026-08-19
301023,奕帆传动,2026-08-22,,,,2026-08-22
301025,读客文化,2026-08-18,,,,2026-08-18
301026,浩通科技,2026-08-21,,,,2026-08-21
301028,鼎熔岩,2026-08-21,,,,2026-08-21
301033,迈普医学,2026-08-21,,,,2026-08-21
301035,润丰股份,2026-08-22,,,,2026-08-22
301050,雷电微力,2026-08-24,2026-08-22,,,2026-08-22
301052,果麦文化,2026-08-12,,,,2026-08-12
301060,兰卫医学,2026-08-22,,,,2026-08-22
301062,上海艾录,2026-07-30,2026-08-18,,,2026-08-18
301069,凯盛新材,2026-08-18,,,,2026-08-18
301071,力量钻石,2026-07-29,,,,2026-07-29
301072,中捷精工,2026-08-24,,,,2026-08-24
301083,百胜智能,2026-08-24,,,,2026-08-24
301091,深城交,2026-08-07,,,,2026-08-07
301097,天益医疗,2026-08-21,,,,2026-08-21
301100,风光股份,2026-07-31,,,,2026-07-31
301107,瑜欣电子,2026-08-18,,,,2026-08-18
301113,雅艺科技,2026-08-24,,,,2026-08-24
301128,强瑞技术,2026-08-12,,,,2026-08-12
301129,瑞纳智能,2026-08-18,,,,2026-08-18
301131,聚赛龙,2026-08-24,,,,2026-08-24
301138,华研精机,2026-08-22,,,,2026-08-22
301158,德石股份,2026-08-14,,,,2026-08-14
301162,国能日新,2026-08-15,,,,2026-08-15
301165,锐捷网络,2026-08-15,,,,2026-08-15
301171,易点天下,2026-08-21,,,,2026-08-21
301172,君逸数码,2026-08-22,,,,2026-08-22
301179,泽宇智能,2026-08-24,,,,2026-08-24
301183,东田微,2026-08-18,,,,2026-08-18
301200,大族数控,2026-08-21,,,,2026-08-21
301202,朗威股份,2026-08-24,,,,2026-08-24
301208,中亦科技,2026-08-25,2026-08-15,,,2026-08-15
301210,金杨精密,2026-08-21,,,,2026-08-21
301215,中汽股份,2026-08-22,,,,2026-08-22
301216,万凯新材,2026-08-24,,,,2026-08-24
301219,腾远钴业,2026-08-21,,,,2026-08-21
301221,光庭信息,2026-08-20,,,,2026-08-20
301223,中荣股份,2026-08-21,,,,2026-08-21
301227,森鹰窗业,2026-08-21,,,,2026-08-21
301228,实朴检测,2026-08-24,,,,2026-08-24
301233,盛帮股份,2026-08-24,,,,2026-08-24
301234,五洲医疗,2026-08-24,,,,2026-08-24
301237,和顺科技,2026-07-31,,,,2026-07-31
301238,瑞泰新材,2026-08-22,,,,2026-08-22
301251,威尔高,2026-08-18,,,,2026-08-18
301252,同星科技,2026-08-21,,,,2026-08-21
301256,华融化学,2026-08-14,,,,2026-08-14
301263,泰恩康,2026-08-18,,,,2026-08-18
301282,金禄电子,2026-08-15,,,,2026-08-15
301283,聚胶股份,2026-08-22,,,,2026-08-22
301286,侨源股份,2026-08-21,,,,2026-08-21
301289,国缆检测,2026-08-24,,,,2026-08-24
301290,东星医疗,2026-08-24,,,,2026-08-24
301299,卓创资讯,2026-08-19,,,,2026-08-19
301302,华如科技,2026-08-24,,,,2026-08-24
301305,朗坤科技,2026-08-15,,,,2026-08-15
301308,江波龙,2026-08-27,2026-08-11,,,2026-08-11
301310,鑫宏业,2026-08-20,,,,2026-08-20
301318,维海德,2026-08-24,,,,2026-08-24
301319,唯特偶,2026-08-29,2026-08-06,,,2026-08-06
301320,豪江智能,2026-08-22,,,,2026-08-22
301321,翰博高新,2026-08-22,,,,2026-08-22
301323,新莱福,2026-08-24,,,,2026-08-24
301328,维峰电子,2026-08-22,,,,2026-08-22
301338,凯格精机,2026-08-22,,,,2026-08-22
301358,湖南裕能,2026-08-20,,,,2026-08-20
301361,众智科技,2026-08-08,,,,2026-08-08
301363,美好医疗,2026-08-18,,,,2026-08-18
301366,一博科技,2026-08-03,,,,2026-08-03
301371,敷尔佳,2026-08-20,,,,2026-08-20
301373,凌玮科技,2026-08-19,,,,2026-08-19
301377,鼎泰高科,2026-08-20,,,,2026-08-20
301391,卡莱特,2026-08-15,,,,2026-08-15
301399,英特科技,2026-08-19,,,,2026-08-19
301421,波长光电,2026-08-12,,,,2026-08-12
301439,泓淋电力,2026-08-15,,,,2026-08-15
301449,天溯计量,2026-08-21,,,,2026-08-21
301458,钧崴电子,2026-08-24,,,,2026-08-24
301469,恒达新材,2026-08-19,,,,2026-08-19
301479,弘景光电,2026-08-24,,,,2026-08-24
301500,飞南资源,2026-08-20,,,,2026-08-20
301509,金凯生科,2026-08-21,,,,2026-08-21
301511,德福科技,2026-08-22,,,,2026-08-22
301522,上大股份,2026-08-01,,,,2026-08-01
301526,国际复材,2026-08-20,,,,2026-08-20
301528,多浦乐,2026-08-19,,,,2026-08-19
301559,中集环科,2026-08-22,,,,2026-08-22
301563,云汉芯城,2026-08-19,,,,2026-08-19
301575,艾芬达,2026-08-20,,,,2026-08-20
301577,美信科技,2026-08-21,,,,2026-08-21
301584,建发致新,2026-08-24,2026-08-17,,,2026-08-17
301589,诺瓦星云,2026-08-22,,,,2026-08-22
301598,博科测试,2026-08-24,,,,2026-08-24
301599,理奇智能,2026-08-24,,,,2026-08-24
301609,山大电力,2026-08-21,,,,2026-08-21
301611,珂玛科技,2026-08-20,,,,2026-08-20
301617,博苑新材,2026-08-20,,,,2026-08-20
301631,壹连科技,2026-08-22,,,,2026-08-22
301678,新恒汇,2026-07-31,,,,2026-07-31
301682,宏明电子,2026-08-22,,,,2026-08-22
301683,慧谷新材,2026-08-24,,,,2026-08-24
301696,三瑞智能,2026-08-27,2026-08-17,,,2026-08-17
302132,中航成飞,2026-08-24,,,,2026-08-24
600009,上海机场,2026-08-20,,,,2026-08-20
600010,包钢股份,2026-08-20,,,,2026-08-20
600011,华能国际,2026-08-19,,,,2026-08-19
600019,宝钢股份,2026-08-22,,,,2026-08-22
600020,中原高速,2026-08-01,2026-08-15,,,2026-08-15
600022,山东钢铁,2026-08-21,,,,2026-08-21
600028,中国石化,2026-08-24,,,,2026-08-24
600030,中信证券,2026-08-21,,,,2026-08-21
600050,中国联通,2026-08-19,,,,2026-08-19
600062,华润双鹤,2026-08-22,,,,2026-08-22
600063,皖维高新,2026-08-21,,,,2026-08-21
600064,南京高科,2026-08-21,,,,2026-08-21
600066,宇通客车,2026-08-11,,,,2026-08-11
600075,新疆天业,2026-08-22,,,,2026-08-22
600078,澄星股份,2026-08-18,,,,2026-08-18
600080,ST金花,2026-08-22,,,,2026-08-22
600089,特变电工,2026-08-22,,,,2026-08-22
600096,云天化,2026-08-18,,,,2026-08-18
600105,永鼎股份,2026-08-20,,,,2026-08-20
600110,诺德股份,2026-07-31,,,,2026-07-31
600111,北方稀土,2026-08-20,,,,2026-08-20
600116,三峡水利,2026-08-21,,,,2026-08-21
600118,中国卫星,2026-08-20,,,,2026-08-20
600120,浙江东方,2026-08-18,,,,2026-08-18
600131,国网信通,2026-08-22,,,,2026-08-22
600132,重庆啤酒,2026-08-20,,,,2026-08-20
600133,东湖高新,2026-08-25,2026-08-19,,,2026-08-19
600149,廊坊发展,2026-08-22,,,,2026-08-22
600168,武汉控股,2026-08-26,2026-08-14,,,2026-08-14
600173,卧龙新能,2026-08-21,,,,2026-08-21
600176,中国巨石,2026-08-27,2026-08-21,,,2026-08-21
600183,生益科技,2026-08-15,,,,2026-08-15
600187,*ST国中,2026-08-21,,,,2026-08-21
600198,大唐电信,2026-08-21,,,,2026-08-21
600201,生物股份,2026-08-04,,,,2026-08-04
600203,福日电子,2026-08-11,,,,2026-08-11
600206,有研新材,2026-08-25,2026-08-05,,,2026-08-05
600211,西藏药业,2026-08-14,,,,2026-08-14
600219,南山铝业,2026-08-20,,,,2026-08-20
600228,返利科技,2026-08-22,,,,2026-08-22
600230,沧州大化,2026-08-15,,,,2026-08-15
600233,圆通速递,2026-08-20,,,,2026-08-20
600236,桂冠电力,2026-07-31,,,,2026-07-31
600237,铜峰电子,2026-08-22,,,,2026-08-22
600241,时代万恒,2026-08-22,,,,2026-08-22
600243,*ST海华,2026-08-18,,,,2026-08-18
600255,鑫科材料,2026-08-11,,,,2026-08-11
600256,广汇能源,2026-08-21,,,,2026-08-21
600257,大湖股份,2026-08-13,,,,2026-08-13
600261,阳光照明,2026-08-22,,,,2026-08-22
600268,国电南自,2026-08-20,,,,2026-08-20
600269,赣粤高速,2026-08-11,,,,2026-08-11
600273,嘉化能源,2026-08-22,,,,2026-08-22
600276,恒瑞医药,2026-08-20,,,,2026-08-20
600282,南钢股份,2026-08-21,,,,2026-08-21
600285,羚锐制药,2026-08-12,,,,2026-08-12
600293,三峡新材,2026-08-22,,,,2026-08-22
600298,安琪酵母,2026-08-15,,,,2026-08-15
600301,华锡有色,2026-08-18,,,,2026-08-18
600305,恒顺醋业,2026-08-20,,,,2026-08-20
600308,华泰股份,2026-08-22,,,,2026-08-22
600312,平高电气,2026-08-20,,,,2026-08-20
600313,农发种业,2026-08-22,,,,2026-08-22
600315,上海家化,2026-08-20,,,,2026-08-20
600318,新力金融,2026-08-12,,,,2026-08-12
600326,西藏天路,2026-08-18,,,,2026-08-18
600329,达仁堂,2026-08-15,,,,2026-08-15
600332,白云山,2026-08-22,,,,2026-08-22
600335,国机汽车,2026-08-26,2026-08-21,,,2026-08-21
600336,澳柯玛,2026-08-22,,,,2026-08-22
600338,西藏珠峰,2026-08-19,,,,2026-08-19
600346,恒力石化,2026-08-20,,,,2026-08-20
600351,亚宝药业,2026-08-01,,,,2026-08-01
600366,宁波韵升,2026-08-18,,,,2026-08-18
600367,红星发展,2026-08-22,,,,2026-08-22
600368,五洲交通,2026-08-22,,,,2026-08-22
600371,万向德农,2026-08-12,,,,2026-08-12
600375,汉马科技,2026-08-22,,,,2026-08-22
600379,宝光股份,2026-08-20,,,,2026-08-20
600388,紫金龙净,2026-08-15,,,,2026-08-15
600395,盘江股份,2026-08-22,,,,2026-08-22
600399,抚顺特钢,2026-08-20,,,,2026-08-20
600405,动力源,2026-08-20,,,,2026-08-20
600408,安泰集团,2026-08-22,,,,2026-08-22
600418,江淮汽车,2026-08-20,,,,2026-08-20
600419,天润乳业,2026-08-21,,,,2026-08-21
600422,昆药集团,2026-08-22,,,,2026-08-22
600423,*ST柳化,2026-07-31,,,,2026-07-31
600425,青松建化,2026-08-18,,,,2026-08-18
600426,华鲁恒升,2026-08-20,,,,2026-08-20
600433,冠豪高新,2026-08-08,,,,2026-08-08
600444,国机通用,2026-08-19,,,,2026-08-19
600448,华纺股份,2026-08-22,,,,2026-08-22
600452,涪陵电力,2026-08-21,,,,2026-08-21
600455,博通股份,2026-08-15,,,,2026-08-15
600458,时代新材,2026-08-20,,,,2026-08-20
600459,贵研铂业,2026-08-21,,,,2026-08-21
600467,好当家,2026-08-28,2026-08-07,,,2026-08-07
600476,*ST湘邮,2026-08-22,,,,2026-08-22
600477,杭萧钢构,2026-08-17,,,,2026-08-17
600483,福能股份,2026-08-22,,,,2026-08-22
600495,晋西车轴,2026-08-12,,,,2026-08-12
600500,中化国际,2026-08-08,,,,2026-08-08
600501,航天晨光,2026-08-25,2026-08-21,,,2026-08-21
600505,西昌电力,2026-08-20,,,,2026-08-20
600508,上海能源,2026-08-22,,,,2026-08-22
600509,天富能源,2026-08-15,,,,2026-08-15
600511,国药股份,2026-08-20,,,,2026-08-20
600515,海南机场,2026-08-21,2026-08-22,,,2026-08-22
600519,贵州茅台,2026-08-15,,,,2026-08-15
600523,贵航股份,2026-08-15,,,,2026-08-15
600526,菲达环保,2026-08-20,,,,2026-08-20
600535,天士力,2026-08-22,,,,2026-08-22
600538,国发股份,2026-08-22,,,,2026-08-22
600549,厦门钨业,2026-08-21,,,,2026-08-21
600550,保变电气,2026-08-20,,,,2026-08-20
600563,法拉电子,2026-08-22,,,,2026-08-22
600573,惠泉啤酒,2026-08-19,,,,2026-08-19
600578,京能电力,2026-08-22,,,,2026-08-22
600581,*ST八钢,2026-08-21,2026-08-25,2026-08-08,,2026-08-08
600583,海油工程,2026-08-18,,,,2026-08-18
600584,长电科技,2026-08-21,,,,2026-08-21
600588,用友网络,2026-08-22,,,,2026-08-22
600589,大位科技,2026-08-21,,,,2026-08-21
600594,益佰制药,2026-08-21,,,,2026-08-21
600595,中孚实业,2026-08-05,,,,2026-08-05
600601,方正科技,2026-08-26,2026-08-20,,,2026-08-20
600603,广汇物流,2026-08-22,,,,2026-08-22
600604,市北高新,2026-08-22,,,,2026-08-22
600605,汇通能源,2026-08-26,2026-08-19,,,2026-08-19
600610,中毅达,2026-08-22,,,,2026-08-22
600617,国新能源,2026-08-22,,,,2026-08-22
600628,新世界,2026-08-22,,,,2026-08-22
600633,浙数文化,2026-08-15,,,,2026-08-15
600640,国脉文化,2026-08-22,,,,2026-08-22
600641,先导基电,2026-08-08,2026-08-01,,,2026-08-01
600655,豫园股份,2026-08-21,,,,2026-08-21
600660,福耀玻璃,2026-08-19,,,,2026-08-19
600661,昂立教育,2026-08-15,,,,2026-08-15
600662,外服控股,2026-08-21,,,,2026-08-21
600663,陆家嘴,2026-07-30,,,,2026-07-30
600673,东阳光,2026-08-18,,,,2026-08-18
600674,川投能源,2026-08-15,,,,2026-08-15
600683,京投发展,2026-08-25,2026-08-11,,,2026-08-11
600688,上海石化,2026-08-20,,,,2026-08-20
600693,东百集团,2026-08-12,,,,2026-08-12
600697,欧亚集团,2026-08-22,,,,2026-08-22
600698,湖南天雁,2026-08-22,,,,2026-08-22
600702,舍得酒业,2026-08-19,,,,2026-08-19
600711,盛屯矿业,2026-07-30,,,,2026-07-30
600712,南宁百货,2026-08-21,,,,2026-08-21
600716,凤凰股份,2026-08-22,,,,2026-08-22
600717,天津港,2026-08-22,,,,2026-08-22
600719,大连热电,2026-08-14,,,,2026-08-14
600726,华电能源,2026-08-20,,,,2026-08-20
600727,鲁北化工,2026-08-06,,,,2026-08-06
600738,丽尚国潮,2026-08-22,2026-08-19,,,2026-08-19
600745,*ST闻泰,2026-08-15,,,,2026-08-15
600748,上实发展,2026-08-22,,,,2026-08-22
600750,华润江中,2026-08-22,,,,2026-08-22
600753,ST海钦,2026-08-18,,,,2026-08-18
600763,通策医疗,2026-08-15,,,,2026-08-15
600768,富邦新材,2026-08-11,,,,2026-08-11
600769,祥龙电业,2026-08-19,,,,2026-08-19
600770,综艺股份,2026-08-07,,,,2026-08-07
600773,西藏城投,2026-08-22,,,,2026-08-22
600784,鲁银投资,2026-08-22,,,,2026-08-22
600785,新华百货,2026-08-21,,,,2026-08-21
600794,保税科技,2026-08-15,,,,2026-08-15
600795,国电电力,2026-08-18,,,,2026-08-18
600797,浙大网新,2026-08-22,,,,2026-08-22
600802,福建水泥,2026-08-22,,,,2026-08-22
600805,悦达投资,2026-08-22,,,,2026-08-22
600812,华北制药,2026-08-22,,,,2026-08-22
600816,建元信托,2026-08-14,,,,2026-08-14
600817,宇通重工,2026-08-15,,,,2026-08-15
600829,人民同泰,2026-08-08,,,,2026-08-08
600835,上海机电,2026-08-22,,,,2026-08-22
600844,金煤科技,2026-08-14,2026-07-18,,,2026-07-18
600845,宝信软件,2026-08-20,,,,2026-08-20
600846,同济科技,2026-08-22,,,,2026-08-22
600847,万里股份,2026-08-22,,,,2026-08-22
600851,海欣股份,2026-08-21,,,,2026-08-21
600853,龙建股份,2026-08-21,,,,2026-08-21
600860,京城股份,2026-08-15,,,,2026-08-15
600864,哈投股份,2026-08-15,,,,2026-08-15
600865,百大集团,2026-08-15,,,,2026-08-15
600866,星湖科技,2026-08-20,,,,2026-08-20
600869,远东股份,2026-08-22,,,,2026-08-22
600871,石化油服,2026-08-18,,,,2026-08-18
600872,中炬高新,2026-08-20,,,,2026-08-20
600873,梅花生物,2026-08-15,,,,2026-08-15
600882,妙可蓝多,2026-08-22,,,,2026-08-22
600885,宏发股份,2026-07-30,,,,2026-07-30
600888,新疆众和,2026-08-21,,,,2026-08-21
600889,*ST京化,2026-08-18,,,,2026-08-18
600895,张江高科,2026-08-20,,,,2026-08-20
600901,江苏金租,2026-08-19,,,,2026-08-19
600906,财达证券,2026-08-21,,,,2026-08-21
600917,重庆燃气,2026-08-22,,,,2026-08-22
600918,中泰证券,2026-08-22,,,,2026-08-22
600919,江苏银行,2026-08-20,,,,2026-08-20
600929,雪天盐业,2026-08-22,,,,2026-08-22
600936,北投科技,2026-08-20,,,,2026-08-20
600941,中国移动,2026-08-14,,,,2026-08-14
600955,维远股份,2026-08-21,,,,2026-08-21
600961,株冶集团,2026-08-19,,,,2026-08-19
600969,郴电国际,2026-08-21,,,,2026-08-21
600971,恒源煤电,2026-08-25,2026-08-21,,,2026-08-21
600976,健民集团,2026-08-20,,,,2026-08-20
600980,北矿科技,2026-08-21,,,,2026-08-21
600987,航民股份,2026-08-19,,,,2026-08-19
600989,宝丰能源,2026-08-13,,,,2026-08-13
600990,四创电子,2026-08-22,,,,2026-08-22
600995,南网储能,2026-08-21,,,,2026-08-21
601006,大秦铁路,2026-08-21,,,,2026-08-21
601009,南京银行,2026-08-19,,,,2026-08-19
601011,宝泰隆,2026-08-22,,,,2026-08-22
601026,道生天合,2026-08-20,,,,2026-08-20
601059,信达证券,2026-07-31,,,,2026-07-31
601061,中信金属,2026-08-21,,,,2026-08-21
601066,中信建投,2026-08-19,,,,2026-08-19
601068,中铝国际,2026-08-14,,,,2026-08-14
601089,福元医药,2026-08-15,,,,2026-08-15
601096,宏盛华源,2026-08-20,,,,2026-08-20
601101,昊华能源,2026-08-19,,,,2026-08-19
601112,振石股份,2026-08-18,,,,2026-08-18
601127,赛力斯,2026-08-20,,,,2026-08-20
601138,工业富联,2026-08-12,,,,2026-08-12
601168,西部矿业,2026-07-30,,,,2026-07-30
601177,杭齿前进,2026-08-21,,,,2026-08-21
601179,中国西电,2026-08-20,,,,2026-08-20
601198,东兴证券,2026-07-31,,,,2026-07-31
601208,东材科技,2026-08-21,,,,2026-08-21
601211,国泰海通,2026-08-19,,,,2026-08-19
601311,骆驼股份,2026-08-22,,,,2026-08-22
601318,中国平安,2026-08-21,,,,2026-08-21
601339,百隆东方,2026-08-07,,,,2026-08-07
601360,三六零,2026-08-20,,,,2026-08-20
601377,兴业证券,2026-08-20,,,,2026-08-20
601579,会稽山,2026-08-22,,,,2026-08-22
601588,北辰实业,2026-08-21,,,,2026-08-21
601606,长城军工,2026-07-31,2026-08-21,,,2026-08-21
601609,金田股份,2026-08-19,,,,2026-08-19
601619,嘉泽新能,2026-08-20,,,,2026-08-20
601677,明泰铝业,2026-08-18,,,,2026-08-18
601702,华峰铝业,2026-08-18,,,,2026-08-18
601718,ST际华,2026-08-22,,,,2026-08-22
601728,中国电信,2026-08-21,,,,2026-08-21
601766,中国中车,2026-08-20,,,,2026-08-20
601788,光大证券,2026-08-20,,,,2026-08-20
601789,宁波建工,2026-08-22,,,,2026-08-22
601869,长飞光纤,2026-08-25,2026-08-22,,,2026-08-22
601877,正泰电器,2026-08-20,,,,2026-08-20
601886,江河集团,2026-08-12,,,,2026-08-12
601888,中国中免,2026-08-21,,,,2026-08-21
601898,中煤能源,2026-08-22,,,,2026-08-22
601899,紫金矿业,2026-08-22,,,,2026-08-22
601900,南方传媒,2026-08-22,,,,2026-08-22
601918,新集能源,2026-08-22,,,,2026-08-22
601921,浙版传媒,2026-08-15,,,,2026-08-15
601933,永辉超市,2026-08-21,,,,2026-08-21
601952,苏垦农发,2026-08-19,,,,2026-08-19
601956,东贝集团,2026-08-22,,,,2026-08-22
601958,金钼股份,2026-08-21,,,,2026-08-21
601963,重庆银行,2026-08-21,,,,2026-08-21
601996,丰林集团,2026-08-22,,,,2026-08-22
603001,奥康国际,2026-08-27,2026-08-08,,,2026-08-08
603002,宏昌电子,2026-08-22,,,,2026-08-22
603004,鼎龙科技,2026-08-22,,,,2026-08-22
603015,弘讯科技,2026-08-20,,,,2026-08-20
603016,新宏泰,2026-08-21,,,,2026-08-21
603021,*ST华鹏,2026-08-22,,,,2026-08-22
603023,威帝股份,2026-08-19,,,,2026-08-19
603025,大豪科技,2026-08-14,,,,2026-08-14
603029,天鹅股份,2026-08-22,,,,2026-08-22
603031,安孚科技,2026-08-18,,,,2026-08-18
603032,德新科技,2026-08-22,,,,2026-08-22
603036,如通股份,2026-08-22,,,,2026-08-22
603039,泛微网络,2026-08-21,,,,2026-08-21
603042,华脉科技,2026-08-21,,,,2026-08-21
603049,中策橡胶,2026-08-18,,,,2026-08-18
603050,科林电气,2026-08-22,,,,2026-08-22
603051,鹿山新材,2026-08-21,,,,2026-08-21
603052,可川科技,2026-08-22,,,,2026-08-22
603053,成都燃气,2026-08-15,,,,2026-08-15
603058,永吉股份,2026-08-01,,,,2026-08-01
603060,国检集团,2026-08-22,,,,2026-08-22
603062,麦加芯彩,2026-08-25,2026-08-22,,,2026-08-22
603063,禾望电气,2026-08-05,,,,2026-08-05
603068,博通集成,2026-08-21,,,,2026-08-21
603070,万控智造,2026-08-21,,,,2026-08-21
603071,物产环能,2026-08-18,,,,2026-08-18
603075,热威股份,2026-08-19,,,,2026-08-19
603077,和邦生物,2026-08-18,,,,2026-08-18
603080,新疆火炬,2026-08-22,,,,2026-08-22
603092,德力佳,2026-08-21,,,,2026-08-21
603093,南华期货,2026-08-18,,,,2026-08-18
603095,越剑智能,2026-08-22,,,,2026-08-22
603096,新经典,2026-08-11,,,,2026-08-11
603101,汇嘉时代,2026-07-31,,,,2026-07-31
603102,百合股份,2026-08-10,,,,2026-08-10
603103,横店影视,2026-08-22,,,,2026-08-22
603119,浙江荣泰,2026-08-11,,,,2026-08-11
603129,春风动力,2026-08-18,,,,2026-08-18
603132,金徽股份,2026-08-07,,,,2026-08-07
603153,上海建科,2026-08-14,,,,2026-08-14
603155,新亚强,2026-07-28,,,,2026-07-28
603156,养元饮品,2026-08-22,,,,2026-08-22
603160,汇顶科技,2026-08-21,,,,2026-08-21
603162,海通发展,2026-07-21,,,,2026-07-21
603166,福达股份,2026-08-24,,,,2026-08-24
603171,税友股份,2026-08-21,,,,2026-08-21
603179,新泉股份,2026-08-04,,,,2026-08-04
603181,皇马科技,2026-08-17,,,,2026-08-17
603182,嘉华股份,2026-08-19,,,,2026-08-19
603183,建研院,2026-08-22,,,,2026-08-22
603187,海容冷链,2026-08-15,,,,2026-08-15
603189,*ST网达,2026-08-18,,,,2026-08-18
603193,润本股份,2026-08-21,,,,2026-08-21
603196,璞源材料,2026-08-18,,,,2026-08-18
603199,九华旅游,2026-08-20,,,,2026-08-20
603206,嘉环科技,2026-08-04,,,,2026-08-04
603208,江山欧派,2026-08-17,,,,2026-08-17
603209,兴通股份,2026-08-19,,,,2026-08-19
603227,雪峰科技,2026-08-18,,,,2026-08-18
603228,景旺电子,2026-08-22,,,,2026-08-22
603236,移远通信,2026-08-13,,,,2026-08-13
603256,宏和科技,2026-08-14,,,,2026-08-14
603259,药明康德,2026-08-04,,,,2026-08-04
603281,江瀚新材,2026-08-18,,,,2026-08-18
603284,林平发展,2026-08-18,,,,2026-08-18
603293,埃泰克,2026-08-18,,,,2026-08-18
603300,海南华铁,2026-08-21,,,,2026-08-21
603303,得邦照明,2026-08-21,,,,2026-08-21
603309,维力医疗,2026-07-31,,,,2026-07-31
603312,西典新能,2026-08-15,,,,2026-08-15
603322,超讯科技,2026-08-18,,,,2026-08-18
603325,博隆技术,2026-08-22,,,,2026-08-22
603332,苏州龙杰,2026-08-18,,,,2026-08-18
603334,丰倍生物,2026-08-24,,,,2026-08-24
603339,四方科技,2026-07-29,,,,2026-07-29
603348,文灿股份,2026-08-21,,,,2026-08-21
603351,威尔药业,2026-08-22,,,,2026-08-22
603352,至信股份,2026-08-22,,,,2026-08-22
603366,日出东方,2026-08-19,,,,2026-08-19
603369,今世缘,2026-08-18,,,,2026-08-18
603375,盛景微,2026-08-22,,,,2026-08-22
603380,易德龙,2026-08-22,,,,2026-08-22
603382,海阳科技,2026-08-20,,,,2026-08-20
603383,顶点软件,2026-08-20,,,,2026-08-20
603391,力聚热能,2026-08-21,,,,2026-08-21
603392,万泰生物,2026-08-20,,,,2026-08-20
603393,新天然气,2026-08-12,,,,2026-08-12
603398,*ST沐邦,2026-08-18,,,,2026-08-18
603400,华之杰,2026-08-03,,,,2026-08-03
603402,陕西旅游,2026-08-14,,,,2026-08-14
603406,天富龙,2026-08-31,2026-08-18,,,2026-08-18
603407,长裕集团,2026-08-24,,,,2026-08-24
603408,建霖家居,2026-08-22,,,,2026-08-22
603444,吉比特,2026-08-14,,,,2026-08-14
603456,九洲药业,2026-08-04,,,,2026-08-04
603486,科沃斯,2026-08-22,,,,2026-08-22
603488,展鹏科技,2026-08-22,,,,2026-08-22
603499,翔港科技,2026-08-25,2026-08-15,,,2026-08-15
603505,金石资源,2026-08-21,,,,2026-08-21
603508,思维列控,2026-08-08,,,,2026-08-08
603517,ST绝味,2026-08-21,,,,2026-08-21
603519,立霸股份,2026-08-20,,,,2026-08-20
603530,神马电力,2026-08-13,,,,2026-08-13
603535,嘉诚国际,2026-08-22,,,,2026-08-22
603538,美诺华,2026-08-12,,,,2026-08-12
603556,海兴电力,2026-08-18,,,,2026-08-18
603558,健盛集团,2026-08-04,,,,2026-08-04
603568,伟明环保,2026-08-15,,,,2026-08-15
603579,荣泰健康,2026-08-20,,,,2026-08-20
603580,艾艾精工,2026-08-31,2026-08-18,,,2026-08-18
603585,苏利股份,2026-08-14,,,,2026-08-14
603586,金麒麟,2026-08-07,,,,2026-08-07
603588,高能环境,2026-08-18,,,,2026-08-18
603602,纵横通信,2026-08-22,,,,2026-08-22
603606,东方电缆,2026-08-05,,,,2026-08-05
603608,天创时尚,2026-08-22,,,,2026-08-22
603612,索通发展,2026-08-22,,,,2026-08-22
603615,茶花股份,2026-08-14,,,,2026-08-14
603637,镇海股份,2026-08-21,,,,2026-08-21
603650,彤程新材,2026-08-20,,,,2026-08-20
603655,朗博科技,2026-08-20,,,,2026-08-20
603656,泰禾智能,2026-08-22,,,,2026-08-22
603659,璞泰来,2026-08-20,,,,2026-08-20
603663,三祥新材,2026-08-22,,,,2026-08-22
603666,亿嘉和,2026-08-22,,,,2026-08-22
603669,灵康药业,2026-07-31,2026-08-15,,,2026-08-15
603677,奇精机械,2026-08-21,,,,2026-08-21
603678,火炬电子,2026-08-22,,,,2026-08-22
603683,晶华新材,2026-08-22,,,,2026-08-22
603688,石英股份,2026-08-22,,,,2026-08-22
603697,有友食品,2026-08-15,,,,2026-08-15
603699,纽威股份,2026-08-22,,,,2026-08-22
603701,德宏股份,2026-08-12,,,,2026-08-12
603708,家家悦,2026-08-21,,,,2026-08-21
603711,香飘飘,2026-08-29,2026-08-15,,,2026-08-15
603713,密尔克卫,2026-08-21,2026-08-14,,,2026-08-14
603727,博迈科,2026-07-25,,,,2026-07-25
603758,秦安股份,2026-08-22,,,,2026-08-22
603766,隆鑫通用,2026-08-22,,,,2026-08-22
603767,中马传动,2026-08-22,,,,2026-08-22
603797,联泰环保,2026-08-25,2026-07-31,,,2026-07-31
603799,华友钴业,2026-08-19,,,,2026-08-19
603806,福斯特,2026-08-20,,,,2026-08-20
603809,豪能股份,2026-08-15,,,,2026-08-15
603822,ST嘉澳,2026-08-08,,,,2026-08-08
603848,好太太,2026-08-18,,,,2026-08-18
603867,新化股份,2026-08-21,,,,2026-08-21
603869,ST智知,2026-08-22,,,,2026-08-22
603877,太平鸟,2026-08-21,2026-07-31,,,2026-07-31
603881,数据港,2026-08-22,,,,2026-08-22
603893,瑞芯微,2026-08-18,,,,2026-08-18
603897,长城科技,2026-08-12,,,,2026-08-12
603909,建发合诚,2026-08-20,,,,2026-08-20
603916,苏博特,2026-08-20,,,,2026-08-20
603919,金徽酒,2026-08-20,,,,2026-08-20
603920,世运电路,2026-08-14,,,,2026-08-14
603929,亚翔集成,2026-08-25,2026-07-31,,,2026-07-31
603933,睿能科技,2026-08-20,,,,2026-08-20
603938,三孚股份,2026-08-21,,,,2026-08-21
603956,威派格,2026-08-15,,,,2026-08-15
603969,银龙股份,2026-08-20,,,,2026-08-20
603986,兆易创新,2026-08-19,,,,2026-08-19
603988,中电电机,2026-08-22,,,,2026-08-22
603993,洛阳钼业,2026-08-20,,,,2026-08-20
603995,甬金股份,2026-08-12,,,,2026-08-12
603997,继峰股份,2026-08-15,,,,2026-08-15
605003,众望布艺,2026-08-19,,,,2026-08-19
605006,山东玻纤,2026-08-19,,,,2026-08-19
605007,五洲特纸,2026-08-08,,,,2026-08-08
605009,豪悦护理,2026-08-22,,,,2026-08-22
605011,杭州热电,2026-08-22,,,,2026-08-22
605020,永和股份,2026-08-17,,,,2026-08-17
605033,美邦股份,2026-07-30,,,,2026-07-30
605060,联德股份,2026-08-21,,,,2026-08-21
605066,天正电气,2026-08-22,,,,2026-08-22
605077,华康股份,2026-08-21,,,,2026-08-21
605086,龙高股份,2026-08-21,,,,2026-08-21
605090,九丰能源,2026-08-19,2026-08-14,,,2026-08-14
605098,行动教育,2026-08-12,,,,2026-08-12
605128,上海沿浦,2026-08-18,,,,2026-08-18
605136,丽人丽妆,2026-08-14,,,,2026-08-14
605166,聚合顺,2026-08-14,,,,2026-08-14
605208,永茂泰,2026-08-21,,,,2026-08-21
605228,神通科技,2026-07-23,,,,2026-07-23
605258,协和电子,2026-08-22,,,,2026-08-22
605259,绿田机械,2026-08-21,,,,2026-08-21
605299,舒华体育,2026-08-18,,,,2026-08-18
605319,无锡振华,2026-08-21,,,,2026-08-21
605337,李子园,2026-08-21,,,,2026-08-21
605338,巴比食品,2026-08-21,,,,2026-08-21
605339,南侨食品,2026-08-13,,,,2026-08-13
605358,立昂微,2026-08-25,2026-08-08,,,2026-08-08
605365,立达信,2026-08-22,,,,2026-08-22
605499,东鹏饮料,2026-07-31,,,,2026-07-31
605507,国邦医药,2026-08-01,,,,2026-08-01
605555,德昌股份,2026-08-22,,,,2026-08-22
605589,圣泉集团,2026-08-15,,,,2026-08-15
688002,睿创微纳,2026-08-18,,,,2026-08-18
688003,天准科技,2026-08-26,2026-08-20,,,2026-08-20
688004,博汇科技,2026-08-24,,,,2026-08-24
688005,容百科技,2026-08-01,2026-08-25,2026-07-23,,2026-07-23
688007,光峰科技,2026-08-22,,,,2026-08-22
688012,中微公司,2026-08-20,,,,2026-08-20
688018,乐鑫科技,2026-07-31,,,,2026-07-31
688021,奥福科技,2026-08-22,,,,2026-08-22
688022,ST瀚川,2026-08-21,,,,2026-08-21
688027,国盾量子,2026-08-21,,,,2026-08-21
688035,德邦科技,2026-08-11,,,,2026-08-11
688036,传音控股,2026-08-18,,,,2026-08-18
688041,海光信息,2026-08-20,2026-08-14,,,2026-08-14
688045,必易微,2026-08-22,2026-08-15,,,2026-08-15
688046,药康生物,2026-08-20,,,,2026-08-20
688053,ST思科瑞,2026-08-27,2026-08-22,,,2026-08-22
688059,华锐精密,2026-08-15,,,,2026-08-15
688063,派能科技,2026-08-22,,,,2026-08-22
688065,凯赛生物,2026-08-20,,,,2026-08-20
688072,拓荆科技,2026-08-29,2026-08-21,,,2026-08-21
688077,大地熊,2026-08-18,,,,2026-08-18
688078,龙软科技,2026-07-23,,,,2026-07-23
688082,盛美上海,2026-08-08,,,,2026-08-08
688083,中望软件,2026-08-15,,,,2026-08-15
688089,ST嘉必优,2026-08-22,,,,2026-08-22
688099,晶晨股份,2026-08-20,,,,2026-08-20
688100,威胜信息,2026-08-17,,,,2026-08-17
688101,三达膜,2026-08-21,,,,2026-08-21
688109,品茗科技,2026-08-21,,,,2026-08-21
688110,东芯股份,2026-08-22,,,,2026-08-22
688111,金山办公,2026-08-20,,,,2026-08-20
688112,鼎阳科技,2026-08-18,,,,2026-08-18
688114,华大智造,2026-08-22,,,,2026-08-22
688117,圣诺生物,2026-08-20,,,,2026-08-20
688118,普元信息,2026-08-20,,,,2026-08-20
688120,华海清科,2026-08-29,2026-08-22,,,2026-08-22
688123,聚辰股份,2026-08-15,,,,2026-08-15
688126,沪硅产业,2026-08-20,,,,2026-08-20
688127,蓝特光学,2026-08-21,,,,2026-08-21
688130,晶华微,2026-08-08,,,,2026-08-08
688136,科兴制药,2026-08-22,,,,2026-08-22
688139,海尔生物,2026-08-26,2026-08-20,,,2026-08-20
688146,中船特气,2026-07-18,,,,2026-07-18
688148,芳源股份,2026-08-11,,,,2026-08-11
688151,华强科技,2026-08-21,,,,2026-08-21
688156,路德科技,2026-08-14,,,,2026-08-14
688158,优刻得,2026-08-22,,,,2026-08-22
688163,赛伦生物,2026-08-22,,,,2026-08-22
688167,炬光科技,2026-08-08,,,,2026-08-08
688179,阿拉丁,2026-08-20,,,,2026-08-20
688181,八亿时空,2026-08-15,,,,2026-08-15
688182,灿勤科技,2026-08-18,,,,2026-08-18
688183,生益电子,2026-08-15,,,,2026-08-15
688184,ST帕瓦,2026-08-29,2026-08-07,,,2026-08-07
688187,时代电气,2026-08-20,,,,2026-08-20
688188,柏楚电子,2026-08-18,,,,2026-08-18
688192,迪哲医药,2026-08-21,,,,2026-08-21
688205,德科立,2026-08-31,2026-08-18,,,2026-08-18
688207,格灵深瞳,2026-08-22,,,,2026-08-22
688212,澳华内镜,2026-08-20,,,,2026-08-20
688213,思特威,2026-08-22,,,,2026-08-22
688218,江苏北人,2026-08-29,2026-08-22,,,2026-08-22
688219,会通股份,2026-08-22,,,,2026-08-22
688227,品高股份,2026-08-15,,,,2026-08-15
688234,天岳先进,2026-08-20,,,,2026-08-20
688252,天德钰,2026-08-12,,,,2026-08-12
688256,寒武纪,2026-08-08,,,,2026-08-08
688260,昀冢科技,2026-07-31,2026-08-14,,,2026-08-14
688261,东微半导,2026-08-20,,,,2026-08-20
688266,泽璟制药,2026-08-01,,,,2026-08-01
688267,中触媒,2026-08-20,,,,2026-08-20
688271,联影医疗,2026-08-20,,,,2026-08-20
688276,百克生物,2026-08-21,,,,2026-08-21
688278,特宝生物,2026-08-19,,,,2026-08-19
688281,华秦科技,2026-08-20,,,,2026-08-20
688286,敏芯股份,2026-08-15,,,,2026-08-15
688290,景业智能,2026-08-20,,,,2026-08-20
688297,中无人机,2026-08-19,,,,2026-08-19
688300,联瑞新材,2026-08-15,,,,2026-08-15
688301,奕瑞科技,2026-08-14,,,,2026-08-14
688303,大全能源,2026-08-21,,,,2026-08-21
688309,恒誉科技,2026-08-11,,,,2026-08-11
688313,仕佳光子,2026-08-01,,,,2026-08-01
688319,欧林生物,2026-08-27,2026-08-18,,,2026-08-18
688321,微芯生物,2026-08-20,,,,2026-08-20
688322,奥比中光,2026-08-22,,,,2026-08-22
688323,瑞华泰,2026-08-22,,,,2026-08-22
688327,云从科技,2026-08-22,,,,2026-08-22
688328,深科达,2026-08-18,,,,2026-08-18
688332,中科蓝讯,2026-08-19,,,,2026-08-19
688334,西高院,2026-08-20,,,,2026-08-20
688336,三生国健,2026-08-21,,,,2026-08-21
688338,赛科希德,2026-08-22,,,,2026-08-22
688345,博力威,2026-08-08,2026-08-15,,,2026-08-15
688352,颀中科技,2026-08-15,,,,2026-08-15
688353,华盛锂电,2026-08-20,,,,2026-08-20
688365,光云科技,2026-08-22,,,,2026-08-22
688366,昊海生科,2026-08-22,,,,2026-08-22
688370,丛麟科技,2026-08-22,,,,2026-08-22
688375,国博电子,2026-08-20,,,,2026-08-20
688377,迪威尔,2026-08-22,,,,2026-08-22
688378,奥来德,2026-08-20,,,,2026-08-20
688380,中微半导,2026-08-17,,,,2026-08-17
688381,帝奥微,2026-08-31,2026-08-22,,,2026-08-22
688382,益方生物,2026-08-21,,,,2026-08-21
688383,新益昌,2026-08-21,,,,2026-08-21
688385,复旦微电,2026-08-18,,,,2026-08-18
688389,普门科技,2026-08-22,,,,2026-08-22
688395,正弦电气,2026-08-22,,,,2026-08-22
688398,赛特新材,2026-08-22,,,,2026-08-22
688403,汇成股份,2026-08-13,,,,2026-08-13
688419,耐科装备,2026-08-22,,,,2026-08-22
688425,铁建重工,2026-08-20,,,,2026-08-20
688432,有研硅,2026-08-14,,,,2026-08-14
688433,华曙高科,2026-08-05,2026-08-12,,,2026-08-12
688448,磁谷科技,2026-08-18,,,,2026-08-18
688459,哈铁科技,2026-08-14,,,,2026-08-14
688466,金科环境,2026-08-21,,,,2026-08-21
688469,芯联集成,2026-08-11,,,,2026-08-11
688475,萤石网络,2026-07-25,,,,2026-07-25
688479,友车科技,2026-08-22,,,,2026-08-22
688484,南芯科技,2026-08-31,2026-08-18,,,2026-08-18
688499,利元亨,2026-08-15,,,,2026-08-15
688505,复旦张江,2026-08-15,,,,2026-08-15
688508,芯朋微,2026-08-15,,,,2026-08-15
688510,航亚科技,2026-08-18,,,,2026-08-18
688513,苑东生物,2026-08-21,,,,2026-08-21
688521,芯原股份,2026-08-22,2026-08-18,,,2026-08-18
688523,航天环宇,2026-08-21,,,,2026-08-21
688531,日联科技,2026-08-15,,,,2026-08-15
688536,思瑞浦,2026-08-20,,,,2026-08-20
688545,兴福电子,2026-08-18,,,,2026-08-18
688549,中巨芯,2026-08-08,,,,2026-08-08
688550,瑞联新材,2026-08-21,,,,2026-08-21
688551,科威尔,2026-08-22,,,,2026-08-22
688553,汇宇制药,2026-08-22,,,,2026-08-22
688557,兰剑智能,2026-08-21,,,,2026-08-21
688569,铁科轨道,2026-08-19,,,,2026-08-19
688578,艾力斯,2026-08-20,,,,2026-08-20
688579,地纬智能,2026-08-22,,,,2026-08-22
688581,安杰思,2026-08-07,,,,2026-08-07
688582,芯动联科,2026-08-18,,,,2026-08-18
688585,上纬新材,2026-08-25,2026-08-15,,,2026-08-15
688589,力合微,2026-08-21,,,,2026-08-21
688593,新相微,2026-08-22,,,,2026-08-22
688599,天合光能,2026-08-27,2026-08-07,,,2026-08-07
688600,皖仪科技,2026-08-11,,,,2026-08-11
688602,康鹏科技,2026-08-22,,,,2026-08-22
688608,恒玄科技,2026-08-20,,,,2026-08-20
688609,九联科技,2026-08-12,,,,2026-08-12
688610,埃科光电,2026-08-19,,,,2026-08-19
688612,威迈斯,2026-08-11,,,,2026-08-11
688615,合合信息,2026-08-20,,,,2026-08-20
688617,惠泰医疗,2026-08-20,,,,2026-08-20
688619,罗普特,2026-08-31,2026-08-22,,,2026-08-22
688623,双元科技,2026-08-15,,,,2026-08-15
688625,呈和科技,2026-08-31,2026-08-21,,,2026-08-21
688627,精智达,2026-08-29,2026-08-19,,,2026-08-19
688628,优利德,2026-08-15,,,,2026-08-15
688636,智明达,2026-08-20,,,,2026-08-20
688646,逸飞激光,2026-08-27,2026-08-18,,,2026-08-18
688656,浩欧博,2026-08-18,,,,2026-08-18
688657,浩辰软件,2026-08-15,,,,2026-08-15
688658,悦康药业,2026-08-21,,,,2026-08-21
688660,电气风电,2026-08-18,,,,2026-08-18
688662,富信科技,2026-08-19,,,,2026-08-19
688665,四方光电,2026-08-20,,,,2026-08-20
688667,菱电电控,2026-08-22,,,,2026-08-22
688668,鼎通科技,2026-08-25,2026-08-05,,,2026-08-05
688670,金迪克,2026-08-21,,,,2026-08-21
688676,金盘科技,2026-08-21,,,,2026-08-21
688677,海泰新光,2026-08-21,,,,2026-08-21
688683,莱尔科技,2026-08-19,,,,2026-08-19
688685,迈信林,2026-08-22,,,,2026-08-22
688686,奥普特,2026-08-20,,,,2026-08-20
688687,凯因科技,2026-08-22,,,,2026-08-22
688689,银河微电,2026-08-10,,,,2026-08-10
688699,明微电子,2026-08-15,,,,2026-08-15
688700,东威科技,2026-08-25,2026-08-08,,,2026-08-08
688707,振华新材,2026-08-22,,,,2026-08-22
688755,汉邦科技,2026-08-20,,,,2026-08-20
688766,普冉股份,2026-08-19,,,,2026-08-19
688778,厦钨新能,2026-08-20,,,,2026-08-20
688779,五矿新能,2026-08-18,,,,2026-08-18
688781,视涯科技,2026-08-21,,,,2026-08-21
688788,科思科技,2026-08-20,,,,2026-08-20
688795,摩尔线程,2026-08-10,,,,2026-08-10
688798,艾为电子,2026-08-20,,,,2026-08-20
688820,盛合晶微,2026-08-20,,,,2026-08-20
689009,九号公司,2026-08-11,,,,2026-08-11
900939,汇丽B,2026-08-15,,,,2026-08-15
920000,安徽凤凰,2026-08-24,2026-08-14,,,2026-08-14
920002,万达轴承,2026-08-20,2026-08-03,,,2026-08-03
920003,中诚咨询,2026-08-20,,,,2026-08-20
920005,鼎佳精密,2026-08-18,,,,2026-08-18
920007,酉立智能,2026-08-07,,,,2026-08-07
920010,凯添燃气,2026-08-20,,,,2026-08-20
920012,创达新材,2026-08-20,,,,2026-08-20
920015,锦华新材,2026-08-14,,,,2026-08-14
920016,中草香料,2026-08-21,,,,2026-08-21
920017,星昊医药,2026-08-10,,,,2026-08-10
920021,流金科技,2026-08-21,,,,2026-08-21
920023,*ST田野,2026-08-28,2026-08-21,2026-08-14,,2026-08-14
920026,卓兆点胶,2026-08-18,,,,2026-08-18
920027,交大铁发,2026-08-21,,,,2026-08-21
920035,精创电气,2026-08-17,,,,2026-08-17
920036,觅睿科技,2026-08-20,,,,2026-08-20
920045,蘅东光,2026-08-21,,,,2026-08-21
920050,爱伦医疗,2026-08-24,2026-07-31,,,2026-07-31
920061,西磁科技,2026-08-21,,,,2026-08-21
920065,千岸科技,2026-08-20,,,,2026-08-20
920066,科拜尔,2026-08-19,,,,2026-08-19
920077,吉林碳谷,2026-08-18,2026-08-10,,,2026-08-10
920080,奥美森,2026-08-20,,,,2026-08-20
920081,欧伦电气,2026-08-26,2026-08-14,,,2026-08-14
920086,科马材料,2026-08-20,,,,2026-08-20
920089,禾昌聚合,2026-08-10,,,,2026-08-10
920090,*ST同辉,2026-08-27,2026-08-20,,,2026-08-20
920096,嘉晨智能,2026-08-12,,,,2026-08-12
920099,瑞华技术,2026-08-21,,,,2026-08-21
920110,雷特科技,2026-08-18,,,,2026-08-18
920111,聚星科技,2026-08-20,,,,2026-08-20
920118,太湖远大,2026-08-20,,,,2026-08-20
920125,鸿仕达,2026-08-17,2026-08-07,,,2026-08-07
920139,华岭股份,2026-08-17,,,,2026-08-17
920145,恒合股份,2026-08-21,,,,2026-08-21
920152,昆工科技,2026-08-28,2026-08-20,,,2026-08-20
920165,珈凯生物,2026-08-20,,,,2026-08-20
920176,维琪科技,2026-08-21,,,,2026-08-21
920179,凯德石英,2026-08-27,2026-08-19,,,2026-08-19
920188,悦龙科技,2026-08-17,2026-08-11,,,2026-08-11
920189,康美特,2026-08-21,,,,2026-08-21
920190,雷神科技,2026-08-10,,,,2026-08-10
920191,瑞尔竞达,2026-08-18,,,,2026-08-18
920193,吉和昌,2026-08-12,,,,2026-08-12
920198,微创光电,2026-07-31,2026-08-06,,,2026-08-06
920200,振宏股份,2026-08-20,,,,2026-08-20
920206,彩客科技,2026-08-18,,,,2026-08-18
920207,众诚科技,2026-07-31,2026-08-06,,,2026-08-06
920208,青矩技术,2026-08-17,,,,2026-08-17
920212,智新电子,2026-08-18,,,,2026-08-18
920247,华密新材,2026-08-07,,,,2026-08-07
920249,利尔达,2026-08-19,,,,2026-08-19
920261,一诺威,2026-08-20,2026-08-07,,,2026-08-07
920262,太湖雪,2026-07-31,,,,2026-07-31
920266,生物谷,2026-08-28,2026-08-21,2026-08-10,,2026-08-10
920274,宏裕包材,2026-08-14,,,,2026-08-14
920275,驱动力,2026-08-28,2026-08-20,,,2026-08-20
920284,灵鸽科技,2026-08-21,,,,2026-08-21
920299,灿能电力,2026-08-21,,,,2026-08-21
920304,迪尔化工,2026-08-10,,,,2026-08-10
920371,欧福蛋业,2026-08-21,,,,2026-08-21
920394,民士达,2026-08-20,,,,2026-08-20
920396,常辅股份,2026-08-18,,,,2026-08-18
920402,硅烷科技,2026-08-28,2026-08-20,,,2026-08-20
920407,驰诚股份,2026-08-06,,,,2026-08-06
920418,苏轴股份,2026-08-17,,,,2026-08-17
920425,乐创技术,2026-08-20,,,,2026-08-20
920429,康比特,2026-08-14,,,,2026-08-14
920454,同心传动,2026-08-03,,,,2026-08-03
920469,富恒新材,2026-08-24,2026-08-21,,,2026-08-21
920471,美邦科技,2026-08-21,,,,2026-08-21
920475,三友科技,2026-08-07,,,,2026-08-07
920476,海能技术,2026-08-17,,,,2026-08-17
920478,峆一药业,2026-08-28,2026-08-21,,,2026-08-21
920489,佳先股份,2026-08-28,2026-08-21,,,2026-08-21
920509,同惠电子,2026-08-11,,,,2026-08-11
920510,丰光精密,2026-08-14,,,,2026-08-14
920526,凯华材料,2026-08-21,,,,2026-08-21
920527,夜光明,2026-08-26,2026-08-20,,,2026-08-20
920533,骏创科技,2026-08-20,,,,2026-08-20
920564,天润科技,2026-08-27,2026-08-21,,,2026-08-21
920571,国航远洋,2026-08-10,,,,2026-08-10
920575,*ST康乐,2026-08-28,2026-08-21,,,2026-08-21
920576,天力复合,2026-08-10,,,,2026-08-10
920579,机科股份,2026-08-28,2026-08-21,,,2026-08-21
920580,科创新材,2026-08-26,2026-08-12,,,2026-08-12
920656,海昇药业,2026-08-20,,,,2026-08-20
920663,明阳科技,2026-08-12,,,,2026-08-12
920665,科强股份,2026-08-21,,,,2026-08-21
920670,数字人,2026-08-21,,,,2026-08-21
920682,球冠电缆,2026-08-21,,,,2026-08-21
920694,中裕科技,2026-08-20,,,,2026-08-20
920703,广厦环能,2026-08-11,,,,2026-08-11
920718,合肥高科,2026-08-28,2026-08-20,,,2026-08-20
920719,宁新新材,2026-08-27,2026-08-19,,,2026-08-19
920726,朱老六,2026-08-20,,,,2026-08-20
920751,惠同新材,2026-08-10,,,,2026-08-10
920779,武汉蓝电,2026-08-20,,,,2026-08-20
920786,骑士乳业,2026-08-20,,,,2026-08-20
920790,联迪信息,2026-08-28,2026-08-21,,,2026-08-21
920799,艾融软件,2026-08-21,,,,2026-08-21
920802,保丽洁,2026-08-20,,,,2026-08-20
920809,安达科技,2026-08-18,2026-08-06,,,2026-08-06
920810,春光智能,2026-08-28,2026-08-21,,,2026-08-21
920819,颖泰生物,2026-08-14,,,,2026-08-14
920821,则成电子,2026-08-20,,,,2026-08-20
920839,万通液压,2026-08-20,,,,2026-08-20
920871,派特尔,2026-08-17,,,,2026-08-17
920885,星辰科技,2026-08-21,,,,2026-08-21
920914,远航精密,2026-08-21,,,,2026-08-21
920931,无锡鼎邦,2026-08-20,,,,2026-08-20
920932,科达自控,2026-08-26,2026-08-20,,,2026-08-20
920953,国子软件,2026-08-20,,,,2026-08-20
920961,创远信科,2026-08-28,2026-08-21,,,2026-08-21
920974,凯大催化,2026-08-20,2026-08-19,,,2026-08-19
920981,晶赛科技,2026-08-07,,,,2026-08-07
920985,海泰新能,2026-08-27,2026-08-18,,,2026-08-18
920992,中科美菱,2026-08-14,,,,2026-08-14
