code,name,g_q3_25,g_ann25,g_q1_26,g_h1_26,group,high_growth,ann_date,ret_5d,ret_20d,ret_40d
920071,金钛股份,63.62,51.99,37.38,12.87,decel,True,2026-08-07,,,
874391,金钛股份,63.62,51.99,37.38,12.87,decel,True,2026-08-07,,,
920080,奥美森,35.45,30.77,19.98,17.55,decel,False,2026-08-20,,,
600919,江苏银行,9.08,9.41,8.53,8.1,decel,False,2026-08-20,,,
301683,慧谷新材,53.09,44.58,7.58,3.0,decel,False,2026-08-24,,,
300199,翰宇药业,154.32,105.76,88.91,85.9,decel,True,2026-08-21,,,
833689,架桥资本,5344.37,866.11,698.55,492.58,decel,True,2026-08-21,,,
000831,中国稀土,186.01,210.57,108.81,55.49,decel,True,2026-08-08,7.590815627141878,,
688114,华大智造,54.17,40.2,38.9,20.62,decel,False,2026-08-22,,,
605319,无锡振华,27.9,24.84,7.86,2.98,decel,False,2026-08-21,,,
600578,京能电力,123.46,110.65,3.18,1.17,decel,True,2026-08-22,,,
688183,生益电子,526.11,348.72,122.83,110.29,decel,True,2026-08-15,,,
300905,宝丽迪,44.72,42.66,26.28,6.91,decel,False,2026-08-14,-6.120331950207469,,
300499,高澜股份,204.09,194.43,50.59,37.86,decel,True,2026-08-22,,,
300395,菲利华,60.61,46.19,41.49,34.57,decel,False,2026-08-21,,,
002997,瑞鹄模具,48.65,14.45,10.64,4.52,decel,False,2026-08-18,,,
600338,西藏珠峰,99.54,100.58,42.58,18.85,decel,True,2026-08-19,,,
688300,联瑞新材,19.72,16.44,8.46,4.42,decel,False,2026-08-15,,,
002391,长青股份,180.42,126.78,98.93,49.16,decel,True,2026-08-11,0.5780346820809079,,
920509,同惠电子,62.57,44.76,20.0,11.99,decel,False,2026-08-11,,,
920751,惠同新材,22.15,22.64,7.13,0.11,decel,False,2026-08-10,,,
688820,盛合晶微,,357.11,49.17,3.31,decel,True,2026-08-20,,,
600588,用友网络,0.28,21.64,7.75,6.34,decel,False,2026-08-22,,,
002664,信质集团,32.09,556.89,373.32,16.36,decel,True,2026-08-18,,,
002413,雷科防务,27.68,75.0,51.75,22.45,decel,True,2026-08-01,11.070110701106994,,
603049,中策橡胶,,22.15,6.69,5.79,decel,False,2026-08-18,,,
301310,鑫宏业,-0.62,19.27,10.02,6.45,decel,False,2026-08-20,,,
300557,理工光科,47.32,27.52,4.22,3.85,decel,False,2026-08-22,,,
002734,利民股份,1014.94,786.88,40.18,8.35,decel,True,2026-08-18,,,
001270,铖昌科技,310.06,336.93,51.48,35.76,decel,True,2026-08-11,6.960722913125172,,
001219,青岛食品,17.08,23.8,7.84,1.22,decel,False,2026-08-21,,,
688612,威迈斯,46.35,47.42,24.09,0.71,decel,False,2026-08-11,10.107858243451439,,
688499,利元亨,107.03,103.36,79.72,33.11,decel,True,2026-08-15,,,
603916,苏博特,15.25,25.54,20.37,14.01,decel,False,2026-08-20,,,
603293,埃泰克,16.14,15.71,1.79,1.32,decel,False,2026-08-18,,,
300409,道氏技术,205.95,300.15,183.8,34.33,decel,True,2026-07-25,6.937095825984718,,
001316,润贝航科,55.19,113.0,86.1,45.14,decel,True,2026-08-24,,,
920077,吉林碳谷,143.97,203.12,92.49,14.85,decel,True,2026-08-10,,,
688334,西高院,38.84,20.22,7.44,3.86,decel,False,2026-08-20,,,
688667,菱电电控,2456.57,1612.03,95.13,59.94,decel,True,2026-08-22,,,
688188,柏楚电子,21.96,25.07,20.89,20.2,decel,False,2026-08-18,,,
603256,宏和科技,5339.23,3542.9,401.36,350.88,decel,True,2026-08-14,-8.931119470748483,,
300394,天孚通信,50.44,50.42,48.44,36.76,decel,True,2026-08-19,,,
002246,北化股份,277.19,386.03,199.53,141.73,decel,True,2026-08-10,3.2305433186490484,,
688610,埃科光电,3473.22,1750.92,243.89,107.9,decel,True,2026-08-19,,,
688301,奕瑞科技,14.0,41.05,21.08,14.79,decel,False,2026-08-14,3.7410071942445944,,
605499,东鹏饮料,32.92,28.26,25.15,14.41,decel,False,2026-07-31,-9.639440765268581,,
605228,神通科技,666.65,450.69,403.71,34.92,decel,True,2026-07-23,-4.4061302681992265,0.3831417624521105,
600298,安琪酵母,15.02,16.19,14.46,7.02,decel,False,2026-08-15,,,
920274,宏裕包材,210.41,490.43,36.11,35.89,decel,True,2026-08-14,,,
688077,大地熊,69.13,273.71,213.86,185.02,decel,True,2026-08-18,,,
601068,中铝国际,-38.51,147.83,58.63,41.93,decel,True,2026-08-14,2.298850574712663,,
000970,中科三环,202.47,451.03,17.19,2.23,decel,True,2026-08-22,,,
603444,吉比特,97.48,97.39,91.39,67.77,decel,True,2026-08-14,-1.6628234691263177,,
688636,智明达,661.58,704.06,94.8,38.65,decel,True,2026-08-20,,,
688027,国盾量子,12.19,30.48,19.79,11.89,decel,False,2026-08-21,,,
000407,胜利股份,20.21,60.09,46.38,13.91,decel,True,2026-08-15,,,
688018,乐鑫科技,50.77,47.62,39.88,30.26,decel,False,2026-07-31,9.113924050632916,,
600388,紫金龙净,26.19,37.18,30.49,25.42,decel,False,2026-08-15,,,
002080,中材科技,269.72,234.52,79.74,35.54,decel,True,2026-08-18,,,
000423,东阿阿胶,8.27,13.62,7.69,4.1,decel,False,2026-08-21,,,
001210,金房能源,50.1,54.33,3.76,1.98,decel,True,2026-08-21,,,
000708,中信特钢,14.71,17.41,8.97,6.18,decel,False,2026-08-21,,,
688256,寒武纪,264.52,304.63,238.56,137.3,decel,True,2026-08-08,2.8469750889679624,,
603659,璞泰来,39.82,108.74,38.23,32.25,decel,True,2026-08-20,,,
002487,大金重工,247.77,148.68,73.86,4.57,decel,True,2026-08-22,,,
002107,沃华医药,187.87,168.2,62.05,54.34,decel,True,2026-07-16,-8.662613981762924,-4.103343465045595,
874885,鑫巨宏,58.89,97.0,340.09,378.29,accel,True,2026-08-07,,,
920193,吉和昌,,17.11,76.17,94.28,accel,True,2026-08-12,,,
874222,欣战江,,11.19,22.54,55.8,accel,False,2026-08-10,,,
688353,华盛锂电,26.07,73.82,362.64,437.39,accel,True,2026-08-20,,,
001258,立新能源,-1.54,55.94,137.18,1568.33,accel,True,2026-08-10,-0.5524861878453025,,
900921,金煤B股,53.28,43.61,68.96,125.85,accel,True,2026-07-18,0.0,0.0,
688021,奥福科技,88.37,103.31,296.68,338.73,accel,True,2026-08-22,,,
601360,三六零,82.71,102.96,131.7,151.56,accel,True,2026-08-20,,,
600844,金煤科技,53.28,43.61,68.96,125.85,accel,True,2026-07-18,3.424657534246589,20.547945205479444,
688779,五矿新能,73.5,139.37,214.22,812.61,accel,True,2026-08-18,,,
301060,兰卫医学,84.79,59.16,182.34,314.47,accel,True,2026-08-22,,,
000547,航天发展,13.25,12.65,37.16,39.41,accel,False,2026-08-20,,,
000520,凤凰航运,125.35,106.45,184.25,3200.73,accel,True,2026-08-20,,,
688072,拓荆科技,599.67,103.05,156.65,861.92,accel,True,2026-08-21,,,
605358,立昂微,-291.77,31.27,114.4,123.19,accel,True,2026-08-08,5.311934900542492,,
301308,江波龙,-3.62,674.08,2051.4,31096.33,accel,True,2026-08-11,-1.2742514970059848,,
301216,万凯新材,182.37,119.48,275.45,971.52,accel,True,2026-08-24,,,
300596,利安隆,27.66,19.23,24.08,24.12,accel,False,2026-08-18,,,
300497,富祥股份,5.52,72.74,366.63,644.83,accel,True,2026-08-12,-4.105090311986858,,
001287,中电港,74.96,69.17,146.04,194.68,accel,True,2026-08-21,,,
300214,日科化学,101.08,45.7,106.56,20526.31,accel,True,2026-08-21,,,
002115,三维通信,76.67,91.47,963.34,996.77,accel,True,2026-08-18,,,
000657,中钨高新,348.42,585.39,349.58,324.17,decel,True,2026-08-24,,,
688365,光云科技,70.98,59.47,132.9,179.02,accel,True,2026-08-22,,,
688053,ST思科瑞,-74.3,20.01,51.25,414.94,accel,True,2026-08-22,,,
600408,安泰集团,50.36,14.82,19.34,26.22,accel,False,2026-08-22,,,
600405,动力源,2.77,22.33,28.73,38.56,accel,False,2026-08-20,,,
600183,生益科技,81.25,89.54,93.51,110.99,accel,True,2026-08-15,,,
301321,翰博高新,73.58,52.61,111.93,151.03,accel,True,2026-08-22,,,
300676,华大基因,52.04,30.82,69.38,127.66,accel,True,2026-08-22,,,
002921,联诚精密,-7.08,8.15,81.63,86.79,accel,True,2026-08-22,,,
002902,铭普光磁,10.86,15.53,53.83,69.75,accel,True,2026-08-22,,,
002309,中利集团,58.36,86.05,61.69,21.29,decel,True,2026-08-15,,,
002142,宁波银行,8.22,7.81,10.16,12.38,accel,False,2026-08-20,,,
002057,中钢天源,62.2,4.52,2.79,1.9,decel,False,2026-08-21,,,
920017,星昊医药,13.6,1.56,24.63,34.49,accel,False,2026-08-10,,,
300153,科泰电源,74.94,22.38,57.7,131.84,accel,True,2026-08-20,,,
002799,环球印务,-184.3,53.57,134.99,247.01,accel,True,2026-08-12,-3.8961038961038863,,
001339,智微智能,54.28,18.39,177.69,324.6,accel,True,2026-07-18,2.309782608695654,18.682065217391308,
000519,中兵红箭,-5.92,109.31,142.38,199.38,accel,True,2026-08-21,,,
603171,税友股份,-7.64,7.96,33.28,44.04,accel,False,2026-08-21,,,
600889,*ST京化,16.07,60.3,85.29,122.72,accel,True,2026-08-18,,,
600233,圆通速递,-1.7,9.73,65.79,76.87,accel,True,2026-08-20,,,
600110,诺德股份,59.09,51.58,149.37,159.59,accel,True,2026-07-31,28.186274509803933,,
002293,罗莱生活,23.21,14.27,29.31,34.86,accel,False,2026-08-22,,,
000059,华锦股份,26.99,38.67,110.45,133.87,accel,True,2026-08-20,,,
920261,一诺威,45.86,3.17,21.65,26.82,accel,False,2026-08-07,,,
300667,必创科技,-94.68,30.38,83.13,117.01,accel,True,2026-08-20,,,
300270,中威电子,14.29,2.32,112.21,117.1,accel,True,2026-08-24,,,
300244,迪安诊断,-73.5,103.11,335.61,2685.6,accel,True,2026-08-21,,,
002384,东山精密,6.22,7.5,166.99,277.52,accel,True,2026-08-22,,,
688469,芯联集成,18.67,20.63,34.15,87.84,accel,False,2026-08-11,2.944383860414379,,
688146,中船特气,16.09,15.25,30.7,117.08,accel,False,2026-07-18,41.902390438247,54.437250996015926,
300285,国瓷材料,5.28,4.25,10.17,12.54,accel,False,2026-08-06,1.6263672999424328,,
300201,海伦哲,18.82,34.09,51.37,101.72,accel,True,2026-08-22,,,
688531,日联科技,41.54,51.34,63.17,83.9,accel,True,2026-08-15,,,
600936,北投科技,21.35,49.81,111.82,114.23,accel,True,2026-08-20,,,
600500,中化国际,5.79,43.1,63.58,65.22,accel,True,2026-08-08,5.2730696798493515,,
600078,澄星股份,72.36,75.29,175.03,453.64,accel,True,2026-08-18,,,
300738,奥飞数据,27.88,39.82,75.42,96.32,accel,True,2026-08-01,2.8365601080594383,,
300671,富满微,3.24,24.41,146.17,233.76,accel,True,2026-07-30,13.55365763089491,,
002693,双成药业,85.31,121.24,125.73,151.86,accel,True,2026-08-22,,,
002415,海康威视,10.06,15.98,37.44,40.5,accel,False,2026-07-25,2.60917330403736,,
000809,和展能源,30.87,31.06,113.82,121.19,accel,True,2026-08-21,,,
920802,保丽洁,13.92,10.73,13.75,20.32,accel,False,2026-08-20,,,
920726,朱老六,-12.0,8.16,119.53,164.68,accel,True,2026-08-20,,,
601177,杭齿前进,9.79,3.33,19.16,28.66,accel,False,2026-08-21,,,
920656,海昇药业,38.7,43.64,55.74,58.47,accel,True,2026-08-20,,,
002407,多氟多,59.26,124.45,1724.01,10407.55,accel,True,2026-08-18,,,
600346,恒力石化,-9.54,14.21,94.27,132.35,accel,True,2026-08-20,,,
600203,福日电子,134.5,83.0,194.25,755.9,accel,True,2026-08-11,-0.09842519685039353,,
301563,云汉芯城,,9.84,181.77,219.23,accel,True,2026-08-19,,,
300243,瑞丰高材,-24.88,70.07,251.98,403.54,accel,True,2026-07-28,4.672897196261672,,
002169,智光电气,56.75,49.72,161.6,175.78,accel,True,2026-08-24,,,
000736,中交发展,-6.98,67.65,100.44,101.44,accel,True,2026-08-20,,,
688475,萤石网络,6.22,8.33,29.39,34.39,accel,False,2026-07-25,4.033092037228525,,
688035,德邦科技,26.31,19.14,22.57,44.12,accel,False,2026-08-11,17.075163398692816,,
600312,平高电气,15.13,10.1,14.45,20.76,accel,False,2026-08-20,,,
874111,兢强科技,6.49,5.52,19.76,33.21,accel,False,2026-08-07,,,
688309,恒誉科技,461.73,123.46,446.0,971.11,accel,True,2026-08-11,1.3903743315508033,,
688002,睿创微纳,50.83,106.69,253.6,275.38,accel,True,2026-08-18,,,
300693,盛弘股份,2.47,11.56,25.01,50.45,accel,False,2026-08-11,1.800775017095968,,
920125,鸿仕达,,23.08,123.21,1706.25,accel,True,2026-08-07,,,
600601,方正科技,85.88,91.53,225.51,237.92,accel,True,2026-08-20,,,
688041,海光信息,23.18,26.92,34.99,49.67,accel,False,2026-08-14,-12.377664685575995,,
002083,孚日股份,-8.96,33.07,33.43,57.67,accel,False,2026-08-18,,,
600885,宏发股份,17.57,8.44,18.22,18.97,accel,False,2026-07-30,3.0733545955349273,,
688063,派能科技,-31.4,64.5,102.05,203.8,accel,True,2026-08-22,,,
601579,会稽山,8.28,32.06,24.08,16.77,decel,False,2026-08-22,,,
688012,中微公司,9.01,11.64,60.09,108.36,accel,True,2026-08-20,,,
603986,兆易创新,34.04,42.57,529.9,796.9,accel,True,2026-08-19,,,
300283,温州宏丰,121.3,148.02,450.46,782.25,accel,True,2026-08-07,-7.485604606525909,,
002747,埃斯顿,101.91,100.87,364.53,498.64,accel,True,2026-08-22,,,
000833,粤桂股份,93.16,70.82,85.23,184.67,accel,True,2026-08-24,,,
920571,国航远洋,-151.52,31.0,176.26,375.51,accel,True,2026-08-10,,,
601869,长飞光纤,-8.15,40.56,966.44,1680.48,accel,True,2026-08-22,,,
601377,兴业证券,92.81,39.98,42.65,61.39,accel,False,2026-08-20,,,
300127,银河磁体,26.37,19.63,39.24,41.99,accel,False,2026-08-22,,,
003022,联泓新科,55.14,64.45,109.12,165.95,accel,True,2026-08-18,,,
002406,远东传动,47.35,55.13,76.88,102.88,accel,True,2026-08-18,,,
001389,广合科技,46.71,45.66,67.88,96.71,accel,True,2026-08-08,2.2824536376604865,,
600719,大连热电,3.82,29.83,56.77,205.07,accel,True,2026-08-14,-6.25832223701731,,
600030,中信证券,37.41,40.51,58.5,73.97,accel,True,2026-08-21,,,
301377,鼎泰高科,79.94,102.53,284.74,353.28,accel,True,2026-08-20,,,
000989,九芝堂,-39.62,4.06,36.11,70.36,accel,False,2026-08-20,,,
601168,西部矿业,4.83,22.77,105.82,129.65,accel,True,2026-07-30,8.403819918144606,,
600318,新力金融,19.85,14.62,15.72,28.74,accel,False,2026-08-12,-5.381165919282516,,
688617,惠泰医疗,18.5,23.0,24.72,28.71,accel,False,2026-08-20,,,
688781,视涯科技,15.36,18.05,40.06,59.24,accel,False,2026-08-21,,,
600176,中国巨石,125.91,94.7,71.43,70.93,decel,True,2026-08-21,,,
300483,首华燃气,92.46,123.05,165.97,2939.56,accel,True,2026-08-24,,,
300059,东方财富,52.47,25.94,36.95,47.13,accel,False,2026-08-22,,,
300268,佳沃食品,37.39,54.8,95.47,98.88,accel,True,2026-08-24,,,
688045,必易微,68.17,92.43,169.39,313.62,accel,True,2026-08-15,,,
603929,亚翔集成,0.8,37.9,202.36,205.75,accel,True,2026-07-31,10.909213271418006,,
