code,date,open,close,high,low,volume
300373,2026-04-01,68.800,70.170,70.680,68.390,152589.000
300373,2026-04-02,73.000,71.240,73.270,70.460,150504.000
300373,2026-04-03,72.520,71.670,73.960,71.530,128940.000
300373,2026-04-07,72.240,70.290,72.780,70.100,102444.000
300373,2026-04-08,73.300,77.300,77.360,72.890,186387.000
300373,2026-04-09,76.510,77.120,77.880,75.500,123891.000
300373,2026-04-10,77.850,77.450,79.130,77.340,114627.000
300373,2026-04-13,77.080,76.980,78.220,75.800,88082.000
300373,2026-04-14,77.580,77.880,79.100,76.970,116110.000
300373,2026-04-15,78.420,76.040,78.420,75.640,111270.000
300373,2026-04-16,76.460,77.260,77.480,76.030,90430.000
300373,2026-04-17,77.050,78.190,78.430,76.470,100984.000
300373,2026-04-20,79.500,81.280,83.250,79.440,188152.000
300373,2026-04-21,80.920,80.890,81.650,79.260,128571.000
300373,2026-04-22,81.010,82.500,82.600,80.890,133809.000
300373,2026-04-23,82.860,81.660,84.280,80.980,134409.000
300373,2026-04-24,82.100,82.350,84.000,82.000,135998.000
300373,2026-04-27,76.500,78.630,79.090,73.100,279159.000
300373,2026-04-28,77.300,77.290,80.070,76.400,186997.000
300373,2026-04-29,76.650,77.390,78.070,74.300,167289.000
300373,2026-04-30,77.210,75.380,77.970,74.400,192176.000
300373,2026-05-06,76.650,77.960,80.160,76.630,218747.000
300373,2026-05-07,78.300,78.460,79.250,76.480,191344.000
300373,2026-05-08,77.800,76.640,77.990,74.880,207339.000
300373,2026-05-11,77.800,77.730,78.980,76.500,254550.000
300373,2026-05-12,77.730,78.400,78.460,74.880,251915.000
300373,2026-05-13,76.880,83.120,83.470,75.800,313231.000
300373,2026-05-14,84.220,84.000,85.800,82.010,349303.000
300373,2026-05-15,84.320,82.890,85.440,80.310,313641.000
300373,2026-05-18,82.210,81.400,83.360,80.100,221900.000
300373,2026-05-19,80.390,79.610,80.880,76.370,223872.000
300373,2026-05-20,79.000,83.710,83.710,78.900,248703.000
300373,2026-05-21,84.780,77.610,84.780,77.500,279160.000
300373,2026-05-22,79.510,86.380,88.000,79.360,420155.000
300373,2026-05-25,89.390,95.240,96.300,86.880,441524.000
300373,2026-05-26,93.900,97.900,99.770,90.610,407324.000
300373,2026-05-27,101.900,110.020,114.860,101.200,516596.000
300373,2026-05-28,110.800,114.300,118.000,108.130,415839.000
300373,2026-05-29,114.000,107.120,115.410,106.000,372979.000
300373,2026-06-01,105.210,99.250,107.030,98.780,339072.000
300373,2026-06-02,99.380,101.500,103.980,96.100,277013.000
300373,2026-06-03,107.230,105.820,111.230,103.950,334634.000
300373,2026-06-04,104.000,105.500,108.960,103.000,221875.000
300373,2026-06-05,104.190,102.870,108.660,101.310,226643.000
300373,2026-06-08,97.730,94.460,98.780,93.180,238394.000
300373,2026-06-09,97.960,107.880,108.000,95.350,272519.000
300373,2026-06-10,103.010,100.400,105.880,99.020,209643.000
300373,2026-06-11,99.010,100.190,102.980,98.500,174159.000
300373,2026-06-12,104.200,96.680,105.880,95.750,255533.000
300373,2026-06-15,98.770,105.150,105.980,94.720,281675.000
300373,2026-06-16,107.000,108.800,113.000,105.350,311039.000
300373,2026-06-17,108.000,114.100,115.000,106.660,373853.000
300373,2026-06-18,113.500,123.130,126.120,111.880,371698.000
300373,2026-06-22,130.000,128.110,133.070,123.320,400348.000
300373,2026-06-23,128.000,132.960,136.500,127.000,399932.000
300373,2026-06-24,130.000,132.990,142.720,129.000,432214.000
300373,2026-06-25,132.030,137.450,138.000,129.260,363205.000
300373,2026-06-26,133.880,135.760,142.670,129.510,333740.000
300373,2026-06-29,145.240,149.950,155.950,141.190,405740.000
300373,2026-06-30,153.000,157.230,159.880,142.250,348785.000
300373,2026-07-01,154.960,152.000,162.000,147.960,319294.000
300373,2026-07-02,145.500,135.590,146.970,135.000,299367.000
300373,2026-07-03,134.000,129.460,138.000,128.000,258565.000
300373,2026-07-06,131.500,131.440,134.290,125.010,239161.000
300373,2026-07-07,129.440,134.900,139.580,127.300,259905.000
300373,2026-07-08,135.300,128.040,136.880,122.600,232924.000
300373,2026-07-09,130.880,136.620,136.830,123.910,265525.000
300373,2026-07-10,135.500,118.670,139.130,118.100,376695.000
300373,2026-07-13,117.520,113.310,120.990,112.500,304408.000
300373,2026-07-14,115.000,113.300,115.440,105.270,305305.000
300373,2026-07-15,114.300,105.560,114.580,105.110,203784.000
300373,2026-07-16,103.880,101.700,109.080,100.310,190301.000
300373,2026-07-17,103.000,93.070,103.000,92.570,209778.000
300373,2026-07-20,95.050,86.900,96.000,84.500,271084.000
300373,2026-07-21,88.500,98.510,99.440,83.000,273638.000
300373,2026-07-22,96.000,96.300,102.300,95.880,293018.000
300373,2026-07-23,97.000,93.140,97.950,91.640,160003.000
300373,2026-07-24,91.830,90.600,93.390,89.120,141836.000
300373,2026-07-27,90.600,93.220,93.580,87.170,144198.000
300373,2026-07-28,90.000,84.800,91.940,83.840,182415.000
300373,2026-07-29,85.990,87.600,87.760,80.380,197913.000
300373,2026-07-30,86.010,81.930,87.970,80.570,162633.000
300373,2026-07-31,89.000,83.920,90.000,83.890,202706.000
300373,2026-08-03,83.000,79.980,84.400,79.630,147987.000
300373,2026-08-04,81.980,86.800,87.970,80.920,195862.000
300373,2026-08-05,86.760,91.010,93.230,86.470,225204.000
300373,2026-08-06,90.000,94.030,95.550,89.300,211326.000
300373,2026-08-07,93.890,96.930,98.550,92.500,172745.000
300373,2026-08-10,97.010,94.110,97.600,92.370,144354.000
300373,2026-08-11,93.500,96.200,99.200,92.770,156454.000
300373,2026-08-12,97.780,96.640,97.780,94.880,97874.000
300373,2026-08-13,98.000,95.550,99.870,95.530,144839.000
300373,2026-08-14,96.890,96.380,97.310,94.510,89921.000
300373,2026-08-17,96.190,99.780,99.780,96.000,124888.000
300373,2026-08-18,100.900,102.200,102.970,97.760,193359.000
300373,2026-08-19,98.860,101.490,108.250,97.810,327858.000
300373,2026-08-20,100.000,96.290,100.310,94.020,255332.000
300373,2026-08-21,94.550,103.040,103.500,94.500,251295.000
600012,2026-04-01,14.870,14.580,14.930,14.540,43387.000
600012,2026-04-02,14.570,14.680,14.710,14.490,30301.000
600012,2026-04-03,14.740,14.290,14.750,14.160,72063.000
600012,2026-04-07,14.430,13.790,14.460,13.690,58887.000
600012,2026-04-08,13.880,14.100,14.230,13.570,100804.000
600012,2026-04-09,14.030,14.180,14.290,13.940,56871.000
600012,2026-04-10,14.220,14.140,14.260,13.940,57002.000
600012,2026-04-13,14.190,14.400,14.430,13.970,66534.000
600012,2026-04-14,14.400,14.620,14.770,14.290,58690.000
600012,2026-04-15,14.670,15.040,15.100,14.300,70667.000
600012,2026-04-16,15.040,15.020,15.290,14.970,62345.000
600012,2026-04-17,15.060,14.740,15.070,14.700,30517.000
600012,2026-04-20,14.800,14.930,15.020,14.640,44461.000
600012,2026-04-21,15.010,15.140,15.410,14.970,60557.000
600012,2026-04-22,15.100,15.150,15.340,15.010,41447.000
600012,2026-04-23,15.230,15.520,15.540,15.160,51741.000
600012,2026-04-24,15.440,15.520,15.610,15.390,39426.000
600012,2026-04-27,15.560,15.300,15.610,15.150,40736.000
600012,2026-04-28,15.100,15.450,15.540,15.100,37493.000
600012,2026-04-29,15.470,15.150,15.600,15.110,41003.000
600012,2026-04-30,15.190,15.000,15.320,14.870,43017.000
600012,2026-05-06,15.060,15.140,15.230,14.900,60360.000
600012,2026-05-07,15.180,14.840,15.190,14.800,29501.000
600012,2026-05-08,14.840,15.080,15.140,14.750,35329.000
600012,2026-05-11,15.120,15.280,15.290,14.870,46361.000
600012,2026-05-12,15.220,15.380,15.500,15.090,36022.000
600012,2026-05-13,15.420,15.260,15.460,15.050,36878.000
600012,2026-05-14,15.160,15.240,15.350,15.150,26905.000
600012,2026-05-15,15.190,15.220,15.350,14.990,38695.000
600012,2026-05-18,15.040,14.980,15.190,14.870,37245.000
600012,2026-05-19,14.850,15.270,15.360,14.850,33233.000
600012,2026-05-20,15.390,15.400,15.590,15.270,30932.000
600012,2026-05-21,15.410,15.550,15.680,15.250,48960.000
600012,2026-05-22,15.540,15.060,15.550,14.940,54893.000
600012,2026-05-25,15.060,15.340,15.390,14.750,41305.000
600012,2026-05-26,15.260,15.740,15.870,15.150,70739.000
600012,2026-05-27,15.740,15.770,15.790,15.510,49450.000
600012,2026-05-28,15.700,15.820,15.940,15.580,47733.000
600012,2026-05-29,15.840,16.170,16.190,15.760,48536.000
600012,2026-06-01,15.750,16.340,16.410,15.450,73574.000
600012,2026-06-02,16.300,16.940,17.020,16.170,67148.000
600012,2026-06-03,16.850,15.550,16.850,15.490,103410.000
600012,2026-06-04,15.640,15.790,16.020,15.550,80809.000
600012,2026-06-05,15.830,15.220,16.000,15.120,77883.000
600012,2026-06-08,15.430,15.510,15.540,15.230,58571.000
600012,2026-06-09,15.540,16.010,16.150,15.370,62144.000
600012,2026-06-10,16.050,16.500,16.540,15.960,64402.000
600012,2026-06-11,16.330,16.120,16.730,15.990,94791.000
600012,2026-06-12,16.420,15.800,16.440,15.520,127023.000
600012,2026-06-15,15.920,15.870,15.970,15.430,88581.000
600012,2026-06-16,15.810,15.240,15.810,15.060,66010.000
600012,2026-06-17,15.310,15.570,15.590,15.170,35907.000
600012,2026-06-18,15.460,15.620,15.620,15.300,30508.000
600012,2026-06-22,15.490,14.780,15.610,14.610,72001.000
600012,2026-06-23,14.790,15.040,15.170,14.620,49055.000
600012,2026-06-24,15.190,14.860,15.480,14.840,53026.000
600012,2026-06-25,14.900,14.790,14.930,14.570,36324.000
600012,2026-06-26,14.880,15.280,15.590,14.680,50468.000
600012,2026-06-29,15.320,15.340,15.440,14.840,42684.000
600012,2026-06-30,15.180,15.100,15.520,14.920,38660.000
600012,2026-07-01,14.900,15.240,15.540,14.650,44730.000
600012,2026-07-02,15.160,15.320,15.640,14.910,40445.000
600012,2026-07-03,15.380,15.650,15.770,15.230,36584.000
600012,2026-07-06,15.460,16.170,16.330,15.380,53295.000
600012,2026-07-07,16.300,16.260,16.430,15.720,52159.000
600012,2026-07-08,16.170,16.640,16.690,16.040,40255.000
600012,2026-07-09,16.640,16.440,16.720,16.220,45595.000
600012,2026-07-10,16.360,15.960,16.470,15.860,51406.000
600012,2026-07-13,16.020,16.220,16.330,15.760,51517.000
600012,2026-07-14,16.210,16.140,16.480,15.950,46296.000
600012,2026-07-15,15.950,16.150,16.370,15.790,51324.000
600012,2026-07-16,16.120,16.260,16.420,16.040,38020.000
600012,2026-07-17,16.270,16.590,17.020,16.220,70282.000
600012,2026-07-20,16.540,18.120,18.190,16.520,96742.000
600012,2026-07-21,17.900,17.400,18.910,17.030,142769.000
600012,2026-07-22,17.140,17.490,17.590,16.540,98691.000
600012,2026-07-23,17.290,17.330,17.620,16.880,68933.000
600012,2026-07-24,17.040,17.210,17.590,16.970,67926.000
600012,2026-07-27,17.210,17.800,18.140,17.040,77535.000
600012,2026-07-28,17.790,18.420,18.540,17.300,95547.000
600012,2026-07-29,18.230,17.680,18.640,17.240,118977.000
600012,2026-07-30,17.720,17.500,17.740,17.020,88803.000
600012,2026-07-31,17.000,17.000,17.300,16.600,113052.000
600012,2026-08-03,16.890,16.970,17.170,16.600,86642.000
600012,2026-08-04,16.920,16.640,17.050,16.520,73489.000
600012,2026-08-05,16.630,16.310,16.630,16.140,79065.000
600012,2026-08-06,16.220,16.040,16.310,15.810,94121.000
600012,2026-08-07,15.980,16.120,16.300,15.800,93872.000
600012,2026-08-10,15.960,15.890,16.120,15.820,67356.000
600012,2026-08-11,16.060,16.080,16.300,15.850,84993.000
600012,2026-08-12,16.050,16.500,16.510,15.870,94155.000
600012,2026-08-13,16.400,16.480,16.540,16.230,75583.000
600012,2026-08-14,16.440,16.150,16.480,16.100,57967.000
600012,2026-08-17,16.070,15.920,16.130,15.850,48819.000
600012,2026-08-18,15.910,15.840,16.070,15.690,49539.000
600012,2026-08-19,15.870,15.870,16.230,15.770,59970.000
600012,2026-08-20,15.870,15.650,16.000,15.550,53367.000
600012,2026-08-21,15.700,15.500,15.800,15.470,40217.000
600988,2026-04-01,44.180,45.030,46.010,44.180,824689.000
600988,2026-04-02,44.680,44.680,45.710,42.690,893075.000
600988,2026-04-03,44.610,44.930,44.960,43.740,425046.000
600988,2026-04-07,44.280,43.370,44.970,43.160,526737.000
600988,2026-04-08,45.860,47.040,47.170,45.400,816861.000
600988,2026-04-09,45.180,45.530,46.280,45.170,523779.000
600988,2026-04-10,45.980,44.760,46.080,44.610,383089.000
600988,2026-04-13,44.480,43.860,44.640,43.380,403747.000
600988,2026-04-14,44.620,43.690,44.640,43.280,345388.000
600988,2026-04-15,44.670,42.980,44.880,42.870,370813.000
600988,2026-04-16,43.480,43.780,43.980,42.280,384944.000
600988,2026-04-17,43.040,43.100,43.630,42.830,322408.000
600988,2026-04-20,42.700,43.920,44.300,42.700,402885.000
600988,2026-04-21,43.910,44.010,44.460,42.930,264431.000
600988,2026-04-22,43.640,42.900,43.930,42.730,388593.000
600988,2026-04-23,42.490,40.850,42.570,39.980,595936.000
600988,2026-04-24,40.680,40.370,40.840,39.240,353275.000
600988,2026-04-27,39.680,38.660,40.280,38.500,534300.000
600988,2026-04-28,38.520,37.050,38.900,36.960,442783.000
600988,2026-04-29,36.900,38.560,38.750,36.750,541234.000
600988,2026-04-30,37.990,37.680,38.560,37.290,412085.000
600988,2026-05-06,38.240,40.790,40.960,37.360,883681.000
600988,2026-05-07,41.520,42.040,42.670,41.290,691037.000
600988,2026-05-08,41.530,44.080,44.560,41.320,690784.000
600988,2026-05-11,43.230,41.720,43.230,40.990,791050.000
600988,2026-05-12,42.340,40.630,42.930,40.410,545031.000
600988,2026-05-13,40.600,40.480,41.410,39.940,463057.000
600988,2026-05-14,40.230,39.360,40.640,39.360,431872.000
600988,2026-05-15,38.540,37.320,38.540,36.930,644465.000
600988,2026-05-18,36.340,36.340,36.580,35.640,597063.000
600988,2026-05-19,36.350,35.940,36.860,35.720,368666.000
600988,2026-05-20,35.150,35.360,35.560,34.310,571170.000
600988,2026-05-21,36.250,34.180,36.650,34.150,459372.000
600988,2026-05-22,34.230,34.830,35.250,33.760,347791.000
600988,2026-05-25,35.880,35.710,36.820,35.250,433081.000
600988,2026-05-26,34.940,37.850,38.110,34.510,711693.000
600988,2026-05-27,37.250,35.740,38.000,35.610,454529.000
600988,2026-05-28,35.150,34.000,35.590,33.740,497378.000
600988,2026-05-29,35.000,33.370,35.100,33.230,478838.000
600988,2026-06-01,33.360,33.500,33.970,32.900,337448.000
600988,2026-06-02,33.550,34.150,34.420,32.410,480893.000
600988,2026-06-03,33.300,33.450,33.930,32.810,349435.000
600988,2026-06-04,33.280,32.230,33.400,31.920,419701.000
600988,2026-06-05,32.020,31.360,32.180,31.150,322847.000
600988,2026-06-08,29.750,29.200,30.280,28.900,714710.000
600988,2026-06-09,29.500,29.370,29.660,28.570,416306.000
600988,2026-06-10,28.200,28.170,28.790,27.710,612309.000
600988,2026-06-11,27.610,28.260,28.870,27.510,425502.000
600988,2026-06-12,29.260,30.370,30.930,28.810,954485.000
600988,2026-06-15,32.490,32.630,33.380,31.960,858661.000
600988,2026-06-16,32.600,31.980,32.730,31.650,401603.000
600988,2026-06-17,32.400,32.500,32.520,31.720,373596.000
600988,2026-06-18,31.640,30.590,32.500,30.540,604830.000
600988,2026-06-22,30.330,31.090,31.160,29.300,619449.000
600988,2026-06-23,30.360,27.980,30.660,27.980,680996.000
600988,2026-06-24,27.500,28.190,28.380,27.280,553243.000
600988,2026-06-25,27.180,26.620,27.290,26.530,688607.000
600988,2026-06-26,26.800,25.930,26.900,25.000,600244.000
600988,2026-06-29,25.800,26.680,26.880,25.350,624562.000
600988,2026-06-30,25.700,26.320,26.420,25.680,517739.000
600988,2026-07-01,26.000,25.810,26.390,25.510,490962.000
600988,2026-07-02,26.640,28.390,28.390,26.640,673026.000
600988,2026-07-03,30.370,31.230,31.230,29.860,372467.000
600988,2026-07-06,31.230,31.600,33.590,31.230,1483166.000
600988,2026-07-07,30.310,30.420,31.490,30.230,714000.000
600988,2026-07-08,30.030,31.320,32.050,29.500,903481.000
600988,2026-07-09,29.900,31.350,31.490,29.900,663506.000
600988,2026-07-10,31.810,32.840,33.640,30.450,861807.000
600988,2026-07-13,31.600,32.330,33.130,31.070,648712.000
600988,2026-07-14,31.690,34.950,35.080,30.880,859098.000
600988,2026-07-15,33.940,33.400,35.350,33.390,827023.000
600988,2026-07-16,32.810,34.620,35.610,32.780,636745.000
600988,2026-07-17,34.170,31.740,34.560,31.160,887527.000
600988,2026-07-20,31.250,32.250,33.200,30.930,606365.000
600988,2026-07-21,33.100,35.480,35.480,32.810,811912.000
600988,2026-07-22,36.820,38.220,39.030,36.590,1084722.000
600988,2026-07-23,38.230,38.830,40.780,37.220,1096695.000
600988,2026-07-24,36.350,36.490,37.870,35.000,831977.000
600988,2026-07-27,37.800,38.140,38.560,36.030,749888.000
600988,2026-07-28,37.090,37.290,37.500,36.220,508178.000
600988,2026-07-29,36.700,37.860,38.340,36.570,510380.000
600988,2026-07-30,38.960,37.170,39.990,37.000,777590.000
600988,2026-07-31,37.600,39.560,40.790,37.500,897949.000
600988,2026-08-03,38.200,38.860,39.340,36.890,533706.000
600988,2026-08-04,38.530,37.750,38.850,37.150,635509.000
600988,2026-08-05,38.200,40.840,41.000,37.570,733872.000
600988,2026-08-06,43.530,41.300,43.600,41.080,882901.000
600988,2026-08-07,41.020,42.090,42.090,40.200,774417.000
600988,2026-08-10,41.900,43.730,44.180,40.680,817378.000
600988,2026-08-11,44.800,40.300,45.990,39.800,1220211.000
600988,2026-08-12,40.310,40.980,41.200,39.800,687519.000
600988,2026-08-13,41.000,38.660,41.530,38.600,789240.000
600988,2026-08-14,37.670,39.780,39.990,37.500,558126.000
600988,2026-08-17,40.500,40.780,41.540,40.190,404548.000
600988,2026-08-18,41.050,42.210,42.680,40.790,514787.000
600988,2026-08-19,40.800,42.720,43.700,40.660,611302.000
600988,2026-08-20,45.000,46.100,46.990,44.550,1026165.000
600988,2026-08-21,46.980,49.430,49.880,46.110,1013615.000
688097,2026-04-01,53.882,55.012,57.232,53.682,9545419.000
688097,2026-04-02,53.852,54.872,57.182,53.852,6879984.000
688097,2026-04-03,55.672,57.352,58.022,54.932,10513989.000
688097,2026-04-07,58.402,59.472,60.512,56.922,21016100.000
688097,2026-04-08,60.852,61.232,62.432,58.062,22389803.000
688097,2026-04-09,59.862,63.372,65.752,59.862,17318920.000
688097,2026-04-10,63.852,62.532,64.032,61.792,12317594.000
688097,2026-04-13,61.102,64.752,66.032,60.172,16281030.000
688097,2026-04-14,66.362,65.462,67.852,64.382,14554974.000
688097,2026-04-15,66.562,63.742,66.592,63.152,13077290.000
688097,2026-04-16,63.732,63.682,64.552,62.132,11136012.000
688097,2026-04-17,65.072,65.452,69.112,64.572,15668768.000
688097,2026-04-20,65.522,65.712,66.642,63.522,11732132.000
688097,2026-04-21,65.332,66.372,67.212,63.952,10557639.000
688097,2026-04-22,63.522,64.802,65.512,60.952,18195550.000
688097,2026-04-23,65.372,63.212,66.312,61.812,11818488.000
688097,2026-04-24,62.852,60.812,63.592,60.282,12375450.000
688097,2026-04-27,58.852,58.952,59.752,57.732,12381036.000
688097,2026-04-28,58.202,57.732,59.022,57.292,6910957.000
688097,2026-04-29,57.352,57.262,58.432,56.512,7790045.000
688097,2026-04-30,57.582,57.632,58.752,57.052,7391468.000
688097,2026-05-06,59.072,57.922,59.832,57.672,10314272.000
688097,2026-05-07,57.892,60.622,60.952,57.202,8840645.000
688097,2026-05-08,59.622,60.812,61.462,58.672,7270422.000
688097,2026-05-11,61.712,62.252,62.632,59.502,11983449.000
688097,2026-05-12,62.222,63.712,65.072,59.932,14929652.000
688097,2026-05-13,62.712,63.272,65.832,61.202,10861070.000
688097,2026-05-14,63.852,65.812,67.522,63.842,14678738.000
688097,2026-05-15,66.652,61.952,66.832,60.562,14307391.000
688097,2026-05-18,60.352,62.652,63.512,60.332,9159093.000
688097,2026-05-19,63.092,62.802,63.742,58.852,9099375.000
688097,2026-05-20,62.852,63.242,63.952,61.192,6935530.000
688097,2026-05-21,63.482,57.832,63.622,57.422,11635625.000
688097,2026-05-22,58.792,59.382,60.852,58.182,9457032.000
688097,2026-05-25,60.452,60.352,61.952,57.932,9194044.000
688097,2026-05-26,61.352,58.352,61.842,56.862,8900330.000
688097,2026-05-27,59.152,57.332,59.522,57.052,7709243.000
688097,2026-05-28,57.732,59.462,61.512,57.042,10059533.000
688097,2026-05-29,61.482,60.132,64.402,59.422,14389979.000
688097,2026-06-01,60.122,58.852,62.352,57.422,11934856.000
688097,2026-06-02,59.102,64.772,66.432,58.712,17645950.000
688097,2026-06-03,68.512,72.522,77.752,68.512,29168500.000
688097,2026-06-04,70.352,71.692,74.682,69.752,16905750.000
688097,2026-06-05,71.352,68.872,72.042,67.742,14905328.000
688097,2026-06-08,65.532,65.162,68.852,63.862,13008669.000
688097,2026-06-09,66.352,68.462,69.242,64.512,12680537.000
688097,2026-06-10,67.722,65.752,67.782,64.152,10405790.000
688097,2026-06-11,65.852,63.422,66.822,62.562,8693472.000
688097,2026-06-12,64.352,62.532,67.812,61.842,13184222.000
688097,2026-06-15,62.482,67.032,67.082,62.462,11548926.000
688097,2026-06-16,67.132,67.732,68.362,66.352,10346853.000
688097,2026-06-17,67.852,69.692,70.752,67.032,12656126.000
688097,2026-06-18,69.562,70.832,71.452,68.532,9823579.000
688097,2026-06-22,71.882,63.152,71.882,61.362,23327125.000
688097,2026-06-23,63.182,62.002,63.652,60.332,10056018.000
688097,2026-06-24,60.852,62.512,63.242,59.352,11066665.000
688097,2026-06-25,62.072,63.362,64.512,60.652,9240066.000
688097,2026-06-26,61.852,58.902,62.432,57.842,11143354.000
688097,2026-06-29,58.902,57.952,62.002,56.882,9671799.000
688097,2026-06-30,57.912,62.902,63.072,57.912,11067327.000
688097,2026-07-01,63.152,62.312,65.302,61.852,9505418.000
688097,2026-07-02,61.352,59.842,63.662,59.222,7689753.000
688097,2026-07-03,60.842,61.812,63.232,59.282,6954340.000
688097,2026-07-06,61.852,57.872,62.052,57.522,8070094.000
688097,2026-07-07,57.812,56.772,58.652,55.922,6053990.000
688097,2026-07-08,56.632,54.722,57.202,53.802,7536522.000
688097,2026-07-09,55.302,57.002,57.332,52.852,8022160.000
688097,2026-07-10,57.012,54.512,58.822,54.452,6715151.000
688097,2026-07-13,53.962,49.752,54.452,49.422,8848400.000
688097,2026-07-14,50.432,50.852,52.042,49.412,5845658.000
688097,2026-07-15,51.112,49.922,52.382,49.352,5613392.000
688097,2026-07-16,49.352,48.082,50.872,47.752,5205536.000
688097,2026-07-17,47.602,44.862,47.902,44.132,7691221.000
688097,2026-07-20,46.800,43.150,46.920,41.020,9816620.000
688097,2026-07-21,44.130,45.200,45.600,40.370,8901270.000
688097,2026-07-22,44.460,42.800,45.350,42.710,7608110.000
688097,2026-07-23,42.800,42.620,44.100,42.460,5867164.000
688097,2026-07-24,41.950,41.670,42.800,41.030,5044639.000
688097,2026-07-27,42.430,43.610,43.770,41.100,5289736.000
688097,2026-07-28,43.580,41.380,43.580,41.140,4817930.000
688097,2026-07-29,40.950,40.510,42.180,39.370,7424684.000
688097,2026-07-30,40.530,38.610,40.780,38.100,7398563.000
688097,2026-07-31,40.670,39.890,42.500,39.610,6681660.000
688097,2026-08-03,40.000,39.200,40.160,38.980,5283650.000
688097,2026-08-04,38.810,40.640,41.220,38.810,4764618.000
688097,2026-08-05,40.060,43.300,43.880,40.060,8254908.000
688097,2026-08-06,42.250,43.190,43.540,42.160,5009052.000
688097,2026-08-07,43.190,44.100,44.260,42.330,6802305.000
688097,2026-08-10,45.420,42.790,45.600,42.330,7244445.000
688097,2026-08-11,42.790,43.290,44.130,42.330,5367995.000
688097,2026-08-12,43.030,44.510,45.800,43.030,6399462.000
688097,2026-08-13,45.160,43.990,45.390,43.930,5597782.000
688097,2026-08-14,44.180,44.630,44.800,43.810,4812440.000
688097,2026-08-17,45.250,49.450,49.850,44.480,10466670.000
688097,2026-08-18,49.400,50.650,51.450,48.500,12015767.000
688097,2026-08-19,49.880,46.160,49.880,46.000,8551879.000
688097,2026-08-20,46.630,46.950,48.300,46.230,6822592.000
688097,2026-08-21,46.160,49.100,49.960,46.160,7700989.000
688322,2026-04-01,76.500,77.980,78.190,76.200,5262987.000
688322,2026-04-02,77.800,75.530,78.500,75.050,4446564.000
688322,2026-04-03,75.540,76.130,76.280,74.410,3241482.000
688322,2026-04-07,76.390,74.600,76.400,73.800,3577647.000
688322,2026-04-08,77.560,79.900,79.980,77.560,6787677.000
688322,2026-04-09,78.450,77.640,79.000,77.040,4385774.000
688322,2026-04-10,79.240,80.680,82.790,79.010,7370062.000
688322,2026-04-13,79.520,82.410,83.990,79.230,9023750.000
688322,2026-04-14,83.080,82.220,83.220,80.510,7151609.000
688322,2026-04-15,82.810,81.300,83.490,80.880,6006427.000
688322,2026-04-16,82.690,83.540,84.490,81.820,7128785.000
688322,2026-04-17,83.000,84.740,85.510,82.870,6797832.000
688322,2026-04-20,85.980,84.160,86.220,83.330,7447110.000
688322,2026-04-21,83.600,82.300,83.800,81.010,6786414.000
688322,2026-04-22,81.910,82.650,83.630,81.700,5702856.000
688322,2026-04-23,82.500,79.810,82.910,79.210,7488080.000
688322,2026-04-24,79.210,77.180,80.480,76.010,7065016.000
688322,2026-04-27,77.070,79.000,80.100,77.070,6193925.000
688322,2026-04-28,78.300,76.660,78.820,76.250,6244544.000
688322,2026-04-29,76.030,78.010,78.570,76.010,4849073.000
688322,2026-04-30,78.290,79.580,80.370,77.540,5436107.000
688322,2026-05-06,80.010,81.420,84.160,79.600,9277374.000
688322,2026-05-07,82.170,86.500,87.000,81.400,12899947.000
688322,2026-05-08,86.500,87.920,90.020,85.450,14587590.000
688322,2026-05-11,87.890,87.180,88.230,85.990,11192082.000
688322,2026-05-12,88.050,87.030,88.590,86.210,8787554.000
688322,2026-05-13,86.000,87.650,88.130,84.910,8728692.000
688322,2026-05-14,87.870,84.910,88.510,84.890,8885055.000
688322,2026-05-15,84.600,89.000,92.000,83.800,18285375.000
688322,2026-05-18,88.600,95.400,96.720,87.000,26409194.000
688322,2026-05-19,94.930,100.710,102.680,94.050,23695705.000
688322,2026-05-20,98.980,102.680,107.210,97.000,23225821.000
688322,2026-05-21,103.020,109.600,116.350,101.000,28302281.000
688322,2026-05-22,110.000,118.150,121.210,107.480,28345923.000
688322,2026-05-25,118.000,118.290,126.960,116.500,32284913.000
688322,2026-05-26,119.000,116.990,124.200,114.010,29332623.000
688322,2026-05-27,115.260,112.500,119.360,111.110,24470237.000
688322,2026-05-28,112.600,111.240,113.000,108.550,18632247.000
688322,2026-05-29,112.440,111.470,117.500,110.040,23028439.000
688322,2026-06-01,110.000,103.040,110.940,102.890,25223175.000
688322,2026-06-02,106.000,103.230,107.360,102.980,17090930.000
688322,2026-06-03,104.280,112.260,116.540,103.500,25913156.000
688322,2026-06-04,111.140,114.550,118.000,109.300,20182389.000
688322,2026-06-05,117.000,126.060,133.280,110.200,35817018.000
688322,2026-06-08,122.270,144.170,150.000,122.200,42346709.000
688322,2026-06-09,136.000,148.400,150.000,130.000,36789077.000
688322,2026-06-10,144.000,134.510,148.280,133.970,29760206.000
688322,2026-06-11,130.000,124.500,130.790,123.220,29423700.000
688322,2026-06-12,125.900,122.980,135.600,121.330,34918912.000
688322,2026-06-15,122.980,127.800,128.800,120.500,23840875.000
688322,2026-06-16,125.500,132.180,136.500,125.380,23645695.000
688322,2026-06-17,130.000,130.680,133.200,127.200,21282108.000
688322,2026-06-18,130.500,133.730,136.770,128.690,25488537.000
688322,2026-06-22,132.340,128.040,139.900,125.490,27823858.000
688322,2026-06-23,125.010,122.880,126.630,118.640,19734711.000
688322,2026-06-24,122.800,125.800,127.150,119.380,17772707.000
688322,2026-06-25,125.300,123.000,130.500,122.010,18428479.000
688322,2026-06-26,122.370,119.850,124.680,117.300,15522335.000
688322,2026-06-29,119.840,117.510,121.300,113.310,18140543.000
688322,2026-06-30,119.990,130.550,132.880,119.820,23609816.000
688322,2026-07-01,132.500,135.000,137.690,129.300,25770735.000
688322,2026-07-02,134.750,130.010,142.420,129.700,29003981.000
688322,2026-07-03,132.000,147.330,153.300,132.000,37333051.000
688322,2026-07-06,143.000,127.210,145.500,126.750,34842527.000
688322,2026-07-07,127.800,129.500,133.880,122.330,21300553.000
688322,2026-07-08,126.060,113.830,127.490,113.000,21422748.000
688322,2026-07-09,114.720,119.770,120.670,112.080,15169893.000
688322,2026-07-10,119.000,117.000,125.980,117.000,16361084.000
688322,2026-07-13,114.500,109.610,118.320,109.090,12361455.000
688322,2026-07-14,110.500,111.520,114.000,106.010,11129888.000
688322,2026-07-15,113.870,113.960,116.270,107.020,11368259.000
688322,2026-07-16,111.000,114.560,118.700,110.010,12323722.000
688322,2026-07-17,114.060,100.150,115.970,100.000,15443184.000
688322,2026-07-20,105.000,92.800,106.880,89.500,17663479.000
688322,2026-07-21,94.970,97.650,97.990,86.140,16926978.000
688322,2026-07-22,96.000,93.600,98.260,93.100,11839325.000
688322,2026-07-23,93.720,90.940,94.570,89.750,9632003.000
688322,2026-07-24,88.000,87.570,91.190,87.050,9321575.000
688322,2026-07-27,87.000,91.890,91.890,86.200,8962715.000
688322,2026-07-28,88.880,87.910,92.990,87.210,8531940.000
688322,2026-07-29,87.910,86.380,89.550,83.500,10450737.000
688322,2026-07-30,85.000,79.980,85.990,79.210,11287790.000
688322,2026-07-31,86.630,93.860,95.980,86.630,23762357.000
688322,2026-08-03,95.780,100.230,102.000,94.390,22045149.000
688322,2026-08-04,101.970,106.180,107.400,97.250,16268583.000
688322,2026-08-05,106.000,109.020,110.840,104.700,16399289.000
688322,2026-08-06,106.800,108.960,110.990,106.000,12278448.000
688322,2026-08-07,110.350,111.880,112.560,107.770,12618509.000
688322,2026-08-10,112.000,109.420,113.790,107.770,10801781.000
688322,2026-08-11,108.000,114.380,117.420,107.840,17352255.000
688322,2026-08-12,113.000,112.510,114.140,110.570,9509369.000
688322,2026-08-13,112.680,109.720,115.200,109.000,10669539.000
688322,2026-08-14,110.610,109.980,111.260,107.800,8759456.000
688322,2026-08-17,111.000,113.000,113.200,108.200,10097975.000
688322,2026-08-18,113.140,115.110,117.390,111.990,17944484.000
688322,2026-08-19,111.000,98.500,111.000,97.670,19561148.000
688322,2026-08-20,99.990,100.000,103.390,97.500,11318299.000
688322,2026-08-21,99.000,101.000,101.500,98.320,7440872.000
688322,2026-08-24,96.83,91.96,97.80,90.78,12826446
688347,2026-04-01,110.000,113.950,114.550,108.500,18202314.000
688347,2026-04-02,112.010,108.990,113.000,108.020,10437652.000
688347,2026-04-03,110.060,107.410,110.870,107.200,7821376.000
688347,2026-04-07,108.000,111.510,113.370,107.980,13633382.000
688347,2026-04-08,117.000,120.280,120.970,116.510,19482729.000
688347,2026-04-09,118.000,119.620,122.550,116.390,13508977.000
688347,2026-04-10,122.100,121.610,123.440,120.840,14740302.000
688347,2026-04-13,120.360,119.020,124.000,118.900,14172986.000
688347,2026-04-14,121.890,122.570,124.850,121.050,15337311.000
688347,2026-04-15,123.000,123.340,129.500,122.810,20749019.000
688347,2026-04-16,123.560,125.130,127.530,122.300,14287969.000
688347,2026-04-17,123.550,124.610,127.990,122.550,12543435.000
688347,2026-04-20,126.440,130.750,130.800,125.000,19421072.000
688347,2026-04-21,129.490,128.560,129.590,125.600,14388807.000
688347,2026-04-22,127.080,129.340,130.000,126.590,14890682.000
688347,2026-04-23,131.000,123.590,131.200,122.230,18194629.000
688347,2026-04-24,123.180,138.800,141.800,120.360,44703169.000
688347,2026-04-27,138.000,143.100,144.540,137.070,31297125.000
688347,2026-04-28,141.420,138.080,143.680,137.180,20690775.000
688347,2026-04-29,135.010,132.160,136.810,126.040,29461983.000
688347,2026-04-30,133.000,141.000,142.000,130.000,36790167.000
688347,2026-05-06,145.010,152.000,158.650,145.000,38116647.000
688347,2026-05-07,154.700,165.920,169.980,149.880,34868603.000
688347,2026-05-08,160.460,158.960,162.000,153.870,31412042.000
688347,2026-05-11,165.000,164.410,169.180,162.200,27501166.000
688347,2026-05-12,163.760,160.660,165.590,158.000,23734026.000
688347,2026-05-13,158.100,160.620,161.310,153.800,22207955.000
688347,2026-05-14,163.270,157.860,164.000,154.500,20053960.000
688347,2026-05-15,162.000,150.090,168.660,147.710,43142120.000
688347,2026-05-18,148.910,147.800,154.170,146.180,24805845.000
688347,2026-05-19,146.500,149.740,150.500,140.000,26591439.000
688347,2026-05-20,148.200,177.800,178.800,147.500,54414406.000
688347,2026-05-21,177.720,169.000,185.000,166.960,43172922.000
688347,2026-05-22,169.000,179.000,182.540,163.660,39893824.000
688347,2026-05-25,183.000,214.800,214.800,179.000,50192191.000
688347,2026-05-26,214.800,222.420,228.880,209.990,52525414.000
688347,2026-05-27,217.980,215.610,230.500,214.570,40661617.000
688347,2026-05-28,217.700,249.650,258.000,217.700,43624061.000
688347,2026-05-29,250.360,236.680,252.830,232.300,39221326.000
688347,2026-06-01,241.410,222.900,245.880,217.970,41445057.000
688347,2026-06-02,225.000,226.500,234.370,220.000,29007851.000
688347,2026-06-03,226.300,233.240,246.330,221.580,31097087.000
688347,2026-06-04,227.360,244.000,253.300,225.100,28695871.000
688347,2026-06-05,234.010,227.000,247.500,224.000,31240208.000
688347,2026-06-08,207.660,213.800,222.500,207.660,23744852.000
688347,2026-06-09,220.110,227.400,231.380,210.740,26709949.000
688347,2026-06-10,226.030,221.810,238.500,220.000,24087662.000
688347,2026-06-11,223.130,221.350,228.500,213.000,21393672.000
688347,2026-06-12,235.350,218.370,238.880,218.180,35061096.000
688347,2026-06-15,220.000,238.280,243.310,215.500,27726689.000
688347,2026-06-16,238.280,238.500,244.220,232.600,22047025.000
688347,2026-06-17,232.000,260.700,261.200,229.700,28170316.000
688347,2026-06-18,258.000,277.810,293.100,255.000,26487089.000
688347,2026-06-22,280.020,280.000,285.970,264.530,25679381.000
688347,2026-06-23,278.000,292.080,302.000,272.400,25281874.000
688347,2026-06-24,285.500,316.010,326.760,284.000,28459452.000
688347,2026-06-25,315.000,330.360,336.000,308.200,24806831.000
688347,2026-06-26,320.000,323.000,337.960,310.800,22270163.000
688347,2026-06-29,321.980,339.140,346.300,320.000,23088420.000
688347,2026-06-30,335.000,336.300,347.800,329.190,19481937.000
688347,2026-07-01,340.000,315.610,345.080,312.600,25870099.000
688347,2026-07-02,300.000,284.500,309.000,281.710,27589882.000
688347,2026-07-03,288.000,285.000,300.540,280.010,21277560.000
688347,2026-07-06,293.660,309.680,319.950,280.000,26472413.000
688347,2026-07-07,308.040,324.000,335.000,300.100,22325522.000
688347,2026-07-08,327.680,358.400,377.000,317.000,28828263.000
688347,2026-07-09,365.000,400.500,401.000,348.300,30575223.000
688347,2026-07-10,393.030,369.870,407.980,368.000,30607895.000
688347,2026-07-13,360.000,350.000,385.930,344.800,26255740.000
688347,2026-07-14,355.030,352.590,365.220,324.000,27652170.000
688347,2026-07-15,352.590,331.420,359.530,328.380,23035220.000
688347,2026-07-16,322.400,327.850,351.840,306.550,24231210.000
688347,2026-07-17,321.900,309.000,346.660,307.890,34942348.000
688347,2026-07-20,321.000,331.480,334.990,303.780,33097990.000
688347,2026-07-21,338.500,397.780,397.780,335.000,35406568.000
688347,2026-07-22,388.510,390.060,413.130,378.000,33993968.000
688347,2026-07-23,383.960,341.000,389.500,331.120,37748828.000
688347,2026-07-24,327.110,329.900,350.680,322.000,21171862.000
688347,2026-07-27,319.060,308.400,327.000,291.000,30977838.000
688347,2026-07-28,295.000,281.000,316.500,276.990,28509888.000
688347,2026-07-29,283.920,270.200,286.580,253.000,32961326.000
688347,2026-07-30,265.500,230.000,267.330,229.500,33988472.000
688347,2026-07-31,259.790,237.900,264.790,237.210,27511388.000
688347,2026-08-03,236.900,219.500,236.900,213.000,23920721.000
688347,2026-08-04,221.690,236.950,242.580,215.600,24467324.000
688347,2026-08-05,244.000,252.500,259.980,239.800,29637126.000
688347,2026-08-06,242.600,258.100,261.990,242.600,23030565.000
688347,2026-08-07,256.800,268.290,271.870,254.120,23411550.000
688347,2026-08-10,265.000,264.000,271.110,255.000,18962311.000
688347,2026-08-11,261.110,262.500,270.690,256.430,16145803.000
688347,2026-08-12,266.570,273.200,277.400,258.330,21380226.000
688347,2026-08-13,280.000,276.990,295.000,275.980,29721643.000
688347,2026-08-14,270.000,253.240,274.790,248.500,35956890.000
688347,2026-08-17,252.860,269.920,269.920,252.000,29508529.000
688347,2026-08-18,269.930,264.520,277.930,259.320,21016110.000
688347,2026-08-19,254.800,233.000,258.180,230.350,28285411.000
688347,2026-08-20,238.380,232.680,239.430,228.010,15867114.000
688347,2026-08-21,232.760,233.220,238.500,229.020,13707418.000
688515,2026-04-01,120.030,121.800,123.500,120.030,1681023.000
688515,2026-04-02,120.380,116.880,121.680,115.580,1483883.000
688515,2026-04-03,117.630,117.290,119.350,115.800,1197209.000
688515,2026-04-07,117.580,120.660,123.850,117.580,1470963.000
688515,2026-04-08,125.000,129.170,129.500,124.040,2048759.000
688515,2026-04-09,127.500,127.940,130.380,127.000,1521021.000
688515,2026-04-10,128.900,127.400,130.980,127.250,1367555.000
688515,2026-04-13,126.000,127.110,131.660,126.000,1579393.000
688515,2026-04-14,128.400,126.450,129.690,125.880,1751232.000
688515,2026-04-15,127.500,126.600,130.440,126.140,1777460.000
688515,2026-04-16,127.100,128.970,129.520,126.380,1574711.000
688515,2026-04-17,128.870,132.420,133.480,127.880,2299451.000
688515,2026-04-20,132.580,130.080,134.000,129.500,1938678.000
688515,2026-04-21,129.530,127.000,130.000,125.250,1921215.000
688515,2026-04-22,129.030,132.500,132.500,126.640,2273530.000
688515,2026-04-23,132.000,129.360,133.880,127.060,2085135.000
688515,2026-04-24,128.840,133.360,135.640,127.790,2846624.000
688515,2026-04-27,133.000,135.030,136.420,132.050,2584441.000
688515,2026-04-28,136.900,130.150,137.840,128.800,4630567.000
688515,2026-04-29,129.150,152.180,156.180,128.220,8838716.000
688515,2026-04-30,152.000,172.600,176.000,152.000,9814807.000
688515,2026-05-06,172.850,166.730,174.400,163.300,7619131.000
688515,2026-05-07,168.000,183.290,189.230,167.300,7020256.000
688515,2026-05-08,180.430,188.060,190.000,173.100,6672463.000
688515,2026-05-11,199.340,210.550,225.670,197.550,9102760.000
688515,2026-05-12,208.590,209.900,212.660,200.000,7720381.000
688515,2026-05-13,203.600,215.800,225.150,201.990,6874468.000
688515,2026-05-14,213.800,210.100,221.000,206.360,5996530.000
688515,2026-05-15,216.040,206.500,223.000,202.000,6399474.000
688515,2026-05-18,206.500,212.490,222.420,205.000,5012483.000
688515,2026-05-19,212.380,225.030,228.800,212.380,6738115.000
688515,2026-05-20,226.000,238.540,242.420,222.230,5912121.000
688515,2026-05-21,243.000,217.000,244.990,216.000,7076302.000
688515,2026-05-22,221.120,216.080,225.000,208.890,5727553.000
688515,2026-05-25,215.130,227.370,228.300,205.880,5861565.000
688515,2026-05-26,224.500,205.930,224.500,201.000,6462820.000
688515,2026-05-27,211.590,199.000,211.590,198.000,4498898.000
688515,2026-05-28,199.000,206.010,210.370,195.010,4115155.000
688515,2026-05-29,206.000,191.530,207.500,189.530,4531164.000
688515,2026-06-01,190.020,184.040,194.000,183.000,3559991.000
688515,2026-06-02,185.000,217.000,220.850,181.000,8556717.000
688515,2026-06-03,249.990,246.500,260.000,240.330,12868383.000
688515,2026-06-04,223.000,226.970,231.990,222.500,10303704.000
688515,2026-06-05,221.300,214.000,233.880,212.980,7198929.000
688515,2026-06-08,190.500,194.480,202.000,190.500,5716724.000
688515,2026-06-09,201.000,199.980,201.990,193.230,4520826.000
688515,2026-06-10,195.040,190.870,197.100,186.210,4391174.000
688515,2026-06-11,189.580,184.770,195.420,182.310,4198021.000
688515,2026-06-12,194.000,178.500,195.230,177.330,4312569.000
688515,2026-06-15,182.070,192.290,193.670,180.000,4515364.000
688515,2026-06-16,192.240,197.490,201.890,190.110,4269578.000
688515,2026-06-17,192.000,199.000,199.800,190.560,4262518.000
688515,2026-06-18,200.000,238.800,238.800,200.000,7070294.000
688515,2026-06-22,250.000,271.600,274.000,245.660,10265527.000
688515,2026-06-23,260.970,262.660,273.180,256.660,7039265.000
688515,2026-06-24,258.060,266.630,267.980,247.700,5729580.000
688515,2026-06-25,265.990,258.700,265.990,253.300,4561295.000
688515,2026-06-26,258.700,248.160,267.880,244.000,5102333.000
688515,2026-06-29,246.550,241.500,259.700,230.000,5096417.000
688515,2026-06-30,243.670,248.760,253.990,234.020,4193518.000
688515,2026-07-01,254.000,234.720,260.000,232.890,4872020.000
688515,2026-07-02,226.220,226.900,242.000,219.000,4425992.000
688515,2026-07-03,221.000,215.980,229.000,215.550,3889525.000
688515,2026-07-06,219.000,212.000,221.000,202.280,3660969.000
688515,2026-07-07,212.900,212.580,221.500,205.010,3417725.000
688515,2026-07-08,214.830,209.370,221.500,203.370,3780443.000
688515,2026-07-09,215.300,222.090,223.000,206.350,4888034.000
688515,2026-07-10,225.000,204.800,232.000,204.800,5271699.000
688515,2026-07-13,199.360,192.150,209.950,190.000,4387647.000
688515,2026-07-14,195.610,190.000,197.990,175.940,3905267.000
688515,2026-07-15,193.370,175.940,196.000,174.600,3641453.000
688515,2026-07-16,171.170,164.030,177.500,163.010,3940641.000
688515,2026-07-17,160.900,140.000,165.000,140.000,5011106.000
688515,2026-07-20,145.600,126.920,149.500,122.010,5996758.000
688515,2026-07-21,129.970,140.480,140.630,115.780,5358911.000
688515,2026-07-22,137.680,156.170,164.900,136.950,7742394.000
688515,2026-07-23,159.000,147.000,159.890,145.880,4850796.000
688515,2026-07-24,143.550,142.350,150.900,142.010,3821809.000
688515,2026-07-27,142.090,147.320,148.790,138.500,3837721.000
688515,2026-07-28,145.000,141.170,148.550,139.010,4396242.000
688515,2026-07-29,141.320,141.970,143.680,131.910,4826239.000
688515,2026-07-30,141.970,130.000,141.970,128.000,3671297.000
688515,2026-07-31,141.000,136.260,148.200,136.000,4179681.000
688515,2026-08-03,134.600,126.880,138.690,126.020,3701204.000
688515,2026-08-04,128.330,135.540,137.190,127.010,3992037.000
688515,2026-08-05,136.790,149.790,152.000,135.000,5032370.000
688515,2026-08-06,145.020,153.610,157.370,144.100,5435880.000
688515,2026-08-07,151.000,155.870,157.000,148.860,4715121.000
688515,2026-08-10,157.620,152.650,160.000,148.810,3597810.000
688515,2026-08-11,150.890,151.650,154.490,147.670,2872054.000
688515,2026-08-12,150.980,154.050,156.600,150.650,2487347.000
688515,2026-08-13,156.500,152.550,160.400,152.490,3383423.000
688515,2026-08-14,154.000,154.850,157.310,151.310,3175169.000
688515,2026-08-17,152.300,163.330,166.000,152.300,4495016.000
688515,2026-08-18,161.990,161.930,164.030,156.000,3354722.000
688515,2026-08-19,155.000,145.150,158.600,144.000,4182181.000
688515,2026-08-20,148.000,149.830,153.200,144.000,2986431.000
688515,2026-08-21,150.200,157.180,161.270,150.200,3915128.000
688515,2026-08-24,155.92,147.61,158.00,146.68,2321777
