序号,代码,名称,收盘价,涨跌幅,买方机构数,卖方机构数,机构买入总额,机构卖出总额,机构买入净额,市场总成交额,机构净买额占总成交额比,换手率,流通市值,上榜原因,上榜日期
1,603009,北特科技,44.09,1.6367,2,0,288132633.95,0.0,288132633.95,4150372219,6.942332367949,11.3372,149.2,非ST、*ST和S证券连续三个交易日内收盘价格涨幅偏离值累计达到20%的证券,2025-01-10
2,688017,绿的谐波,149.0,14.9514,1,0,257006600.0,0.0,257006600.0,6220425300,4.131656399764,9.7801,251.46,有价格涨跌幅限制的连续3个交易日内收盘价格涨幅偏离值累计达到30%的证券,2025-01-14
3,688052,纳芯微,146.6,15.0436,3,0,211664200.0,0.0,211664200.0,764597600,27.683084540156,5.9164,136.84,有价格涨跌幅限制的日收盘价格涨幅达到15%的前五只证券,2025-01-17
4,600183,生益科技,27.45,10.02,4,2,287162262.68,146549927.1,140612335.58,2032797026,6.91718522713,3.193,650.93,有价格涨跌幅限制的日收盘价格涨幅偏离值达到7%的前五只证券,2025-01-17
5,688502,茂莱光学,262.85,15.2295,3,0,118798100.0,0.0,118798100.0,771082000,15.406675295235,19.4042,42.65,有价格涨跌幅限制的日收盘价格涨幅达到15%的前五只证券,2025-01-13
6,002050,三花智控,26.7,6.4593,3,2,544103464.74,428089813.21,116013651.53,13261131627,0.87483975571,9.2384,980.01,连续三个交易日内，涨幅偏离值累计达到20%的证券,2025-01-10
7,002733,雄韬股份,18.44,-10.0049,3,1,107449048.57,22220250.44,85228798.13,1355358911,6.288282567687,19.833,68.02,日跌幅偏离值达到7%的前5只证券,2025-01-13
8,300953,震裕科技,91.0,13.75,2,0,86888779.6,2737747.64,84151031.96,1389168592,6.057654372883,16.0712,66.12,连续三个交易日内，涨幅偏离值累计达到30%的证券,2025-01-10
9,002245,蔚蓝锂芯,11.44,-9.9921,2,1,106366294.0,28190554.0,78175740.0,2017683954,3.874528508046,15.5946,124.38,日跌幅偏离值达到7%的前5只证券,2025-01-10
10,300166,东方国信,11.23,13.0916,2,1,116582608.85,40277108.0,76305500.85,3609472786,2.114034524542,22.6019,101.72,连续三个交易日内，涨幅偏离值累计达到30%的证券,2025-01-16
11,300792,壹网壹创,32.66,-13.1383,2,2,155897969.21,80972065.38,74925903.83,2230252088,3.359526227243,30.42,69.41,日换手率达到30%的前5只证券,2025-01-17
12,002115,三维通信,7.81,3.1704,3,3,303808629.6,235401547.0,68407082.6,4789151412,1.428375858583,46.1105,58.75,连续三个交易日内，涨幅偏离值累计达到20%的证券,2025-01-16
13,688686,奥普特,79.0,15.5478,2,1,78692200.0,11557900.0,67134300.0,310402800,21.62812319992,3.3691,96.57,有价格涨跌幅限制的日收盘价格涨幅达到15%的前五只证券,2025-01-14
14,000573,粤宏远A,5.53,9.9404,3,1,168692511.11,105724007.92,62968503.19,2539970354,2.479103863982,41.8687,35.0,连续三个交易日内，涨幅偏离值累计达到20%的证券,2025-01-10
15,688426,康为世纪,25.72,-18.7362,4,0,61971600.0,0.0,61971600.0,232623300,26.640323647717,21.0108,9.77,有价格涨跌幅限制的日收盘价格跌幅达到15%的前五只证券,2025-01-15
16,300394,天孚通信,103.22,19.9953,1,1,140636789.97,82508102.8,58128687.17,5301375018,1.096483213744,10.0395,570.56,日涨幅达到15%的前5只证券,2025-01-16
17,603305,旭升集团,14.49,3.1317,2,1,105429665.14,49337266.7,56092398.44,2156717740,2.600822416382,8.1616,135.23,非ST、*ST和S证券连续三个交易日内收盘价格涨幅偏离值累计达到20%的证券,2025-01-10
18,300007,汉威科技,28.4,6.6867,1,1,136063919.98,89521126.86,46542793.12,3116759517,1.493307162973,39.2834,80.36,日换手率达到30%的前5只证券,2025-01-15
19,301581,黄山谷捷,57.4,6.2373,3,0,49305932.08,3519961.0,45785971.08,412455666,11.100822428755,36.3875,11.48,日换手率达到30%的前5只证券,2025-01-14
20,002640,跨境通,5.62,8.2852,1,0,81000319.0,40776468.0,40223851.0,6813009724,0.590397674882,48.0599,78.52,连续三个交易日内，涨幅偏离值累计达到20%的证券,2025-01-16
21,600367,红星发展,14.47,10.038,1,0,38351554.0,0.0,38351554.0,1296762247,2.95748539015,19.6641,46.59,非ST、*ST和S证券连续三个交易日内收盘价格涨幅偏离值累计达到20%的证券,2025-01-16
22,300307,慈星股份,9.88,15.2859,1,1,73002439.8,34893828.99,38108610.81,3054470605,1.247633902504,29.3379,77.28,连续三个交易日内，涨幅偏离值累计达到30%的证券,2025-01-14
23,300344,立方退,7.63,5.6787,2,1,74624205.56,38381316.24,36242889.32,1816592195,1.995103216878,36.0388,48.79,日换手率达到30%的前5只证券,2025-01-15
24,300792,壹网壹创,37.6,20.0128,1,1,67454667.06,32308331.54,35146335.52,2890420413,1.215959289587,37.2868,79.91,日涨幅达到15%的前5只证券,2025-01-16
25,300792,壹网壹创,37.6,20.0128,1,1,67454667.06,32308331.54,35146335.52,2890420413,1.215959289587,37.2868,79.91,日换手率达到30%的前5只证券,2025-01-16
26,002640,跨境通,5.19,9.9576,2,0,46372672.0,12411846.0,33960826.0,1735665115,1.956646227806,24.6654,72.51,日涨幅偏离值达到7%的前5只证券,2025-01-15
27,301380,挖金客,49.97,-7.5828,5,0,53575605.85,20915668.6,32659937.25,672260113,4.858229220867,43.2239,15.07,日换手率达到30%的前5只证券,2025-01-17
28,300007,汉威科技,26.62,20.018,1,1,74569956.75,42090104.64,32479852.11,1984932655,1.636320105278,27.9635,75.33,日涨幅达到15%的前5只证券,2025-01-14
29,002361,神剑股份,4.9,-9.9265,1,0,32178373.91,1496382.0,30681991.91,896063767,3.424085767101,22.38,39.65,日跌幅偏离值达到7%的前5只证券,2025-01-13
30,688048,长光华芯,43.08,20.0,1,0,30223900.0,0.0,30223900.0,606950000,4.97963588434,14.6059,42.92,有价格涨跌幅限制的日收盘价格涨幅达到15%的前五只证券,2025-01-13
31,002313,日海智能,9.44,10.0233,3,1,41923531.52,15270624.0,26652907.52,389687232,6.839563971139,12.2325,35.34,日振幅值达到15%的前5只证券,2025-01-13
32,300344,立方退,9.16,20.0524,2,2,142931045.16,116772180.08,26158865.08,4649116079,0.562663195229,37.2041,58.57,连续三个交易日内，涨幅偏离值累计达到30%的证券,2025-01-16
33,002117,东港股份,11.83,-9.9696,1,1,40282514.0,14284808.0,25997706.0,905085710,2.87240265897,14.2367,61.94,日跌幅偏离值达到7%的前5只证券,2025-01-17
34,301511,德福科技,15.89,9.0597,1,0,29984496.0,4065675.6,25918820.4,1686170081,1.537141519237,19.6591,59.52,连续三个交易日内，涨幅偏离值累计达到30%的证券,2025-01-13
35,605499,东鹏饮料,245.87,-7.9173,1,1,65482728.5,39911959.1,25570769.4,1650805993,1.548986949916,1.2547,1278.56,有价格涨跌幅限制的日收盘价格跌幅偏离值达到7%的前五只证券,2025-01-14
36,600367,红星发展,13.15,10.0418,1,0,25094667.0,0.0,25094667.0,387021579,6.484048528984,9.2232,42.34,有价格涨跌幅限制的日收盘价格涨幅偏离值达到7%的前五只证券,2025-01-15
37,300058,蓝色光标,9.71,20.0247,1,2,85255007.0,63702596.0,21552411.0,3967454738,0.543230167028,18.1566,237.71,日涨幅达到15%的前5只证券,2025-01-14
38,002712,思美传媒,5.64,-10.0478,1,0,22178475.0,3482677.0,18695798.0,657253233,2.844534961763,20.5342,30.51,日跌幅偏离值达到7%的前5只证券,2025-01-17
39,300344,立方退,7.22,19.9336,1,0,20892993.0,2309659.0,18583334.0,784257600,2.369544649615,18.0599,46.17,日涨幅达到15%的前5只证券,2025-01-14
40,002582,好想你,8.65,2.9762,2,0,31215008.0,12811411.5,18403596.5,1047391184,1.757089116381,35.7408,29.76,日换手率达到20%的前5只证券,2025-01-14
41,002418,康盛股份,3.86,-6.0827,1,0,24162609.0,6866497.0,17296112.0,1987791526,0.870117000388,41.8679,43.86,日换手率达到20%的前5只证券,2025-01-15
42,002418,康盛股份,3.86,-6.0827,1,0,24162609.0,6866497.0,17296112.0,1987791526,0.870117000388,41.8679,43.86,日振幅值达到15%的前5只证券,2025-01-15
43,002418,康盛股份,3.4,-8.3558,1,0,24743678.0,7460998.0,17282680.0,1692542157,1.02110780098,39.4742,38.64,日换手率达到20%的前5只证券,2025-01-10
44,002418,康盛股份,3.4,-8.3558,1,0,24743678.0,7460998.0,17282680.0,1692542157,1.02110780098,39.4742,38.64,日振幅值达到15%的前5只证券,2025-01-10
45,603215,比依股份,16.15,-7.9247,1,0,16005367.0,0.0,16005367.0,399918593,4.002156258836,33.6188,11.47,有价格涨跌幅限制的日换手率达到20%的前五只证券,2025-01-10
46,603719,良品铺子,15.2,-0.7185,1,0,15282709.0,0.0,15282709.0,497018644,3.074876402423,8.4284,60.95,有价格涨跌幅限制的日价格振幅达到15%的前五只证券,2025-01-13
47,002640,跨境通,5.62,8.2852,1,1,67475569.0,53151891.0,14323678.0,3671297921,0.390152973369,48.0599,78.52,日换手率达到20%的前5只证券,2025-01-16
48,301157,华塑科技,57.67,-12.7534,3,1,30398057.29,16316401.0,14081656.29,669476969,2.103381735601,52.7927,11.91,日换手率达到30%的前5只证券,2025-01-10
49,301380,挖金客,54.07,19.9956,1,2,31461798.0,18459278.0,13002520.0,907630560,1.432578471135,37.3108,16.31,连续三个交易日内，涨幅偏离值累计达到30%的证券,2025-01-16
50,002698,博实股份,17.47,10.0126,1,1,28114085.0,15397387.0,12716698.0,1082218179,1.175058620042,7.5252,147.0,日涨幅偏离值达到7%的前5只证券,2025-01-10
51,300307,慈星股份,8.57,20.028,1,0,18743214.8,6470271.33,12272943.47,880235239,1.394279952248,13.7528,67.04,日涨幅达到15%的前5只证券,2025-01-13
52,002582,好想你,9.68,-7.5454,1,0,22229580.0,9992708.0,12236872.0,1643001358,0.744787698465,46.0617,33.3,日振幅值达到15%的前5只证券,2025-01-17
53,002582,好想你,9.68,-7.5454,1,0,22229580.0,9992708.0,12236872.0,1643001358,0.744787698465,46.0617,33.3,日换手率达到20%的前5只证券,2025-01-17
54,605488,福莱新材,23.45,9.9906,1,0,12042137.18,0.0,12042137.18,581981798,2.06916044821,6.4823,44.88,非ST、*ST和S证券连续三个交易日内收盘价格涨幅偏离值累计达到20%的证券,2025-01-10
55,301608,博实结,73.5,15.5116,1,1,15771283.0,4713761.0,11057522.0,322013434,3.433869780725,27.098,12.43,日涨幅达到15%的前5只证券,2025-01-13
56,002164,宁波东力,7.03,10.0156,1,1,28498430.0,17749786.0,10748644.0,1004725230,1.069809304978,30.421,33.73,日振幅值达到15%的前5只证券,2025-01-16
57,000759,中百集团,10.6,9.9585,1,0,30241107.69,20328968.16,9912139.53,2615665427,0.378952882417,38.8475,69.5,日涨幅偏离值达到7%的前5只证券,2025-01-16
58,301581,黄山谷捷,57.86,-1.1785,1,0,9721764.0,17057.0,9704707.0,527757449,1.838857418003,45.4536,11.57,日换手率达到30%的前5只证券,2025-01-10
59,300071,福石控股,6.19,19.9612,3,3,100937829.0,91898971.23,9038857.77,1752886119,0.515655733252,22.858,57.28,连续三个交易日内，涨幅偏离值累计达到30%的证券,2025-01-15
60,002187,广百股份,9.4,-6.6534,1,0,25590006.0,16592422.0,8997584.0,1716534144,0.52417157162,31.798,48.61,日振幅值达到15%的前5只证券,2025-01-17
61,000679,大连友谊,6.5,5.178,1,0,14106206.0,6027884.0,8078322.0,913792333,0.884043530271,17.6506,23.17,连续三个交易日内，涨幅偏离值累计达到20%的证券,2025-01-15
62,002582,好想你,9.52,10.0578,1,1,39228850.9,31701691.76,7527159.14,3273384264,0.229950367355,40.2995,32.75,连续三个交易日内，涨幅偏离值累计达到20%的证券,2025-01-15
63,301315,威士顿,64.06,-0.9892,1,1,33682615.0,26319992.0,7362623.0,956818772,0.769489815152,40.5992,23.7,日换手率达到30%的前5只证券,2025-01-10
64,920116,星图测控,52.48,7.1895,1,0,7262494.73,0.0,7262494.73,497026500,1.461188634811,36.1088,13.71,当日换手率达到20%的前5只股票,2025-01-13
65,301551,无线传媒,50.94,4.8148,2,1,10961452.0,4465732.0,6495720.0,170217588,3.816127391019,9.5829,18.08,日振幅值达到30%的前5只证券,2025-01-13
66,603111,康尼机电,6.46,10.0511,1,0,6142059.63,0.0,6142059.63,272688382,2.252409723125,5.1426,54.08,有价格涨跌幅限制的日收盘价格涨幅偏离值达到7%的前五只证券,2025-01-13
67,301628,强达电路,91.53,3.3887,1,0,8971191.0,3411737.0,5559454.0,521411119,1.066232344769,31.1595,17.25,日换手率达到30%的前5只证券,2025-01-13
68,301622,英思特,71.35,1.091,2,1,15652437.0,10256988.0,5395449.0,747471430,0.721826786075,37.5724,19.61,日换手率达到30%的前5只证券,2025-01-16
69,301123,奕东电子,25.76,19.9814,1,2,16536914.0,11577116.0,4959798.0,514296939,0.96438411818,27.1534,19.68,日涨幅达到15%的前5只证券,2025-01-17
70,300071,福石控股,6.19,19.9612,2,2,56746936.0,51903420.0,4843516.0,1260814916,0.384157574481,22.858,57.28,日涨幅达到15%的前5只证券,2025-01-15
71,301628,强达电路,91.53,3.3887,1,0,12772168.0,8033106.0,4739062.0,1615842415,0.293287387186,31.1595,17.25,连续三个交易日内，涨幅偏离值累计达到30%的证券,2025-01-13
72,300191,潜能恒信,13.62,15.131,2,1,6499471.4,2200142.0,4299329.4,159458993,2.696197510792,5.4164,30.13,日涨幅达到15%的前5只证券,2025-01-13
73,920651,天罡股份,27.61,5.7854,1,0,2963390.12,0.0,2963390.12,151571900,1.955105214093,37.0357,4.22,当日换手率达到20%的前5只股票,2025-01-14
74,603669,灵康药业,5.25,10.0629,1,0,2639675.0,0.0,2639675.0,79439158,3.322888946028,2.2241,37.87,有价格涨跌幅限制的日收盘价格涨幅偏离值达到7%的前五只证券,2025-01-13
75,300276,三丰智能,11.52,7.0632,1,1,103014663.28,100837078.0,2177585.28,3818844261,0.057022102269,34.004,117.59,日换手率达到30%的前5只证券,2025-01-14
76,920651,天罡股份,25.1,-9.0909,1,0,2092353.32,0.0,2092353.32,133171100,1.571176719273,33.5547,3.83,当日换手率达到20%的前5只股票,2025-01-15
77,301157,华塑科技,55.55,-3.6761,2,4,29584182.25,27846346.21,1737836.04,424034496,0.409833647119,36.7917,11.48,日换手率达到30%的前5只证券,2025-01-13
78,002313,日海智能,8.58,-9.3981,1,0,5250958.0,3843057.0,1407901.0,538698663,0.261352235805,15.3031,32.12,日振幅值达到15%的前5只证券,2025-01-10
79,002397,梦洁股份,3.04,-10.0592,1,1,15965015.0,14843883.76,1121131.24,1240412646,0.090383731867,18.3916,18.62,连续三个交易日内，跌幅偏离值累计达到20%的证券,2025-01-13
80,002164,宁波东力,6.33,-9.9573,1,2,46220930.19,45109898.65,1111031.54,1212109057,0.091661021224,36.3231,30.37,日振幅值达到15%的前5只证券,2025-01-17
81,002164,宁波东力,6.33,-9.9573,1,2,46220930.19,45109898.65,1111031.54,1212109057,0.091661021224,36.3231,30.37,日换手率达到20%的前5只证券,2025-01-17
82,002164,宁波东力,6.33,-9.9573,1,2,46220930.19,45109898.65,1111031.54,1212109057,0.091661021224,36.3231,30.37,日跌幅偏离值达到7%的前5只证券,2025-01-17
83,002861,瀛通通讯,12.85,10.0171,0,2,14797989.5,13717675.0,1080314.5,456161817,0.236827033684,12.7391,19.3,连续三个交易日内，涨幅偏离值累计达到20%的证券,2025-01-17
84,002811,郑中设计,10.57,9.9896,1,0,6489416.0,5723071.2,766344.8,320020662,0.239467287897,8.2182,26.3,连续三个交易日内，涨幅偏离值累计达到20%的证券,2025-01-10
85,605033,美邦股份,25.27,-10.0071,1,0,601426.0,0.0,601426.0,29578535,2.033319094404,0.8658,34.17,有价格涨跌幅限制的日收盘价格跌幅偏离值达到7%的前五只证券,2025-01-17
86,002586,ST围海,2.21,-4.7414,1,1,1920834.0,1630159.0,290675.0,43374823,0.670146826882,0.879,19.82,连续三个交易日内，跌幅偏离值累计达到12%的ST证券、*ST证券和未完成股改证券,2025-01-15
87,002808,恒久退,3.08,-2.8391,1,0,795673.0,989081.0,-193408.0,26279121,-0.735975910305,4.6115,5.76,日跌幅偏离值达到7%的前5只证券,2025-01-14
88,000506,招金黄金,4.05,4.1131,1,1,6250615.0,6505239.0,-254624.0,416859417,-0.061081503648,4.9153,37.61,连续三个交易日内，涨幅偏离值累计达到12%的ST证券、*ST证券和未完成股改证券,2025-01-13
89,002808,恒久退,3.08,-2.8391,1,0,795673.0,1152395.0,-356722.0,34543514,-1.032674324911,4.6115,5.76,连续三个交易日内，跌幅偏离值累计达到12%的ST证券、*ST证券和未完成股改证券,2025-01-14
90,300380,安硕信息,51.67,19.9954,1,2,43524102.0,44007145.0,-483043.0,844829806,-0.057176368136,13.3408,65.81,日涨幅达到15%的前5只证券,2025-01-14
91,002861,瀛通通讯,12.85,10.0171,0,1,4032887.0,4636399.0,-603512.0,241160856,-0.250252885153,12.7391,19.3,日振幅值达到15%的前5只证券,2025-01-17
92,002312,川发龙蟒,14.58,10.0377,1,3,135992154.36,136634301.0,-642146.64,2659825324,-0.024142436505,10.7202,256.42,日涨幅偏离值达到7%的前5只证券,2025-01-17
93,300472,*ST新元,8.9,19.9461,0,2,8761972.0,9408036.3,-646064.3,326167698,-0.198077339958,15.6997,21.88,日涨幅达到15%的前5只证券,2025-01-15
94,001277,速达股份,39.23,-1.7777,2,3,17444958.0,18166986.0,-722028.0,262551423,-0.275004413135,36.5063,7.45,日换手率达到20%的前5只证券,2025-01-10
95,920699,海达尔,48.29,29.9865,0,1,2572327.65,3345014.35,-772686.7,184480900,-0.418843739379,19.0119,10.08,当日收盘价涨幅达到20%的前5只股票,2025-01-14
96,000607,华媒控股,4.18,10.0,1,1,10765763.0,11577335.6,-811572.6,411306254,-0.197315891044,4.2736,36.99,连续三个交易日内，涨幅偏离值累计达到20%的证券,2025-01-16
97,002918,蒙娜丽莎,10.31,-9.9563,1,0,13273439.0,14291407.0,-1017968.0,1339527786,-0.075994541557,11.3064,22.63,连续三个交易日内，跌幅偏离值累计达到20%的证券,2025-01-13
98,002885,京泉华,12.27,-9.978,1,1,10178476.6,11861154.0,-1682677.4,1049064854,-0.16039784324,8.3496,28.53,连续三个交易日内，跌幅偏离值累计达到20%的证券,2025-01-13
99,002497,雅化集团,12.85,10.0171,0,1,11408696.0,13266218.0,-1857522.0,840616469,-0.220971402358,6.2672,136.02,日涨幅偏离值达到7%的前5只证券,2025-01-13
100,301581,黄山谷捷,54.03,-6.6194,1,1,7640783.53,9520684.76,-1879901.23,349949013,-0.537192893869,31.7271,10.81,日换手率达到30%的前5只证券,2025-01-13
101,600984,建设机械,3.5,10.0629,0,1,0.0,1910992.0,-1910992.0,98282845,-1.94438001871,2.3412,44.0,有价格涨跌幅限制的日收盘价格涨幅偏离值达到7%的前五只证券,2025-01-15
102,301157,华塑科技,53.46,-11.4167,0,1,3207279.0,5206458.0,-1999179.0,483876289,-0.413159116379,42.487,11.04,日换手率达到30%的前5只证券,2025-01-15
103,002291,遥望科技,7.66,10.0575,0,1,0.0,2194464.0,-2194464.0,159398839,-1.376712662255,1.4889,67.23,连续三个交易日内，涨幅偏离值累计达到20%的证券,2025-01-16
104,001391,国货航,7.93,-7.7907,1,1,85049535.15,87354738.78,-2305203.63,3245539131,-0.071026832121,46.4562,66.53,日换手率达到20%的前5只证券,2025-01-10
105,002578,闽发铝业,3.64,9.9698,0,2,6046004.0,8380058.0,-2334054.0,260059049,-0.897509242218,4.6723,31.35,连续三个交易日内，涨幅偏离值累计达到20%的证券,2025-01-17
106,002569,*ST步森,9.42,-3.7794,1,2,1148472.0,4335574.7,-3187102.7,33323325,-9.564179744968,2.2481,13.18,连续三个交易日内，跌幅偏离值累计达到12%的ST证券、*ST证券和未完成股改证券,2025-01-14
107,002569,*ST步森,9.42,-3.7794,1,2,1148472.0,4335574.7,-3187102.7,29679487,-10.738402250686,2.2481,13.18,日跌幅偏离值达到7%的前5只证券,2025-01-14
108,002187,广百股份,9.15,9.976,1,2,34089278.0,37382733.0,-3293455.0,1178068332,-0.279564004102,26.4459,47.32,日振幅值达到15%的前5只证券,2025-01-15
109,002917,金奥博,11.86,10.0186,0,1,2175221.0,5490695.0,-3315474.0,254597997,-1.302238838902,2.7832,30.9,连续三个交易日内，涨幅偏离值累计达到20%的证券,2025-01-10
110,000820,神雾节能,3.54,-8.9974,0,1,505091.0,3989237.0,-3484146.0,176684437,-1.9719597601,15.7446,10.34,日振幅值达到15%的前5只证券,2025-01-10
111,300615,欣天科技,13.36,-15.0127,2,2,21595221.15,25461222.32,-3866001.17,536111072,-0.721119441831,28.6149,17.57,日跌幅达到15%的前5只证券,2025-01-10
112,300792,壹网壹创,31.33,19.9923,0,1,0.0,4075771.0,-4075771.0,358821853,-1.135875913332,2.514,66.59,连续三个交易日内，涨幅偏离值累计达到30%的证券,2025-01-15
113,002552,宝鼎科技,16.72,10.0,0,1,2361468.0,7776758.0,-5415290.0,687247346,-0.78796812116,14.0195,53.54,日振幅值达到15%的前5只证券,2025-01-15
114,301000,肇民科技,31.97,12.4912,2,2,66694991.4,72145699.67,-5450708.27,2089686438,-0.26083857228,19.404,73.07,连续三个交易日内，涨幅偏离值累计达到30%的证券,2025-01-10
115,301399,英特科技,28.21,1.4019,3,2,19097129.85,25497321.3,-6400191.45,526688221,-1.215176492432,47.5278,10.64,日换手率达到30%的前5只证券,2025-01-15
116,301601,惠通科技,47.4,301.6949,0,1,0.0,6406343.78,-6406343.78,1286000312,-0.4981603597,81.25,14.21,无价格涨跌幅限制的证券,2025-01-15
117,300242,佳云科技,5.5,20.0873,2,3,54835464.0,61247705.0,-6412241.0,1345432766,-0.47659319455,28.7619,34.63,连续三个交易日内，涨幅偏离值累计达到30%的证券,2025-01-15
118,002115,三维通信,7.81,3.1704,1,2,135861607.6,142400298.0,-6538690.4,2634141115,-0.248228553997,46.1105,58.75,日换手率达到20%的前5只证券,2025-01-16
119,605033,美邦股份,23.44,9.9953,2,2,122228900.0,129049600.0,-6820700.0,1247597900,-0.54670659513,11.5582,31.69,有价格涨跌幅限制的连续10个交易日内收盘价格涨幅偏离值累计达到100%的证券,2025-01-10
120,002767,先锋电子,15.82,10.0139,1,1,5938168.0,12786314.0,-6848146.0,355924211,-1.924046127899,14.6824,20.59,连续三个交易日内，涨幅偏离值累计达到20%的证券,2025-01-17
121,301608,博实结,78.88,8.0548,0,1,4356245.0,11405749.0,-7049504.0,523586508,-1.346387634572,39.0464,13.34,日换手率达到30%的前5只证券,2025-01-16
122,300715,凯伦股份,9.5,-18.734,0,1,1518977.0,8596044.04,-7077067.04,417039475,-1.696977735741,12.3927,31.75,日跌幅达到15%的前5只证券,2025-01-10
123,002636,金安国纪,9.33,10.0236,0,1,545575.0,7635846.92,-7090271.92,740653451,-0.957299518476,9.5746,67.58,连续三个交易日内，涨幅偏离值累计达到20%的证券,2025-01-16
124,301252,同星科技,37.35,-4.8408,1,2,10408047.55,17777106.75,-7369059.2,438089933,-1.682088230044,36.3971,12.19,日换手率达到30%的前5只证券,2025-01-10
125,002691,*ST冀凯,6.24,10.0529,0,2,1557484.0,9281736.0,-7724252.0,170498311,-4.530397958018,3.2224,20.97,连续三个交易日内，涨幅偏离值累计达到20%的证券,2025-01-16
126,603177,德创环保,8.69,10.0,0,1,0.0,7775180.0,-7775180.0,198237157,-3.922160768276,4.102,17.74,非ST、*ST和S证券连续三个交易日内收盘价格涨幅偏离值累计达到20%的证券,2025-01-15
127,605033,美邦股份,25.78,9.9829,2,2,139705400.0,147582600.0,-7877200.0,1492636800,-0.527737223148,7.0818,34.85,连续10个交易日内4次出现同正向异常波动的证券,2025-01-13
128,002582,好想你,10.47,9.979,0,1,9157969.0,17659853.0,-8501884.0,1501878591,-0.566083307329,44.5387,36.02,日换手率达到20%的前5只证券,2025-01-16
129,002582,好想你,10.47,9.979,0,1,9157969.0,17659853.0,-8501884.0,1501878591,-0.566083307329,44.5387,36.02,日涨幅偏离值达到7%的前5只证券,2025-01-16
130,002582,好想你,10.47,9.979,0,1,9157969.0,17659853.0,-8501884.0,1501878591,-0.566083307329,44.5387,36.02,日振幅值达到15%的前5只证券,2025-01-16
131,002187,广百股份,10.07,10.0546,1,1,28300574.0,36920839.0,-8620265.0,1085625379,-0.794036798213,21.944,52.07,日涨幅偏离值达到7%的前5只证券,2025-01-16
132,002193,ST如意,6.67,-9.9865,0,2,146823.0,9084652.0,-8937829.0,295534290,-3.024295082645,16.2626,17.46,日跌幅偏离值达到7%的前5只证券,2025-01-17
133,002571,德力股份,4.77,-10.0,0,1,23604.0,9093838.01,-9070234.01,453279935,-2.001022615307,29.7336,14.23,日换手率达到20%的前5只证券,2025-01-13
134,002571,德力股份,4.77,-10.0,0,1,23604.0,9093838.01,-9070234.01,453279935,-2.001022615307,29.7336,14.23,日振幅值达到15%的前5只证券,2025-01-13
135,002733,雄韬股份,20.49,-10.0132,1,1,22333687.0,31566774.2,-9233087.2,1880630274,-0.490957065174,23.6252,75.58,日跌幅偏离值达到7%的前5只证券,2025-01-10
136,920533,骏创科技,30.3,6.1296,0,1,0.0,9887420.37,-9887420.37,421146100,-2.347741168682,35.8471,11.5,当日换手率达到20%的前5只股票,2025-01-10
137,688288,鸿泉技术,21.24,20.0,0,1,0.0,10212200.0,-10212200.0,272726100,-3.744489434638,13.2412,21.38,有价格涨跌幅限制的日收盘价格涨幅达到15%的前五只证券,2025-01-16
138,688288,鸿泉技术,21.24,20.0,0,1,0.0,10212200.0,-10212200.0,454606000,-2.246384781547,13.2412,21.38,有价格涨跌幅限制的连续3个交易日内收盘价格涨幅偏离值累计达到30%的证券,2025-01-16
139,600507,方大特钢,4.14,10.1064,0,1,0.0,10308073.0,-10308073.0,217001875,-4.750223010746,2.2882,95.77,有价格涨跌幅限制的日收盘价格涨幅偏离值达到7%的前五只证券,2025-01-13
140,300100,双林股份,34.44,14.8766,1,2,92212693.88,103690468.94,-11477775.06,5077931906,-0.226032472914,22.0137,133.3,连续三个交易日内，涨幅偏离值累计达到30%的证券,2025-01-10
141,000573,粤宏远A,5.53,9.9404,1,2,78991466.2,90662849.44,-11671383.24,1370800682,-0.851428175756,41.8687,35.0,日振幅值达到15%的前5只证券,2025-01-10
142,000573,粤宏远A,5.53,9.9404,1,2,78991466.2,90662849.44,-11671383.24,1370800682,-0.851428175756,41.8687,35.0,日涨幅偏离值达到7%的前5只证券,2025-01-10
143,000573,粤宏远A,5.53,9.9404,1,2,78991466.2,90662849.44,-11671383.24,1370800682,-0.851428175756,41.8687,35.0,日换手率达到20%的前5只证券,2025-01-10
144,002187,广百股份,10.07,10.0546,1,2,62389852.0,74303572.0,-11913720.0,2263693711,-0.526295582397,21.944,52.07,连续三个交易日内，涨幅偏离值累计达到20%的证券,2025-01-16
145,301458,钧崴电子,36.1,247.1154,0,2,0.0,12537682.66,-12537682.66,1812436017,-0.691758635472,75.9237,22.05,无价格涨跌幅限制的证券,2025-01-10
146,603166,福达股份,9.69,9.9886,0,1,0.0,12650520.0,-12650520.0,1092368044,-1.158082211347,18.0966,61.92,有价格涨跌幅限制的日价格振幅达到15%的前五只证券,2025-01-17
147,300242,佳云科技,5.5,20.0873,0,3,19757699.0,32627738.0,-12870039.0,947596045,-1.358177787667,28.7619,34.63,日涨幅达到15%的前5只证券,2025-01-15
148,300153,科泰电源,15.06,20.0,2,2,39121139.0,52622900.0,-13501761.0,1036317304,-1.302859746516,23.5508,47.94,日涨幅达到15%的前5只证券,2025-01-17
149,002543,万和电气,11.94,10.0461,0,1,0.0,13540800.0,-13540800.0,439253490,-3.082684670303,4.1846,79.0,连续三个交易日内，涨幅偏离值累计达到20%的证券,2025-01-17
150,002364,中恒电气,12.64,-9.9715,1,1,15790208.0,30601094.0,-14810886.0,896034396,-1.65293721604,12.5941,70.54,日跌幅偏离值达到7%的前5只证券,2025-01-13
151,603118,共进股份,10.18,10.0541,0,1,0.0,14975236.0,-14975236.0,1298452313,-1.15331428425,16.6195,80.14,有价格涨跌幅限制的日收盘价格涨幅偏离值达到7%的前五只证券,2025-01-16
152,002582,好想你,9.52,10.0578,0,2,22135366.0,37117657.04,-14982291.04,1268369618,-1.181224370828,40.2995,32.75,日换手率达到20%的前5只证券,2025-01-15
153,002917,金奥博,19.12,10.0115,0,1,20891817.6,36232101.0,-15340283.4,3832695884,-0.400247863757,38.1784,49.81,连续三个交易日内，涨幅偏离值累计达到20%的证券,2025-01-17
154,603158,腾龙股份,9.56,10.0115,0,1,0.0,15820818.0,-15820818.0,645254907,-2.451871009173,3.3187,46.92,非ST、*ST和S证券连续三个交易日内收盘价格涨幅偏离值累计达到20%的证券,2025-01-14
155,000903,ST云动,2.95,4.2403,0,2,1929466.0,18332364.3,-16402898.3,848726103,-1.932649207091,16.1498,56.65,日振幅值达到15%的前5只证券,2025-01-14
156,603086,先达股份,5.03,-10.0179,0,2,0.0,16491010.08,-16491010.08,533704433,-3.089914390874,22.9863,21.87,有价格涨跌幅限制的日价格振幅达到15%的前五只证券,2025-01-15
157,603086,先达股份,5.03,-10.0179,0,2,0.0,16491010.08,-16491010.08,533704433,-3.089914390874,22.9863,21.87,有价格涨跌幅限制的日收盘价格跌幅偏离值达到7%的前五只证券,2025-01-15
158,002164,宁波东力,6.39,9.9828,1,3,12426971.0,29040878.0,-16613907.0,478340997,-3.473235015229,7.5233,30.66,连续三个交易日内，涨幅偏离值累计达到20%的证券,2025-01-15
159,002418,康盛股份,3.74,10.0,0,1,5462258.0,22259958.0,-16797700.0,1131350577,-1.484747552305,29.3311,42.5,日振幅值达到15%的前5只证券,2025-01-13
160,002418,康盛股份,3.74,10.0,0,1,5462258.0,22259958.0,-16797700.0,1131350577,-1.484747552305,29.3311,42.5,日换手率达到20%的前5只证券,2025-01-13
161,002418,康盛股份,3.74,10.0,0,1,5462258.0,22259958.0,-16797700.0,1131350577,-1.484747552305,29.3311,42.5,日涨幅偏离值达到7%的前5只证券,2025-01-13
162,301157,华塑科技,60.35,8.6409,0,1,1690116.0,20554547.0,-18864431.0,594170094,-3.174920984832,49.5877,12.47,日换手率达到30%的前5只证券,2025-01-14
163,603086,先达股份,5.08,9.9567,0,1,0.0,19672096.8,-19672096.8,381173068,-5.160935661908,11.6777,22.09,非ST、*ST和S证券连续三个交易日内收盘价格涨幅偏离值累计达到20%的证券,2025-01-13
164,002712,思美传媒,6.27,10.0,0,2,6388311.0,26489927.08,-20101616.08,1037430841,-1.937634325641,25.908,33.91,连续三个交易日内，涨幅偏离值累计达到20%的证券,2025-01-16
165,301315,威士顿,67.9,5.9944,0,1,6544981.0,26910981.72,-20366000.72,981652988,-2.074663956506,39.8812,25.12,日换手率达到30%的前5只证券,2025-01-13
166,301413,安培龙,77.97,17.3717,2,1,78288520.7,99184183.03,-20895662.33,1795459259,-1.163805985864,26.5074,41.06,连续三个交易日内，涨幅偏离值累计达到30%的证券,2025-01-13
167,002779,中坚科技,78.68,2.9169,3,4,226514805.86,249004007.0,-22489201.14,3174114537,-0.708518891737,12.1904,93.18,连续三个交易日内，涨幅偏离值累计达到20%的证券,2025-01-10
168,300807,天迈科技,36.2,-18.395,0,1,2362349.0,26030178.7,-23667829.7,654542569,-3.615934367135,34.122,17.76,日跌幅达到15%的前5只证券,2025-01-10
169,000573,粤宏远A,4.56,-5.1975,0,1,205650.0,24623557.97,-24417907.97,2012424274,-1.213357853285,25.4235,28.86,连续三个交易日内，跌幅偏离值累计达到20%的证券,2025-01-15
170,002605,姚记科技,29.05,2.5053,1,2,11126559.04,35635419.0,-24508859.96,1382752823,-1.772468625797,14.6926,96.86,日振幅值达到15%的前5只证券,2025-01-16
171,000573,粤宏远A,4.81,-3.4137,0,1,0.0,24572659.97,-24572659.97,1065251368,-2.306747562891,34.8271,30.45,日换手率达到20%的前5只证券,2025-01-14
172,000573,粤宏远A,4.81,-3.4137,0,1,0.0,24572659.97,-24572659.97,1065251368,-2.306747562891,34.8271,30.45,日跌幅偏离值达到7%的前5只证券,2025-01-14
173,000573,粤宏远A,4.81,-3.4137,0,1,0.0,24572659.97,-24572659.97,1065251368,-2.306747562891,34.8271,30.45,日振幅值达到15%的前5只证券,2025-01-14
174,001255,博菲电气,32.6,2.5157,0,3,1888487.0,27285096.0,-25396609.0,284721877,-8.919795439533,43.1627,6.52,日换手率达到20%的前5只证券,2025-01-14
175,300299,富春股份,6.71,20.0358,1,4,39198143.0,65928316.4,-26730173.4,1296799916,-2.061241142153,29.1247,46.23,日涨幅达到15%的前5只证券,2025-01-15
176,600673,东阳光,11.47,-9.0404,1,2,54645542.0,81411193.89,-26765651.89,1383779570,-1.934242452358,3.9092,344.28,有价格涨跌幅限制的日收盘价格跌幅偏离值达到7%的前五只证券,2025-01-15
177,301082,久盛电气,16.57,9.8078,2,4,24629646.79,52812196.52,-28182549.73,511614694,-5.508549707527,34.8165,15.16,日换手率达到30%的前5只证券,2025-01-14
178,002660,茂硕电源,9.48,-9.9715,1,2,10938246.0,40054553.0,-29116307.0,647663353,-4.495592789855,24.9959,24.37,日振幅值达到15%的前5只证券,2025-01-13
179,002927,泰永长征,12.52,-9.9928,3,3,38393668.32,68968242.23,-30574573.91,1008321048,-3.03222609214,6.7781,27.62,连续三个交易日内，跌幅偏离值累计达到20%的证券,2025-01-13
180,301413,安培龙,77.97,17.3717,2,2,41298417.5,73666637.42,-32368219.92,1056880959,-3.062617378463,26.5074,41.06,日涨幅达到15%的前5只证券,2025-01-13
181,300344,立方退,9.16,20.0524,1,2,41179213.2,73794203.84,-32614990.64,2048266284,-1.592321803799,37.2041,58.57,日涨幅达到15%的前5只证券,2025-01-16
182,000533,顺钠股份,6.24,-9.9567,0,1,0.0,34597897.24,-34597897.24,3765445364,-0.91882616518,4.3999,42.74,连续三个交易日内，跌幅偏离值累计达到20%的证券,2025-01-13
183,002917,金奥博,17.38,10.0,0,1,787258.0,35544142.0,-34756884.0,1948075724,-1.784164936291,43.3849,45.27,日换手率达到20%的前5只证券,2025-01-16
184,002917,金奥博,17.38,10.0,0,1,787258.0,35544142.0,-34756884.0,1948075724,-1.784164936291,43.3849,45.27,日涨幅偏离值达到7%的前5只证券,2025-01-16
185,002218,拓日新能,3.68,0.5464,0,1,215267.0,35297420.0,-35082153.0,1452129555,-2.41591067954,8.3903,51.24,连续三个交易日内，跌幅偏离值累计达到20%的证券,2025-01-14
186,002131,利欧股份,4.04,10.0817,0,1,2304969.0,42326552.82,-40021583.82,2357086627,-1.697925878564,10.0565,236.33,日涨幅偏离值达到7%的前5只证券,2025-01-15
187,002187,广百股份,8.27,9.9734,1,4,36212282.0,77826492.58,-41614210.58,714978760,-5.820342212683,17.4844,42.77,日涨幅偏离值达到7%的前5只证券,2025-01-10
188,002103,广博股份,10.49,5.2156,2,3,59944357.0,103633993.91,-43689636.91,1180649426,-3.700475005355,30.4435,39.56,日换手率达到20%的前5只证券,2025-01-15
189,002364,中恒电气,12.13,-8.9339,2,3,91969557.0,136214121.71,-44244564.71,1541753990,-2.869755161782,21.4101,67.7,日跌幅偏离值达到7%的前5只证券,2025-01-15
190,600481,双良节能,5.6,6.6667,1,2,39878598.5,86975088.6,-47096490.1,847510898,-5.557036518485,8.2867,104.93,有价格涨跌幅限制的日价格振幅达到15%的前五只证券,2025-01-15
191,300661,圣邦股份,91.8,20.0,0,3,39185580.7,87755139.35,-48569558.65,1877189145,-2.587355609815,4.8218,416.81,日涨幅达到15%的前5只证券,2025-01-17
192,000016,*ST康佳A,6.19,1.9769,0,1,227231.0,49118333.88,-48891102.88,2707128176,-1.806013594533,27.0645,98.83,日振幅值达到15%的前5只证券,2025-01-15
193,000795,英洛华,13.01,9.9746,0,1,3490501.0,53508359.56,-50017858.56,3476834216,-1.438603495382,24.6189,147.49,日涨幅偏离值达到7%的前5只证券,2025-01-15
194,600601,方正科技,5.24,10.084,0,1,0.0,50452391.0,-50452391.0,3902938313,-1.292677130765,17.9506,218.52,有价格涨跌幅限制的日收盘价格涨幅偏离值达到7%的前五只证券,2025-01-10
195,600601,方正科技,5.24,10.084,0,1,0.0,50600427.0,-50600427.0,4565102848,-1.10841811641,17.9506,218.52,非ST、*ST和S证券连续三个交易日内收盘价格涨幅偏离值累计达到20%的证券,2025-01-10
196,603119,浙江荣泰,25.03,4.2917,0,2,0.0,52676528.36,-52676528.36,902608427,-5.836033299078,18.3286,51.03,有价格涨跌幅限制的日价格振幅达到15%的前五只证券,2025-01-14
197,301001,凯淳股份,40.1,-0.2488,5,5,55469498.0,116871654.0,-61402156.0,737248554,-8.328555636611,35.1897,20.17,日换手率达到30%的前5只证券,2025-01-15
198,300085,银之杰,41.71,19.9942,0,2,25542815.0,95437708.32,-69894893.32,4083939343,-1.711457674801,16.7623,264.8,日涨幅达到15%的前5只证券,2025-01-14
199,603068,博通集成,38.23,10.0144,0,1,0.0,87765920.5,-87765920.5,1681362071,-5.219929842226,20.8287,57.51,非ST、*ST和S证券连续三个交易日内收盘价格涨幅偏离值累计达到20%的证券,2025-01-16
200,300152,*ST动力,5.77,19.9584,1,5,25539817.0,119269289.95,-93729472.95,955723006,-9.807179733204,24.1015,41.11,日涨幅达到15%的前5只证券,2025-01-16
201,300822,贝仕达克,25.56,7.9392,1,5,47599869.61,169041555.46,-121441685.85,1810169421,-6.708857438488,17.5105,73.86,连续三个交易日内，涨幅偏离值累计达到30%的证券,2025-01-10
202,002449,国星光电,12.54,-9.9785,0,2,6651954.0,131630533.1,-124978579.1,2324901885,-5.375649609403,28.4954,77.56,日跌幅偏离值达到7%的前5只证券,2025-01-10
203,603667,五洲新春,37.99,9.9884,0,1,0.0,181461485.6,-181461485.6,6724788736,-2.698396822915,3.8779,139.12,非ST、*ST和S证券连续三个交易日内收盘价格涨幅偏离值累计达到20%的证券,2025-01-15
204,603667,五洲新春,40.3,6.0805,0,2,0.0,181756854.88,-181756854.88,5517281700,-3.294318919406,36.888,147.58,有价格涨跌幅限制的日换手率达到20%的前五只证券,2025-01-16
205,002025,航天电器,44.23,-9.9919,2,5,25325849.73,241184322.59,-215858472.86,608844349,-35.453802472592,2.9415,200.17,日跌幅偏离值达到7%的前5只证券,2025-01-15
206,002131,利欧股份,4.11,1.7327,1,2,193299675.44,470224173.23,-276924497.79,10673819441,-2.59442741486,44.3239,240.42,日换手率达到20%的前5只证券,2025-01-16
207,002131,利欧股份,4.11,1.7327,1,2,193299675.44,470224173.23,-276924497.79,10673819441,-2.59442741486,44.3239,240.42,日振幅值达到15%的前5只证券,2025-01-16
208,603063,禾望电气,29.92,7.01,0,4,0.0,408276572.25,-408276572.25,3718498991,-10.97960691231,28.5086,132.85,有价格涨跌幅限制的日换手率达到20%的前五只证券,2025-01-10
