序号,营业部名称,上榜次数,合计动用资金,年内上榜次数,年内买入股票只数,年内3日跟买成功率
1,高盛（中国）证券有限责任公司上海浦东新...,15,5.84亿,2566,1793,46.47%
2,中信证券股份有限公司上海分公司,14,3.56亿,2044,1259,45.19%
3,深股通专用,14,36.12亿,3391,3228,46.18%
4,东方财富证券股份有限公司拉萨金融城南环...,14,4.74亿,2264,1581,43.45%
5,开源证券股份有限公司西安西大街证券营业部,13,7.19亿,1253,829,45.40%
6,沪股通专用,13,23.62亿,2428,2227,47.48%
7,中国国际金融股份有限公司上海分公司,11,6.83亿,1498,795,45.47%
8,国信证券股份有限公司浙江互联网分公司,10,4.59亿,1860,1443,41.47%
9,国泰海通证券股份有限公司总部,8,2.14亿,2970,2171,46.26%
10,东方财富证券股份有限公司拉萨东环路第二...,7,1.19亿,2521,1714,44.67%
11,招商证券股份有限公司深圳益田路免税商务...,6,1.29亿,463,218,48.65%
12,国泰海通证券股份有限公司上海长宁区江苏...,6,2.29亿,779,484,48.68%
13,东方财富证券股份有限公司拉萨团结路第一...,5,8833.30万,2211,1474,44.23%
14,东方财富证券股份有限公司山南香曲东路证...,5,2.06亿,880,560,45.55%
15,瑞银证券有限责任公司上海花园石桥路证券...,5,1.18亿,1903,1144,48.60%
16,国泰海通证券股份有限公司北京知春路证券...,4,5.14亿,363,217,47.88%
17,摩根大通证券（中国）有限公司上海银城中...,4,2.67亿,1479,980,46.33%
18,华鑫证券有限责任公司绍兴胜利东路证券营业部,3,5685.14万,274,197,41.97%
19,东方财富证券股份有限公司拉萨东环路第一...,3,5632.71万,1327,830,41.99%
20,东方财富证券股份有限公司昌都两江大道证...,3,3694.66万,747,483,42.65%
21,华鑫证券有限责任公司绍兴胜利东路证券营业部,3,5685.14万,274,197,41.97%
22,东方财富证券股份有限公司昌都两江大道证...,3,3694.66万,747,483,42.65%
23,东方财富证券股份有限公司拉萨东环路第一...,3,5632.71万,1327,830,41.99%
24,平安证券股份有限公司浙江分公司,2,4909.92万,191,120,45.97%
25,国新证券股份有限公司北京分公司,2,1.91亿,349,182,49.73%
26,招商证券股份有限公司深圳招商证券大厦证...,2,2868.59万,89,41,40.48%
27,国泰海通证券股份有限公司成都龙腾东路证...,2,4900.50万,32,17,68.75%
28,东方证券股份有限公司张家港东环路证券营业部,2,6262.05万,69,48,36.36%
29,国金证券股份有限公司深圳分公司,2,1431.84万,1353,860,46.48%
30,中信建投证券股份有限公司福州东街证券营业部,2,6164.09万,43,20,73.68%
31,国信证券股份有限公司北京分公司,2,3366.30万,194,108,41.67%
32,国新证券股份有限公司北京中关村大街证券...,2,5185.84万,232,127,45.97%
33,麦高证券有限责任公司北京分公司,2,1106.06万,168,115,45.76%
34,国泰海通证券股份有限公司上海分公司,2,4037.26万,166,113,53.98%
35,国泰海通证券股份有限公司成都北一环路证...,2,3409.48万,494,309,49.87%
36,国泰海通证券股份有限公司南京胜利路证券...,2,4870.64万,16,10,50.00%
37,国泰海通证券股份有限公司南京太平南路证...,2,5757.56万,388,242,45.42%
38,平安证券股份有限公司深圳蛇口招商路招商...,2,1663.44万,32,15,56.25%
39,国泰海通证券股份有限公司成都双庆路证券...,1,2.18亿,150,136,33.58%
40,国联民生证券股份有限公司苏州南天成路证...,1,2958.53万,3,0,无符合数据
41,中泰证券股份有限公司青岛正阳路证券营业部,1,415.06万,1,0,无符合数据
42,平安证券股份有限公司北京市分公司,1,299.96万,53,22,59.09%
43,华鑫证券有限责任公司上海陆家嘴证券营业部,1,1.85亿,264,211,40.57%
44,国泰海通证券股份有限公司上海宝山区牡丹...,1,1942.59万,13,5,无符合数据
45,山西证券股份有限公司介休北坛中路证券营业部,1,801.38万,3,1,无符合数据
46,东吴证券股份有限公司苏州西北街证券营业部,1,681.92万,121,70,57.53%
47,国信证券股份有限公司福建分公司,1,56.72万,38,19,33.33%
48,中信证券股份有限公司东阳吴宁西路证券营业部,1,4240.57万,104,55,50.70%
49,中国中金财富证券有限公司北京建国门外大...,1,8571.68万,14,7,无符合数据
50,国泰海通证券股份有限公司深圳福田中心区...,1,1985.66万,48,27,46.67%
51,开源证券股份有限公司西安高新成章路证券...,1,1419.66万,126,88,45.98%
52,国泰海通证券股份有限公司上海静安区江场...,1,1429.70万,8,6,50.00%
53,中泰证券股份有限公司宁波分公司,1,174.91万,19,12,81.82%
54,方正证券股份有限公司北京阜外大街证券营业部,1,522.99万,12,2,60.00%
55,国联民生证券股份有限公司苏州南天成路证...,1,2958.53万,3,0,无符合数据
56,国泰海通证券股份有限公司上海浦东新区锦...,1,621.92万,41,33,45.16%
57,五矿证券有限公司深圳深南大道证券营业部,1,6090.55万,5,3,无符合数据
58,国泰海通证券股份有限公司成都双庆路证券...,1,2.18亿,150,136,33.58%
59,国信证券股份有限公司厦门湖滨北路证券营业部,1,135.44万,40,28,54.84%
60,国泰海通证券股份有限公司上海静安区新闸...,1,6818.20万,334,217,48.94%
61,光大证券股份有限公司河源永和东路证券营业部,1,757.57万,10,9,37.50%
62,国金证券股份有限公司杭州利一路证券营业部,1,382.52万,16,5,无符合数据
63,国泰海通证券股份有限公司上海静安区新闸...,1,6818.20万,334,217,48.94%
64,国信证券股份有限公司厦门湖滨北路证券营业部,1,135.44万,40,28,54.84%
65,国泰海通证券股份有限公司成都双庆路证券...,1,2.18亿,150,136,33.58%
66,五矿证券有限公司深圳深南大道证券营业部,1,6090.55万,5,3,无符合数据
67,国泰海通证券股份有限公司上海浦东新区锦...,1,621.92万,41,33,45.16%
68,华泰证券股份有限公司深圳彩田路证券营业部,1,3457.37万,40,24,40.00%
69,国泰海通证券股份有限公司成都龙腾东路营业部,1,7833.61万,27,16,50.00%
70,国泰海通证券股份有限公司武汉紫阳东路证...,1,5756.84万,442,296,51.88%
71,中信证券股份有限公司北京紫竹院路证券营业部,1,2499.64万,42,20,68.42%
72,长江证券股份有限公司长沙晚报大道证券营业部,1,2231.27万,10,5,无符合数据
73,中国中金财富证券有限公司广州番禺东兴路...,1,405.75万,61,38,35.14%
74,华鑫证券有限责任公司上海分公司,1,740.23万,262,213,38.91%
75,国泰海通证券股份有限公司上海静安区江场...,1,1429.70万,8,6,50.00%
76,开源证券股份有限公司西安高新成章路证券...,1,1419.66万,126,88,45.98%
77,国泰海通证券股份有限公司浙江宁波解放北...,1,1093.12万,1,0,无符合数据
78,中信证券股份有限公司总部(非营业场所),1,81.51万,36,14,55.00%
79,中国中金财富证券有限公司北京建国门外大...,1,8571.68万,14,7,无符合数据
80,中信证券股份有限公司东阳吴宁西路证券营业部,1,4240.57万,104,55,50.70%
81,国泰海通证券股份有限公司深圳福田中心区...,1,1985.66万,48,27,46.67%
82,国信证券股份有限公司深圳互联网分公司,1,3318.34万,744,524,44.04%
83,中信建投证券股份有限公司北京朝外大街证...,1,372.98万,4,3,无符合数据
84,国联民生证券股份有限公司浙江分公司,1,4710.25万,2,0,无符合数据
85,中国银河证券股份有限公司北京学院南路证...,1,1516.95万,167,95,48.94%
86,万联证券股份有限公司内江兰桂大道证券营业部,1,248.35万,22,12,76.92%
87,中国银河证券股份有限公司南京江东中路证...,1,1893.61万,6,2,无符合数据
88,联储证券股份有限公司陕西分公司,1,122.01万,22,16,54.17%
89,广发证券股份有限公司广州寺右新马路证券...,1,1260.39万,50,32,41.94%
90,中国银河证券股份有限公司深圳罗湖证券营业部,1,306.04万,6,3,无符合数据
91,兴业证券股份有限公司山西分公司,1,295.79万,8,5,无符合数据
92,国泰海通证券股份有限公司广州东风西路证...,1,84.30万,16,4,无符合数据
93,国泰海通证券股份有限公司重庆中山三路证...,1,878.84万,20,10,50.00%
94,开源证券股份有限公司西安太华路证券营业部,1,6385.14万,1190,809,49.12%
95,中国中金财富证券有限公司福州分公司,1,589.57万,2,0,无符合数据
96,国盛证券股份有限公司宁波桑田路证券营业部,1,7200.99万,123,65,50.00%
97,中信建投证券股份有限公司北京北四环东路...,1,946.63万,8,2,无符合数据
98,德邦证券股份有限公司上海普陀区志丹路证...,1,2477.41万,8,4,无符合数据
99,华泰证券股份有限公司常州分公司,1,283.60万,5,4,无符合数据
100,国泰海通证券股份有限公司三亚迎宾路证券...,1,9513.85万,106,60,50.67%
101,德邦证券股份有限公司上海普陀区志丹路证...,1,2477.41万,8,4,无符合数据
102,华泰证券股份有限公司常州分公司,1,283.60万,5,4,无符合数据
103,国泰海通证券股份有限公司三亚迎宾路证券...,1,9513.85万,106,60,50.67%
104,中国银河证券股份有限公司汕头嵩山路证券...,1,3529.03万,6,4,无符合数据
105,中国银河证券股份有限公司北京亦庄证券营业部,1,374.45万,8,3,无符合数据
106,兴业证券股份有限公司福州湖东路证券营业部,1,1822.69万,11,3,无符合数据
107,平安证券股份有限公司绍兴解放大道证券营业部,1,1437.32万,5,3,无符合数据
108,东北证券股份有限公司长春东风大街证券营业部,1,899.94万,1,0,无符合数据
109,华宝证券股份有限公司上海东大名路证券营业部,1,9.94亿,395,329,39.67%
110,中泰证券股份有限公司杭州湖墅南路证券营业部,1,1419.47万,18,10,66.67%
111,中信建投证券股份有限公司北京朝阳分公司,1,183.33万,23,8,44.44%
112,浙商证券股份有限公司台州环城东路证券营业部,1,124.18万,16,5,33.33%
113,华泰证券股份有限公司北京雍和宫证券营业部,1,439.58万,10,4,无符合数据
114,国信证券股份有限公司西安科技二路证券营业部,1,394.67万,11,2,无符合数据
115,广发证券股份有限公司郑州农业路证券营业部,1,1166.86万,119,80,45.92%
116,光大证券股份有限公司上海中兴路证券营业部,1,451.40万,2,0,无符合数据
117,广发证券股份有限公司西安南广济街证券营业部,1,1564.92万,26,15,57.14%
118,中国中金财富证券有限公司北京分公司,1,68.80万,2,1,无符合数据
119,东亚前海证券有限责任公司苏州分公司,1,1388.51万,307,175,46.85%
120,华泰证券股份有限公司总部,1,1683.94万,644,444,41.60%
121,光大证券股份有限公司上海中兴路证券营业部,1,451.40万,2,0,无符合数据
122,广发证券股份有限公司西安南广济街证券营业部,1,1564.92万,26,15,57.14%
123,中国中金财富证券有限公司北京分公司,1,68.80万,2,1,无符合数据
124,东亚前海证券有限责任公司苏州分公司,1,1388.51万,307,175,46.85%
125,华泰证券股份有限公司总部,1,1683.94万,644,444,41.60%
126,招商证券股份有限公司上海牡丹江路证券营业部,1,157.53万,83,49,32.76%
127,国金证券股份有限公司北京长椿街证券营业部,1,764.77万,10,5,无符合数据
128,中信建投证券股份有限公司上海营口路证券...,1,188.66万,232,126,47.76%
129,中国中金财富证券有限公司北京北三环东路...,1,138.32万,16,2,无符合数据
130,英大证券有限责任公司绵阳体运村路证券营业部,1,210.38万,1,1,无符合数据
131,广发证券股份有限公司九江长虹大道证券营业部,1,117.24万,11,4,无符合数据
132,国泰海通证券股份有限公司上海松江区中山...,1,5331.47万,367,236,52.03%
133,广发证券股份有限公司杭州博奥路证券营业部,1,3951.44万,7,4,无符合数据
134,国泰海通证券股份有限公司长春东北亚国际...,1,1258.86万,1,0,无符合数据
135,东吴证券股份有限公司上海西藏南路证券营业部,1,924.11万,114,61,43.48%
136,长江证券股份有限公司武汉珞瑜路证券营业部,1,610.49万,4,0,无符合数据
137,华鑫证券有限责任公司泉州分公司,1,2397.26万,7,1,无符合数据
138,兴业证券股份有限公司深圳东海国际证券营业部,1,1361.33万,13,4,无符合数据
139,东北证券股份有限公司深圳分公司,1,3255.43万,9,5,无符合数据
140,中信建投证券股份有限公司广州珠江新城证...,1,223.00万,35,23,47.83%
141,中信建投证券股份有限公司北京海淀分公司,1,246.54万,37,14,46.67%
142,华安证券股份有限公司池州分公司,1,2746.45万,6,0,无符合数据
143,国投证券股份有限公司上海四平路证券营业部,1,453.61万,29,18,35.29%
144,招商证券股份有限公司深圳科技园高新南一...,1,5991.26万,25,14,47.06%
145,国信证券股份有限公司公司总部,1,3001.02万,4,1,无符合数据
146,国信证券股份有限公司深圳红岭中路证券营业部,1,701.23万,630,328,44.06%
147,申万宏源证券有限公司上海闵行区莘松路证...,1,387.25万,16,5,无符合数据
148,国泰海通证券股份有限公司深圳福田中心区...,1,1985.66万,48,27,46.67%
