code,date,close,preclose,streak,yizi,open_gap,turn_pct,amount,circ_mcap_yuan,gain20_before,isST,board_pct,code6,name
sh.688585,2025-07-22,48.19,40.16,10,False,19.15,7.5646,1455243633.41,19237549023.0,535.75,0,0.2,688585,上纬新材
sh.600749,2025-07-31,28.2,25.64,8,False,9.98,20.3202,1284658698.88,6322077041.0,138.98,0,0.1,600749,西藏旅游
sh.605303,2025-08-26,24.24,22.04,7,False,0.73,29.3634,1002315482.66,3413485777.0,92.53,0,0.1,605303,园林股份
sh.600421,2025-08-19,8.6,8.19,6,False,5.01,13.1347,217246572.72,1653989606.0,27.22,1,0.1,600421,?
sh.600475,2025-07-10,18.4,16.73,6,False,5.5,2.4863,427768679.27,17205030739.0,75.41,0,0.1,600475,华光环能
sh.600826,2025-07-18,14.49,13.17,6,False,3.87,17.8998,1872365068.31,10460256921.0,89.91,0,0.1,600826,兰生股份
sh.603316,2025-07-03,11.97,10.88,6,False,2.02,35.3476,1050670835.31,2972396529.0,75.51,0,0.1,603316,诚邦股份
sh.603377,2025-08-26,3.96,3.77,6,False,5.04,3.3061,93592695.24,2830909387.0,34.24,1,0.1,603377,ST东时
sh.603626,2025-08-22,15.26,13.87,6,False,0.94,34.1827,2843620481.93,8318887864.0,79.32,0,0.1,603626,科森科技
sh.603757,2025-08-18,51.85,47.14,6,False,9.25,19.556,1618215134.43,8274775693.0,118.96,0,0.1,603757,大元泵业
sh.605255,2025-08-29,47.19,42.9,6,True,10.0,0.0837,5294718.0,6325827957.0,83.62,0,0.1,605255,天普股份
sh.605500,2025-07-10,13.28,12.07,6,False,3.56,12.063,623340068.25,5167371866.0,77.07,0,0.1,605500,森林包装
sz.002231,2025-08-19,4.62,4.4,6,True,5.0,0.4625,6298889.52,1361922058.0,54.0,1,0.1,002231,?
sz.002289,2025-08-08,25.99,24.75,6,False,4.69,0.8252,59935340.85,7263129041.0,35.15,1,0.1,002289,宇顺电子
sh.600117,2025-07-25,3.8,3.45,5,False,10.14,7.7838,962265482.34,12362412733.0,71.17,0,0.1,600117,西宁特钢
sh.600326,2025-07-25,15.43,14.03,5,False,9.98,45.8111,9336744998.83,20380966619.0,77.15,0,0.1,600326,西藏天路
sh.600744,2025-07-09,8.11,7.37,5,False,2.99,10.9846,1773536260.64,16145660840.0,74.03,0,0.1,600744,华银电力
sh.600777,2025-07-14,4.11,3.91,5,False,5.12,1.3177,344388691.13,26135591647.0,28.04,1,0.1,600777,新潮能源
sh.600822,2025-07-17,16.09,14.63,5,False,2.05,19.2148,1192535436.04,6206338010.0,67.78,0,0.1,600822,上海物贸
sh.600962,2025-07-11,21.64,19.67,5,False,10.02,10.9307,619638503.34,5668790684.0,56.13,0,0.1,600962,国投中鲁
sh.601929,2025-08-13,3.6,3.27,5,False,9.79,11.293,1403825347.32,12430933741.0,100.0,0,0.1,601929,吉视传媒
sh.603059,2025-08-06,44.97,40.88,5,True,10.0,3.9937,180402056.73,4517165955.0,74.64,0,0.1,603059,倍加洁
sh.603222,2025-08-20,11.86,10.78,5,False,-5.19,31.3073,1827833085.59,5838360656.0,69.91,0,0.1,603222,济民健康
sh.603389,2025-08-05,26.1,24.86,5,True,4.99,0.1169,8015832.0,6856999145.0,46.71,1,0.1,603389,亚振家居
sh.603767,2025-08-07,29.15,26.5,5,False,10.0,2.5649,230435016.4,8984171562.0,67.05,0,0.1,603767,中马传动
sh.605122,2025-07-11,18.99,17.26,5,False,10.02,22.0288,634864499.33,2881974957.0,65.13,0,0.1,605122,四方新材
sz.002046,2025-08-08,31.05,28.23,5,False,0.0,24.7657,3945998354.71,15933320499.0,94.92,0,0.1,002046,国机精工
sz.002199,2025-08-07,10.97,10.45,5,False,1.63,3.5858,95015630.62,2649774963.0,27.41,1,0.1,002199,东晶电子
sz.002305,2025-08-18,4.36,4.15,5,False,2.41,2.3728,177567223.12,7483446693.0,76.52,1,0.1,002305,*ST南置
sz.002636,2025-07-09,15.09,13.72,5,True,9.99,0.9891,108110479.11,10930186949.0,71.87,0,0.1,002636,金安国纪
sz.002808,2025-07-18,5.86,5.58,5,False,4.12,2.8083,30542019.14,1087562552.0,44.69,1,0.1,002808,?
sh.600107,2025-08-21,5.27,5.02,4,True,4.98,0.3555,6745094.08,1897354172.0,20.32,1,0.1,600107,*ST尔雅
sh.600203,2025-08-07,15.61,14.19,4,False,7.12,28.8688,2658572037.24,9209153263.0,68.76,0,0.1,600203,福日电子
sh.600246,2025-08-13,10.15,9.23,4,False,-0.87,15.8675,2851121723.87,17968310848.0,60.35,0,0.1,600246,万通发展
sh.600528,2025-07-24,11.01,10.01,4,True,9.99,8.1331,1989305924.37,24459381102.0,49.39,0,0.1,600528,中铁工业
sh.601003,2025-07-04,5.16,4.69,4,False,2.35,4.4566,581099610.53,13039079355.0,47.85,0,0.1,601003,柳钢股份
sh.601218,2025-07-03,5.47,4.97,4,True,10.06,1.5099,80032445.2,5300512961.0,51.94,0,0.1,601218,吉鑫科技
sh.601606,2025-08-07,51.68,46.98,4,False,8.51,18.2954,6653434789.83,36366708516.0,93.85,0,0.1,601606,长城军工
sh.601669,2025-07-24,7.45,6.77,4,False,3.4,17.0914,15856948335.81,92777351977.0,52.98,0,0.1,601669,中国电建
sh.603021,2025-08-20,4.47,4.26,4,False,1.41,1.802,25472921.4,1413591643.0,29.19,1,0.1,603021,*ST华鹏
sh.603177,2025-08-29,14.5,13.18,4,True,10.02,3.2156,95208363.0,2960827311.0,52.63,0,0.1,603177,德创环保
sh.603221,2025-08-18,16.85,15.32,4,True,9.99,0.6492,26500079.25,4081959219.0,45.51,0,0.1,603221,爱丽家居
sh.603280,2025-07-24,38.23,34.75,4,False,0.0,29.8456,310545299.77,1040506137.0,55.34,0,0.1,603280,南方路机
sh.603616,2025-07-24,6.61,6.01,4,False,-2.5,22.237,523638096.4,2354805488.0,44.64,0,0.1,603616,韩建河山
sh.603716,2025-07-04,21.08,19.16,4,True,10.02,2.611,105137870.2,4026728081.0,73.07,0,0.1,603716,塞力医疗
sh.603916,2025-07-24,13.99,12.72,4,False,9.98,14.0893,827981655.41,5876669923.0,56.14,0,0.1,603916,苏博特
sh.605028,2025-08-22,29.55,26.86,4,True,10.01,0.8969,42406909.5,4728164734.0,51.15,0,0.1,605028,世茂能源
sh.605033,2025-07-22,28.27,25.7,4,True,10.0,1.0428,39855046.0,3821926160.0,38.17,0,0.1,605033,美邦股份
sh.605162,2025-07-09,11.36,10.33,4,False,0.29,17.9264,767880723.04,4283518850.0,46.58,0,0.1,605162,新中港
sh.605169,2025-08-08,16.9,15.36,4,True,10.03,3.7434,178959609.4,4780670230.0,51.43,0,0.1,605169,洪通燃气
sz.000514,2025-07-10,6.86,6.24,4,False,2.24,9.2462,526592488.08,5695231426.0,51.43,0,0.1,000514,渝 开 发
sz.000607,2025-07-11,6.6,6.0,4,False,10.0,17.6344,1026120152.69,5818854924.0,62.16,0,0.1,000607,华媒控股
sz.000609,2025-08-26,4.21,4.01,4,False,1.75,10.1834,123005181.46,1207898948.0,34.08,1,0.1,000609,*ST中迪
sz.001226,2025-07-28,47.29,42.99,4,True,10.0,0.887,31320167.0,3531022210.0,69.86,0,0.1,001226,拓山重工
sz.001331,2025-08-04,15.39,13.99,4,True,10.01,5.5942,60748008.21,1085910554.0,51.78,0,0.1,001331,胜通能源
sz.001360,2025-07-23,20.78,18.89,4,True,10.01,3.0162,51256966.22,1699388841.0,49.82,0,0.1,001360,南矿集团
sz.002037,2025-07-24,14.19,12.9,4,False,10.0,14.2413,977426838.76,6863325952.0,54.74,0,0.1,002037,保利联合
sz.002097,2025-07-24,11.74,10.67,4,False,7.87,10.2094,1264862336.21,12389193647.0,44.76,0,0.1,002097,山河智能
sz.002148,2025-08-07,10.37,9.43,4,True,9.97,2.1883,101964321.25,4659522061.0,44.43,0,0.1,002148,北纬科技
sz.002158,2025-08-20,26.24,23.85,4,False,2.6,14.3173,1909049189.66,13333863156.0,47.09,0,0.1,002158,汉钟精机
sz.002177,2025-08-22,10.0,9.09,4,False,3.85,34.8315,2312397160.59,6638810159.0,52.44,0,0.1,002177,御银股份
sz.002190,2025-08-25,53.67,48.79,4,False,4.8,18.613,3536809923.86,19001826271.0,52.82,0,0.1,002190,成飞集成
sz.002209,2025-07-16,18.54,16.85,4,False,2.02,14.7455,409044698.53,2774030711.0,57.92,0,0.1,002209,达 意 隆
sz.002246,2025-07-22,21.53,19.57,4,True,10.02,0.4007,47361220.34,11819620749.0,67.29,0,0.1,002246,北化股份
sz.002313,2025-08-08,14.96,13.6,4,False,2.94,34.5411,1836697148.12,5317425178.0,54.71,0,0.1,002313,日海智能
sz.002536,2025-08-18,32.58,29.62,4,False,6.35,18.3877,3196920013.98,17386187582.0,105.55,0,0.1,002536,飞龙股份
sz.002645,2025-07-16,13.92,12.65,4,False,1.82,27.8259,1918763516.5,6895602717.0,50.65,0,0.1,002645,华宏科技
sz.002658,2025-07-03,10.42,9.47,4,False,10.03,15.4371,570287765.14,3694267480.0,42.74,0,0.1,002658,雪迪龙
sz.002775,2025-08-05,5.85,5.32,4,False,-0.38,31.9321,767587054.15,2403810129.0,51.16,0,0.1,002775,文科股份
sz.002827,2025-07-24,56.51,51.37,4,False,7.22,21.7356,3326935986.01,15306391294.0,66.79,0,0.1,002827,高争民爆
sz.002883,2025-07-24,16.79,15.26,4,False,0.85,49.683,945028457.66,1902116333.0,50.99,0,0.1,002883,*ST中设
sz.002939,2025-08-18,13.27,12.06,4,False,8.13,7.1792,3265099270.87,45479987615.0,48.6,0,0.1,002939,长城证券
sz.002941,2025-08-13,18.38,16.71,4,False,7.54,22.7313,2674936643.74,11767636007.0,60.1,0,0.1,002941,新疆交建
sz.301038,2025-07-24,33.38,27.82,4,False,-2.95,20.4667,1387606627.72,6779825901.0,97.75,0,0.2,301038,深水规院
sh.600053,2025-08-13,21.64,19.67,3,False,3.97,6.442,592191457.29,9192664658.0,39.52,0,0.1,600053,*ST九鼎
sh.600110,2025-08-19,8.47,7.7,3,False,7.79,21.3213,3082136168.81,14455667191.0,46.79,0,0.1,600110,诺德股份
sh.600113,2025-08-13,43.68,39.71,3,False,5.77,4.8068,845384495.91,17587261711.0,52.94,0,0.1,600113,浙江东日
sh.600192,2025-07-02,10.35,9.41,3,False,9.46,8.7154,393783816.87,4518252942.0,30.85,0,0.1,600192,长城电工
sh.600208,2025-08-15,5.48,4.98,3,True,10.04,0.5887,274481434.44,46625010097.0,47.31,0,0.1,600208,衢州发展
sh.600319,2025-07-02,7.9,7.18,3,False,8.5,18.9026,465940027.64,2464952058.0,35.74,0,0.1,600319,亚星化学
sh.600360,2025-07-30,8.66,8.25,3,True,4.97,0.3709,30842538.04,8315593971.0,9.62,1,0.1,600360,华微电子
sh.600513,2025-07-14,16.48,14.98,3,False,0.53,12.9567,591298946.18,4563653910.0,65.63,0,0.1,600513,联环药业
sh.600579,2025-07-31,11.13,10.12,3,False,9.98,18.1532,985659506.99,5429673595.0,39.82,0,0.1,600579,中化装备
sh.600581,2025-08-12,5.13,4.66,3,False,6.01,17.3331,1316686433.4,7596370144.0,56.88,0,0.1,600581,*ST八钢
sh.600606,2025-07-14,2.29,2.08,3,False,10.1,5.3092,1703792883.5,32091329833.0,37.95,0,0.1,600606,绿地控股
sh.600619,2025-08-13,25.28,22.98,3,False,2.31,22.7085,4344062245.74,19129674993.0,106.03,0,0.1,600619,海立股份
sh.600620,2025-07-18,7.74,7.04,3,False,0.85,11.2769,547399425.26,4854165819.0,51.17,0,0.1,600620,天宸股份
sh.600629,2025-07-22,11.58,10.53,3,True,9.97,0.7341,81026209.56,11037489383.0,39.86,0,0.1,600629,华建集团
sh.600658,2025-08-14,6.94,6.31,3,False,7.45,22.7367,1719938519.6,7564591694.0,55.61,0,0.1,600658,电子城
sh.600696,2025-08-05,6.33,6.03,3,False,1.66,2.1042,43864679.31,2084625003.0,-1.56,1,0.1,600696,?
sh.600737,2025-08-18,15.27,13.88,3,False,5.55,2.7886,894484457.13,32076470528.0,53.47,0,0.1,600737,中粮糖业
sh.600801,2025-07-23,17.44,15.85,3,False,10.03,9.9736,2338092052.64,23442809544.0,47.67,0,0.1,600801,华新建材
sh.600829,2025-07-21,10.16,9.24,3,False,9.96,13.2855,721361182.48,5429687874.0,40.72,0,0.1,600829,人民同泰
sh.600875,2025-07-23,23.74,21.58,3,False,10.01,10.5144,5045433382.46,47985937214.0,43.44,0,0.1,600875,东方电气
sh.601399,2025-07-23,4.09,3.72,3,False,7.53,4.2525,1216651481.45,28610264114.0,37.71,0,0.1,601399,国机重装
sh.601718,2025-07-01,4.31,3.92,3,True,9.95,0.547,103535949.22,18927961466.0,57.88,0,0.1,601718,ST际华
sh.601908,2025-07-14,4.64,4.22,3,True,9.95,0.8298,92973109.12,11204279238.0,49.2,0,0.1,601908,京运通
sh.603080,2025-08-12,26.74,24.31,3,False,0.0,11.2278,408778888.92,3640774586.0,52.71,0,0.1,603080,新疆火炬
sh.603083,2025-08-27,88.19,80.17,3,True,10.0,1.4664,346619242.11,23637427858.0,78.7,0,0.1,603083,剑桥科技
sh.603093,2025-07-11,27.79,25.26,3,False,1.78,8.4008,1330901355.06,15842554936.0,32.02,0,0.1,603093,南华期货
sh.603101,2025-08-22,11.45,10.41,3,False,3.84,3.1613,167926425.96,5311942111.0,42.41,0,0.1,603101,汇嘉时代
sh.603115,2025-07-18,19.64,17.85,3,False,8.85,10.7038,501066340.36,4681200512.0,39.79,0,0.1,603115,海星股份
sh.603176,2025-07-15,6.77,6.15,3,True,10.08,1.5051,47053192.5,3126250249.0,41.93,0,0.1,603176,汇通集团
sh.603256,2025-08-15,32.86,29.87,3,False,1.74,2.3086,650418838.4,28173734662.0,50.11,0,0.1,603256,宏和科技
sh.603367,2025-07-30,28.52,25.93,3,False,9.99,6.0379,776534787.4,12861007758.0,93.75,0,0.1,603367,辰欣药业
sh.603601,2025-07-02,4.92,4.47,3,False,10.07,13.5748,681419648.3,5019739873.0,32.61,0,0.1,603601,再升科技
sh.603778,2025-07-14,5.49,4.99,3,False,-1.8,29.0681,957571458.09,3294234773.0,73.19,0,0.1,603778,国晟科技
sh.603839,2025-07-31,9.44,8.58,3,True,10.02,1.349,49542375.52,3672525984.0,32.03,0,0.1,603839,安正时尚
sh.603843,2025-07-23,3.13,2.98,3,True,5.03,0.1164,2549009.4,2189870619.0,-13.06,1,0.1,603843,*ST正平
sh.603948,2025-08-29,29.17,26.52,3,True,9.99,3.0292,143576198.5,4739739816.0,32.17,0,0.1,603948,建业股份
sh.603966,2025-07-23,12.86,11.69,3,False,10.01,10.9515,560137756.0,5114712651.0,39.48,0,0.1,603966,法兰泰克
sh.605151,2025-07-02,23.47,21.34,3,True,9.98,1.0479,33092230.6,3157956923.0,25.64,0,0.1,605151,西上海
sh.605188,2025-08-13,14.63,13.3,3,False,10.0,11.7567,845411987.21,7190895296.0,37.76,0,0.1,605188,国光连锁
sh.605259,2025-07-15,26.47,24.06,3,False,3.08,7.2107,323468478.34,4485951133.0,37.15,0,0.1,605259,绿田机械
sh.605298,2025-08-13,23.82,21.65,3,False,10.02,8.1688,355274504.25,4349163944.0,60.51,0,0.1,605298,必得科技
sh.605399,2025-07-14,16.76,15.24,3,False,6.04,14.4702,714821175.2,4939953665.0,40.84,0,0.1,605399,晨光新材
sh.605598,2025-08-11,32.25,29.32,3,True,9.99,1.1595,90871341.0,7837114360.0,47.46,0,0.1,605598,上海港湾
sh.688098,2025-08-19,15.4,12.83,3,False,20.03,4.7639,295948897.64,6212323887.0,137.29,0,0.2,688098,申联生物
sh.688108,2025-08-11,24.53,20.44,3,False,10.96,21.9128,2180958719.36,9952898394.0,125.25,0,0.2,688108,赛诺医疗
sh.688228,2025-08-27,113.7,94.75,3,False,20.0,7.8206,600071810.07,7672963840.0,88.21,0,0.2,688228,开普云
sh.688425,2025-07-23,7.12,5.93,3,True,20.07,0.925,351276826.96,37975873185.0,72.82,0,0.2,688425,铁建重工
sz.000010,2025-07-11,3.98,3.62,3,True,9.94,4.9067,107589728.1,2192710541.0,26.35,0,0.1,000010,*ST美丽
sz.000488,2025-08-07,2.37,2.26,3,True,4.87,0.5684,22576027.5,3971855647.0,23.44,1,0.1,000488,ST晨鸣
sz.000561,2025-08-14,13.75,12.5,3,False,6.8,19.6451,1607329108.09,8181832152.0,41.9,0,0.1,000561,烽火电子
sz.000655,2025-07-10,9.77,8.88,3,False,1.35,19.1599,1068726253.55,5577932315.0,38.58,0,0.1,000655,金岭矿业
sz.000691,2025-07-09,4.82,4.59,3,False,1.31,6.652,100846990.74,1516040149.0,-2.23,1,0.1,000691,亚太实业
sz.000752,2025-07-23,9.71,9.25,3,True,4.97,0.2341,5995536.6,2561100641.0,19.14,1,0.1,000752,*ST西发
sz.000880,2025-07-16,45.78,41.62,3,False,7.83,6.7962,496725487.6,7308870951.0,45.66,0,0.1,000880,潍柴重机
sz.001216,2025-07-30,18.63,16.94,3,True,9.98,1.5769,73993888.8,4692364056.0,38.51,0,0.1,001216,华瓷股份
sz.001239,2025-07-23,21.07,19.15,3,True,10.03,7.5625,181650791.0,2401993931.0,42.75,0,0.1,001239,永达股份
sz.001318,2025-07-31,18.14,16.49,3,False,3.09,18.4451,923835694.54,5008569726.0,37.22,0,0.1,001318,阳光乳业
sz.002052,2025-08-13,13.16,11.96,3,False,10.03,9.1622,829663428.34,9055286158.0,18.03,0,0.1,002052,同洲电子
sz.002053,2025-08-29,14.99,13.63,3,False,-1.03,8.7557,1170163035.55,13364585762.0,40.62,0,0.1,002053,云南能投
sz.002058,2025-07-18,15.31,14.58,3,False,5.01,13.1155,286140607.37,2181698047.0,28.55,1,0.1,002058,威尔泰
sz.002096,2025-07-23,17.06,15.51,3,True,9.99,1.5678,187476605.0,11957941383.0,36.48,0,0.1,002096,易普力
sz.002104,2025-08-14,27.02,24.56,3,False,3.71,33.2428,5283506814.81,15893687700.0,13.29,0,0.1,002104,恒宝股份
sz.002201,2025-07-08,9.09,8.26,3,False,0.0,24.6446,1294712497.48,5253534233.0,45.44,0,0.1,002201,九鼎新材
sz.002217,2025-08-26,3.72,3.38,3,False,7.4,14.3119,2979594084.82,20818997372.0,50.0,0,0.1,002217,ST合力泰
sz.002218,2025-07-10,4.49,4.08,3,False,4.66,17.552,1076928237.93,6135644017.0,43.45,0,0.1,002218,拓日新能
sz.002232,2025-08-28,25.84,23.49,3,False,6.22,5.1481,537631669.44,10443302761.0,45.5,0,0.1,002232,启明信息
sz.002265,2025-07-21,36.98,33.62,3,False,0.15,15.6244,2264326745.67,14492247675.0,66.43,0,0.1,002265,建设工业
sz.002266,2025-07-23,4.47,4.06,3,False,10.1,6.1511,1331388948.09,21644729367.0,45.13,0,0.1,002266,浙富控股
sz.002272,2025-08-19,18.02,16.38,3,False,10.01,24.9687,1724061272.26,6904890011.0,58.77,0,0.1,002272,川润股份
sz.002287,2025-08-01,34.69,31.54,3,False,6.72,2.4556,446755255.12,18193323633.0,52.95,0,0.1,002287,奇正藏药
sz.002297,2025-07-23,10.53,9.57,3,True,10.03,1.4606,88146630.0,6034960290.0,37.47,0,0.1,002297,博云新材
sz.002307,2025-08-12,5.58,5.07,3,False,10.06,9.6748,681857939.84,7047772976.0,42.71,0,0.1,002307,北新路桥
sz.002364,2025-08-19,24.97,22.7,3,False,4.71,25.5885,3473156444.54,13573114659.0,60.27,0,0.1,002364,中恒电气
sz.002393,2025-07-17,26.27,23.88,3,False,6.78,13.7779,897118943.46,6511289409.0,38.85,0,0.1,002393,力生制药
sz.002394,2025-07-17,11.74,10.67,3,False,0.0,18.2955,666051127.73,3640518858.0,52.07,0,0.1,002394,联发股份
sz.002549,2025-07-02,12.46,11.33,3,False,2.03,27.0574,2216127768.99,8190468297.0,20.97,0,0.1,002549,凯美特气
sz.002623,2025-07-04,20.77,18.88,3,False,10.01,18.3145,755248607.6,4123774100.0,39.77,0,0.1,002623,亚玛顿
sz.002644,2025-07-30,11.76,10.69,3,False,-3.27,17.435,978439804.62,5611928905.0,41.52,0,0.1,002644,佛慈制药
sz.002721,2025-07-07,4.42,4.02,3,False,0.0,10.6999,1215658819.89,11361403563.0,30.0,0,0.1,002721,金一文化
sz.002820,2025-08-13,15.05,13.68,3,False,10.01,26.1438,775494760.47,2966266421.0,35.71,0,0.1,002820,桂发祥
sz.002873,2025-08-19,15.19,13.81,3,False,3.98,12.2725,437619192.15,3565852044.0,41.04,0,0.1,002873,新天药业
sz.002915,2025-08-07,26.87,24.43,3,False,9.99,21.5058,1659710576.28,7717502145.0,59.18,0,0.1,002915,中欣氟材
sz.002951,2025-07-09,17.3,15.73,3,False,8.07,2.7182,188847063.0,6947504341.0,29.2,0,0.1,002951,金时科技
sz.003001,2025-07-23,37.18,33.8,3,True,10.0,0.9765,38967986.2,3990577184.0,2.71,0,0.1,003001,中岩大地
sz.003002,2025-07-23,34.61,31.46,3,False,10.01,13.7068,865623658.59,6315286271.0,27.34,0,0.1,003002,壶化股份
sz.300289,2025-08-04,10.14,8.45,3,False,5.33,32.3099,1588173372.84,4915438837.0,88.13,0,0.2,300289,利德曼
sz.300486,2025-08-05,20.39,16.99,3,False,12.12,33.6593,2642802446.72,7851626287.0,146.55,0,0.2,300486,东杰智能
sz.300528,2025-07-30,25.32,21.1,3,False,6.68,16.8099,1525271077.67,9073647539.0,138.64,0,0.2,300528,幸福蓝海
sz.300564,2025-07-23,25.03,20.86,3,False,10.02,38.96,1054780288.47,2707341603.0,74.06,0,0.2,300564,筑博设计
